item_id,csv_row_number,question,column_used,expected_keys_json,model_name,view_name,rank,cosine_score,is_relevant,rowid,NCT,PubMed ID,Trial name,source_value,candidate_row_json
row_182,182,"In Hodgkin Lymphoma trials, classify the ICI by target class from its generic name as PD-1, PD-L1, or CTLA-4.",Name of ICI,"[""class""]",bert,column,1,0.7280997037887573,0,130,NCT02924883,33002436,KATE2,Atezolizumab+Trastuzumab emtansine+Placebo,"{""Author"": ""Emens LA et al"", ""Cancer type"": ""Breast"", ""Class of ICI"": ""PD-L1"", ""Clincal setting in relation to surgery"": ""Metastatic+recurrent (unresectable)"", ""Clinical setting"": ""Metastatic+recurrent (unresectable)"", ""Control arm"": ""HER2i"", ""Control regimen"": ""Trastuzumab emtansine+placebo"", ""Follow-up duration for primary endpoint(s) in months | Control"": ""8.4"", ""Follow-up duration for primary endpoint(s) in months | Overall"": null, ""Follow-up duration for primary endpoint(s) in months | Rx"": ""8.5"", ""Included in MA"": null, ""Is PD-L1 positivity inclusion criteria"": ""No"", ""Is any other biomarker used for inclusion"": ""Yes"", ""Lines of treatment"": ""1st and later line of treatment for metastatic disease"", ""Monotherapy/combination"": ""Combination"", ""NCT"": ""NCT02924883"", ""Name of ICI"": ""Atezolizumab+Trastuzumab emtansine+Placebo"", ""Number of arms"": 2, ""Originial publication or Follow-up"": ""Original publication"", ""Priamry Multiple, composite, or co-primary endpoints?"": null, ""Primary endpoint"": ""PFS"", ""PubMed ID"": ""33002436"", ""Secondary endpoint"": ""OS, ORR, DOR"", ""Total sample size"": 202, ""Treatment regimen"": ""Atezolizumab"", ""Trial name"": ""KATE2"", ""Trial phase"": ""Phase 2"", ""Type of combination"": ""ICI+HER2i"", ""Type of control"": ""HER2i"", ""Type of follow-up given"": ""Median"", ""Type of therapy"": ""Combination"", ""Year"": 2020, ""__rowid__"": 130}"
row_182,182,"In Hodgkin Lymphoma trials, classify the ICI by target class from its generic name as PD-1, PD-L1, or CTLA-4.",Name of ICI,"[""class""]",bert,column,2,0.7068800926208496,0,2,NCT02256436,28212060,Keynote-045,Pembrolizumab,"{""Author"": ""Bellmunt J et al"", ""Cancer type"": ""Bladder"", ""Class of ICI"": ""PD1"", ""Clincal setting in relation to surgery"": ""Metastatic+recurrent (unresectable)"", ""Clinical setting"": ""Metastatic+recurrent (unresectable)"", ""Control arm"": ""Chemo"", ""Control regimen"": ""Vinflunine+Paclitaxel+Docetaxel"", ""Follow-up duration for primary endpoint(s) in months | Control"": null, ""Follow-up duration for primary endpoint(s) in months | Overall"": ""14.1"", ""Follow-up duration for primary endpoint(s) in months | Rx"": null, ""Included in MA"": ""Yes"", ""Is PD-L1 positivity inclusion criteria"": ""No"", ""Is any other biomarker used for inclusion"": ""No"", ""Lines of treatment"": ""1st and later line of treatment for metastatic disease"", ""Monotherapy/combination"": ""Monotherapy"", ""NCT"": ""NCT02256436"", ""Name of ICI"": ""Pembrolizumab"", ""Number of arms"": 2, ""Originial publication or Follow-up"": ""Original publication"", ""Priamry Multiple, composite, or co-primary endpoints?"": ""Multiple"", ""Primary endpoint"": ""OS+PFS"", ""PubMed ID"": ""28212060"", ""Secondary endpoint"": ""Safety, tolerability, ORR, DoR"", ""Total sample size"": 542, ""Treatment regimen"": ""Pembrolizumab"", ""Trial name"": ""Keynote-045"", ""Trial phase"": ""Phase 3"", ""Type of combination"": null, ""Type of control"": ""Chemo"", ""Type of follow-up given"": ""Median"", ""Type of therapy"": ""Monotherapy"", ""Year"": 2017, ""__rowid__"": 2}"
row_182,182,"In Hodgkin Lymphoma trials, classify the ICI by target class from its generic name as PD-1, PD-L1, or CTLA-4.",Name of ICI,"[""class""]",bert,column,3,0.7068800926208496,0,11,NCT02370498,29880231,Keynote-061,Pembrolizumab,"{""Author"": ""Shitara K et al"", ""Cancer type"": ""Gastric/GEJ"", ""Class of ICI"": ""PD1"", ""Clincal setting in relation to surgery"": ""Metastatic+recurrent (unresectable)"", ""Clinical setting"": ""Metastatic+recurrent (unresectable)"", ""Control arm"": ""Chemo"", ""Control regimen"": ""Paclitaxel"", ""Follow-up duration for primary endpoint(s) in months | Control"": null, ""Follow-up duration for primary endpoint(s) in months | Overall"": ""7.9"", ""Follow-up duration for primary endpoint(s) in months | Rx"": null, ""Included in MA"": ""Yes"", ""Is PD-L1 positivity inclusion criteria"": ""No"", ""Is any other biomarker used for inclusion"": ""No"", ""Lines of treatment"": ""Only 2nd or later line of treatment for metastatic disease"", ""Monotherapy/combination"": ""Monotherapy"", ""NCT"": ""NCT02370498"", ""Name of ICI"": ""Pembrolizumab"", ""Number of arms"": 2, ""Originial publication or Follow-up"": ""Original publication"", ""Priamry Multiple, composite, or co-primary endpoints?"": ""Multiple"", ""Primary endpoint"": ""OS+PFS"", ""PubMed ID"": ""29880231"", ""Secondary endpoint"": ""ORR, DoR, in patients with PD-L1 CPS of 1 or higher and in the total population; PFS, OS in the total population; PFS in the population with CPS of 1 or higher and in the total population; and time to progression in the population with CPS of 1 or higher and in the total population; safety"", ""Total sample size"": 395, ""Treatment regimen"": ""Pembrolizumab"", ""Trial name"": ""Keynote-061"", ""Trial phase"": ""Phase 3"", ""Type of combination"": null, ""Type of control"": ""Chemo"", ""Type of follow-up given"": ""Median"", ""Type of therapy"": ""Monotherapy"", ""Year"": 2018, ""__rowid__"": 11}"
row_182,182,"In Hodgkin Lymphoma trials, classify the ICI by target class from its generic name as PD-1, PD-L1, or CTLA-4.",Name of ICI,"[""class""]",bert,column,4,0.7068800926208496,0,3,NCT02256436,31050707,Keynote-045,Pembrolizumab,"{""Author"": ""Fradet Y et al"", ""Cancer type"": ""Bladder"", ""Class of ICI"": ""PD1"", ""Clincal setting in relation to surgery"": ""Metastatic+recurrent (unresectable)"", ""Clinical setting"": ""Metastatic+recurrent (unresectable)"", ""Control arm"": ""Chemo"", ""Control regimen"": ""Vinflunine+Paclitaxel+Docetaxel"", ""Follow-up duration for primary endpoint(s) in months | Control"": null, ""Follow-up duration for primary endpoint(s) in months | Overall"": ""27.7"", ""Follow-up duration for primary endpoint(s) in months | Rx"": null, ""Included in MA"": ""Yes"", ""Is PD-L1 positivity inclusion criteria"": ""No"", ""Is any other biomarker used for inclusion"": ""No"", ""Lines of treatment"": ""1st and later line of treatment for metastatic disease"", ""Monotherapy/combination"": ""Monotherapy"", ""NCT"": ""NCT02256436"", ""Name of ICI"": ""Pembrolizumab"", ""Number of arms"": 2, ""Originial publication or Follow-up"": ""Follow-up"", ""Priamry Multiple, composite, or co-primary endpoints?"": ""Multiple"", ""Primary endpoint"": ""OS+PFS"", ""PubMed ID"": ""31050707"", ""Secondary endpoint"": ""Safety, tolerability, ORR, DoR"", ""Total sample size"": 542, ""Treatment regimen"": ""Pembrolizumab"", ""Trial name"": ""Keynote-045"", ""Trial phase"": ""Phase 3"", ""Type of combination"": null, ""Type of control"": ""Chemo"", ""Type of follow-up given"": ""Median"", ""Type of therapy"": ""Monotherapy"", ""Year"": 2019, ""__rowid__"": 3}"
row_182,182,"In Hodgkin Lymphoma trials, classify the ICI by target class from its generic name as PD-1, PD-L1, or CTLA-4.",Name of ICI,"[""class""]",bert,column,5,0.7068800926208496,0,30,NCT01905657,26712084,Keynote-010,Pembrolizumab,"{""Author"": ""Herbst RS et al (1)"", ""Cancer type"": ""Non-Small Cell Lung"", ""Class of ICI"": ""PD1"", ""Clincal setting in relation to surgery"": ""Metastatic+recurrent (unresectable)"", ""Clinical setting"": ""Metastatic+recurrent (unresectable)"", ""Control arm"": ""Chemo"", ""Control regimen"": ""Docetaxel"", ""Follow-up duration for primary endpoint(s) in months | Control"": ""8.5"", ""Follow-up duration for primary endpoint(s) in months | Overall"": null, ""Follow-up duration for primary endpoint(s) in months | Rx"": ""12.7 (Pembrolizumab 10mg/kg)"", ""Included in MA"": ""Yes"", ""Is PD-L1 positivity inclusion criteria"": ""Yes"", ""Is any other biomarker used for inclusion"": ""No"", ""Lines of treatment"": ""Only 2nd or later line of treatment for metastatic disease"", ""Monotherapy/combination"": ""Monotherapy"", ""NCT"": ""NCT01905657"", ""Name of ICI"": ""Pembrolizumab"", ""Number of arms"": 3, ""Originial publication or Follow-up"": ""Original publication"", ""Priamry Multiple, composite, or co-primary endpoints?"": ""Multiple"", ""Primary endpoint"": ""OS+PFS"", ""PubMed ID"": ""26712084"", ""Secondary endpoint"": ""RR, DOR"", ""Total sample size"": 1034, ""Treatment regimen"": ""Pembrolizumab"", ""Trial name"": ""Keynote-010"", ""Trial phase"": ""Phase 2"", ""Type of combination"": null, ""Type of control"": ""Chemo"", ""Type of follow-up given"": ""Median"", ""Type of therapy"": ""Monotherapy"", ""Year"": 2016, ""__rowid__"": 30}"
row_182,182,"In Hodgkin Lymphoma trials, classify the ICI by target class from its generic name as PD-1, PD-L1, or CTLA-4.",Name of ICI,"[""class""]",bert,column,6,0.7068800926208496,0,29,NCT01905657,26712084,Keynote-010,Pembrolizumab,"{""Author"": ""Herbst RS et al"", ""Cancer type"": ""Non-Small Cell Lung"", ""Class of ICI"": ""PD1"", ""Clincal setting in relation to surgery"": ""Metastatic+recurrent (unresectable)"", ""Clinical setting"": ""Metastatic+recurrent (unresectable)"", ""Control arm"": ""Chemo"", ""Control regimen"": ""Docetaxel"", ""Follow-up duration for primary endpoint(s) in months | Control"": ""8.5"", ""Follow-up duration for primary endpoint(s) in months | Overall"": null, ""Follow-up duration for primary endpoint(s) in months | Rx"": ""10.4(Pembrolizumab 2mg/kg)"", ""Included in MA"": ""Yes"", ""Is PD-L1 positivity inclusion criteria"": ""Yes"", ""Is any other biomarker used for inclusion"": ""No"", ""Lines of treatment"": ""Only 2nd or later line of treatment for metastatic disease"", ""Monotherapy/combination"": ""Monotherapy"", ""NCT"": ""NCT01905657"", ""Name of ICI"": ""Pembrolizumab"", ""Number of arms"": 3, ""Originial publication or Follow-up"": ""Original publication"", ""Priamry Multiple, composite, or co-primary endpoints?"": ""Multiple"", ""Primary endpoint"": ""OS+PFS"", ""PubMed ID"": ""26712084"", ""Secondary endpoint"": ""RR, DOR"", ""Total sample size"": 1034, ""Treatment regimen"": ""Pembrolizumab"", ""Trial name"": ""Keynote-010"", ""Trial phase"": ""Phase 2"", ""Type of combination"": null, ""Type of control"": ""Chemo"", ""Type of follow-up given"": ""Median"", ""Type of therapy"": ""Monotherapy"", ""Year"": 2016, ""__rowid__"": 29}"
row_182,182,"In Hodgkin Lymphoma trials, classify the ICI by target class from its generic name as PD-1, PD-L1, or CTLA-4.",Name of ICI,"[""class""]",bert,column,7,0.7068800926208496,0,21,NCT02853331,30779529,KEYNOTE-426,Pembrolizumab,"{""Author"": ""Rini BI et al"", ""Cancer type"": ""Renal cell"", ""Class of ICI"": ""PD1"", ""Clincal setting in relation to surgery"": ""Metastatic+recurrent (unresectable)"", ""Clinical setting"": ""Metastatic+recurrent (unresectable)"", ""Control arm"": ""TKI"", ""Control regimen"": ""Sunitinib"", ""Follow-up duration for primary endpoint(s) in months | Control"": null, ""Follow-up duration for primary endpoint(s) in months | Overall"": ""12.8"", ""Follow-up duration for primary endpoint(s) in months | Rx"": null, ""Included in MA"": ""Yes"", ""Is PD-L1 positivity inclusion criteria"": ""No"", ""Is any other biomarker used for inclusion"": ""No"", ""Lines of treatment"": ""Only 1st line of treatment for metastatic disease"", ""Monotherapy/combination"": ""Combination"", ""NCT"": ""NCT02853331"", ""Name of ICI"": ""Pembrolizumab"", ""Number of arms"": 2, ""Originial publication or Follow-up"": ""Original publication"", ""Priamry Multiple, composite, or co-primary endpoints?"": ""Multiple"", ""Primary endpoint"": ""OS+PFS"", ""PubMed ID"": ""30779529"", ""Secondary endpoint"": ""ORR; duration of response; safety"", ""Total sample size"": 861, ""Treatment regimen"": ""Pembrolizumab+Axitinib"", ""Trial name"": ""KEYNOTE-426"", ""Trial phase"": ""Phase 3"", ""Type of combination"": ""ICI+TKI"", ""Type of control"": ""TKI"", ""Type of follow-up given"": ""Median"", ""Type of therapy"": ""Combination"", ""Year"": 2019, ""__rowid__"": 21}"
row_182,182,"In Hodgkin Lymphoma trials, classify the ICI by target class from its generic name as PD-1, PD-L1, or CTLA-4.",Name of ICI,"[""class""]",bert,column,8,0.7068800926208496,0,12,NCT02252042,30509740,KEYNOTE-040,Pembrolizumab,"{""Author"": ""Cohen EEW et al"", ""Cancer type"": ""Head and Neck"", ""Class of ICI"": ""PD1"", ""Clincal setting in relation to surgery"": ""Metastatic+recurrent (unresectable)"", ""Clinical setting"": ""Metastatic+recurrent (unresectable)"", ""Control arm"": ""Chemo/Anti-EGFR"", ""Control regimen"": ""Methotrexate/Docetaxel/Cetuximab"", ""Follow-up duration for primary endpoint(s) in months | Control"": ""7.1"", ""Follow-up duration for primary endpoint(s) in months | Overall"": null, ""Follow-up duration for primary endpoint(s) in months | Rx"": ""7.5"", ""Included in MA"": ""Yes"", ""Is PD-L1 positivity inclusion criteria"": ""No"", ""Is any other biomarker used for inclusion"": ""No"", ""Lines of treatment"": ""1st and later line of treatment for metastatic disease"", ""Monotherapy/combination"": ""Monotherapy"", ""NCT"": ""NCT02252042"", ""Name of ICI"": ""Pembrolizumab"", ""Number of arms"": 2, ""Originial publication or Follow-up"": ""Original publication"", ""Priamry Multiple, composite, or co-primary endpoints?"": null, ""Primary endpoint"": ""OS"", ""PubMed ID"": ""30509740"", ""Secondary endpoint"": ""OS in the population with \na PD-L1 combined positive \nscore of 1 or higher; safety, \nPFS,ORR, duration of \nconfirmed response in all \nparticipants and those with a PD-L1 combined positive score of 1 or higher."", ""Total sample size"": 495, ""Treatment regimen"": ""Pembrolizumab"", ""Trial name"": ""KEYNOTE-040"", ""Trial phase"": ""Phase 3"", ""Type of combination"": null, ""Type of control"": ""Chemo/Anti-EGFR"", ""Type of follow-up given"": ""Median"", ""Type of therapy"": ""Monotherapy"", ""Year"": 2018, ""__rowid__"": 12}"
row_182,182,"In Hodgkin Lymphoma trials, classify the ICI by target class from its generic name as PD-1, PD-L1, or CTLA-4.",Name of ICI,"[""class""]",bert,column,9,0.7068800926208496,0,52,NCT02220894,30955977,Keynote-042,Pembrolizumab,"{""Author"": ""Mok TSK et al"", ""Cancer type"": ""Non-Small Cell Lung"", ""Class of ICI"": ""PD1"", ""Clincal setting in relation to surgery"": ""Metastatic+recurrent (unresectable)"", ""Clinical setting"": ""Metastatic+recurrent (unresectable)"", ""Control arm"": ""Chemo"", ""Control regimen"": ""Carboplatin+Pemetrexed+Paclitaxel"", ""Follow-up duration for primary endpoint(s) in months | Control"": null, ""Follow-up duration for primary endpoint(s) in months | Overall"": ""12.8"", ""Follow-up duration for primary endpoint(s) in months | Rx"": null, ""Included in MA"": ""Yes"", ""Is PD-L1 positivity inclusion criteria"": ""Yes"", ""Is any other biomarker used for inclusion"": ""No"", ""Lines of treatment"": ""Only 1st line of treatment for metastatic disease"", ""Monotherapy/combination"": ""Monotherapy"", ""NCT"": ""NCT02220894"", ""Name of ICI"": ""Pembrolizumab"", ""Number of arms"": 2, ""Originial publication or Follow-up"": ""Original publication"", ""Priamry Multiple, composite, or co-primary endpoints?"": null, ""Primary endpoint"": ""OS"", ""PubMed ID"": ""30955977"", ""Secondary endpoint"": ""PFS, ORR in pts with PD-L1 TPS of >=50%; >=20%; >=1%"", ""Total sample size"": 1274, ""Treatment regimen"": ""Pembrolizumab"", ""Trial name"": ""Keynote-042"", ""Trial phase"": ""Phase 3"", ""Type of combination"": null, ""Type of control"": ""Chemo"", ""Type of follow-up given"": ""Median"", ""Type of therapy"": ""Monotherapy"", ""Year"": 2019, ""__rowid__"": 52}"
row_182,182,"In Hodgkin Lymphoma trials, classify the ICI by target class from its generic name as PD-1, PD-L1, or CTLA-4.",Name of ICI,"[""class""]",bert,column,10,0.7068800926208496,0,54,NCT02142738,30620668,Keynote-024,Pembrolizumab,"{""Author"": ""Reck M et al"", ""Cancer type"": ""Non-Small Cell Lung"", ""Class of ICI"": ""PD1"", ""Clincal setting in relation to surgery"": ""Metastatic+recurrent (unresectable)"", ""Clinical setting"": ""Metastatic+recurrent (unresectable)"", ""Control arm"": ""Chemo"", ""Control regimen"": ""Platinum-based chemotherapy"", ""Follow-up duration for primary endpoint(s) in months | Control"": null, ""Follow-up duration for primary endpoint(s) in months | Overall"": ""25.2"", ""Follow-up duration for primary endpoint(s) in months | Rx"": null, ""Included in MA"": ""Yes"", ""Is PD-L1 positivity inclusion criteria"": ""Yes"", ""Is any other biomarker used for inclusion"": ""No"", ""Lines of treatment"": ""Only 1st line of treatment for metastatic disease"", ""Monotherapy/combination"": ""Monotherapy"", ""NCT"": ""NCT02142738"", ""Name of ICI"": ""Pembrolizumab"", ""Number of arms"": 2, ""Originial publication or Follow-up"": ""Follow-up"", ""Priamry Multiple, composite, or co-primary endpoints?"": null, ""Primary endpoint"": ""PFS"", ""PubMed ID"": ""30620668"", ""Secondary endpoint"": ""OS, ORR, safety"", ""Total sample size"": 305, ""Treatment regimen"": ""Pembrolizumab"", ""Trial name"": ""Keynote-024"", ""Trial phase"": ""Phase 3"", ""Type of combination"": null, ""Type of control"": ""Chemo"", ""Type of follow-up given"": ""Median"", ""Type of therapy"": ""Monotherapy"", ""Year"": 2019, ""__rowid__"": 54}"
row_182,182,"In Hodgkin Lymphoma trials, classify the ICI by target class from its generic name as PD-1, PD-L1, or CTLA-4.",Name of ICI,"[""class""]",bert,column,11,0.7068800926208496,0,64,NCT01704287,26115796,KEYNOTE-002,Pembrolizumab,"{""Author"": ""Ribas A et al (1)"", ""Cancer type"": ""Melanoma"", ""Class of ICI"": ""PD1"", ""Clincal setting in relation to surgery"": ""Metastatic+recurrent (unresectable)"", ""Clinical setting"": ""Metastatic+recurrent (unresectable)"", ""Control arm"": ""Chemo"", ""Control regimen"": ""Investigator's choice chemotherapy"", ""Follow-up duration for primary endpoint(s) in months | Control"": null, ""Follow-up duration for primary endpoint(s) in months | Overall"": ""10"", ""Follow-up duration for primary endpoint(s) in months | Rx"": null, ""Included in MA"": ""Yes"", ""Is PD-L1 positivity inclusion criteria"": ""No"", ""Is any other biomarker used for inclusion"": ""No"", ""Lines of treatment"": ""1st and later line of treatment for metastatic disease"", ""Monotherapy/combination"": ""Monotherapy"", ""NCT"": ""NCT01704287"", ""Name of ICI"": ""Pembrolizumab"", ""Number of arms"": 3, ""Originial publication or Follow-up"": ""Original publication"", ""Priamry Multiple, composite, or co-primary endpoints?"": ""Co-primary"", ""Primary endpoint"": ""OS+PFS"", ""PubMed ID"": ""26115796"", ""Secondary endpoint"": ""ORR; response duration; time from best overall response of complete or partial response until disease progression; safety."", ""Total sample size"": 540, ""Treatment regimen"": ""Pembrolizumab 10 mg/kg"", ""Trial name"": ""KEYNOTE-002"", ""Trial phase"": ""Phase 2"", ""Type of combination"": null, ""Type of control"": ""Chemo"", ""Type of follow-up given"": ""Median"", ""Type of therapy"": ""Monotherapy"", ""Year"": 2015, ""__rowid__"": 64}"
row_182,182,"In Hodgkin Lymphoma trials, classify the ICI by target class from its generic name as PD-1, PD-L1, or CTLA-4.",Name of ICI,"[""class""]",bert,column,12,0.7068800926208496,0,63,NCT01704287,26115796,KEYNOTE-002,Pembrolizumab,"{""Author"": ""Ribas A et al"", ""Cancer type"": ""Melanoma"", ""Class of ICI"": ""PD1"", ""Clincal setting in relation to surgery"": ""Metastatic+recurrent (unresectable)"", ""Clinical setting"": ""Metastatic+recurrent (unresectable)"", ""Control arm"": ""Chemo"", ""Control regimen"": ""Investigator's choice chemotherapy"", ""Follow-up duration for primary endpoint(s) in months | Control"": null, ""Follow-up duration for primary endpoint(s) in months | Overall"": ""10"", ""Follow-up duration for primary endpoint(s) in months | Rx"": null, ""Included in MA"": ""Yes"", ""Is PD-L1 positivity inclusion criteria"": ""No"", ""Is any other biomarker used for inclusion"": ""No"", ""Lines of treatment"": ""1st and later line of treatment for metastatic disease"", ""Monotherapy/combination"": ""Monotherapy"", ""NCT"": ""NCT01704287"", ""Name of ICI"": ""Pembrolizumab"", ""Number of arms"": 3, ""Originial publication or Follow-up"": ""Original publication"", ""Priamry Multiple, composite, or co-primary endpoints?"": ""Co-primary"", ""Primary endpoint"": ""OS+PFS"", ""PubMed ID"": ""26115796"", ""Secondary endpoint"": ""ORR; response duration; time from best overall response of complete or partial response until disease progression; safety."", ""Total sample size"": 540, ""Treatment regimen"": ""Pembrolizumab 2 mg/kg"", ""Trial name"": ""KEYNOTE-002"", ""Trial phase"": ""Phase 2"", ""Type of combination"": null, ""Type of control"": ""Chemo"", ""Type of follow-up given"": ""Median"", ""Type of therapy"": ""Monotherapy"", ""Year"": 2015, ""__rowid__"": 63}"
row_182,182,"In Hodgkin Lymphoma trials, classify the ICI by target class from its generic name as PD-1, PD-L1, or CTLA-4.",Name of ICI,"[""class""]",bert,column,13,0.7068800926208496,0,42,NCT02578680,29658856,Keynote-189,Pembrolizumab,"{""Author"": ""Gandhi L et al"", ""Cancer type"": ""Non-Small Cell Lung"", ""Class of ICI"": ""PD1"", ""Clincal setting in relation to surgery"": ""Metastatic+recurrent (unresectable)"", ""Clinical setting"": ""Metastatic+recurrent (unresectable)"", ""Control arm"": ""Chemo"", ""Control regimen"": ""Placebo+Pemetrexed+Platinum agent"", ""Follow-up duration for primary endpoint(s) in months | Control"": null, ""Follow-up duration for primary endpoint(s) in months | Overall"": ""10.5"", ""Follow-up duration for primary endpoint(s) in months | Rx"": null, ""Included in MA"": ""Yes"", ""Is PD-L1 positivity inclusion criteria"": ""No"", ""Is any other biomarker used for inclusion"": ""No"", ""Lines of treatment"": ""Only 1st line of treatment for metastatic disease"", ""Monotherapy/combination"": ""Combination"", ""NCT"": ""NCT02578680"", ""Name of ICI"": ""Pembrolizumab"", ""Number of arms"": 2, ""Originial publication or Follow-up"": ""Original publication"", ""Priamry Multiple, composite, or co-primary endpoints?"": ""Multiple"", ""Primary endpoint"": ""OS+PFS"", ""PubMed ID"": ""29658856"", ""Secondary endpoint"": ""ORR, DOR, safety"", ""Total sample size"": 616, ""Treatment regimen"": ""Pembrolizumab+Platinum agent"", ""Trial name"": ""Keynote-189"", ""Trial phase"": ""Phase 3"", ""Type of combination"": ""ICI+Chemo"", ""Type of control"": ""Chemo"", ""Type of follow-up given"": ""Median"", ""Type of therapy"": ""Combination"", ""Year"": 2018, ""__rowid__"": 42}"
row_182,182,"In Hodgkin Lymphoma trials, classify the ICI by target class from its generic name as PD-1, PD-L1, or CTLA-4.",Name of ICI,"[""class""]",bert,column,14,0.7068800926208496,0,44,NCT02775435,30280635,Keynote-407,Pembrolizumab,"{""Author"": ""Paz-Ares L et al"", ""Cancer type"": ""Non-Small Cell Lung"", ""Class of ICI"": ""PD1"", ""Clincal setting in relation to surgery"": ""Metastatic+recurrent (unresectable)"", ""Clinical setting"": ""Metastatic+recurrent (unresectable)"", ""Control arm"": ""Chemo"", ""Control regimen"": ""Placebo+Carboplatin+paclitaxel/nab-paclitaxel"", ""Follow-up duration for primary endpoint(s) in months | Control"": null, ""Follow-up duration for primary endpoint(s) in months | Overall"": ""7.8"", ""Follow-up duration for primary endpoint(s) in months | Rx"": null, ""Included in MA"": ""No"", ""Is PD-L1 positivity inclusion criteria"": ""No"", ""Is any other biomarker used for inclusion"": ""No"", ""Lines of treatment"": ""Only 1st line of treatment for metastatic disease"", ""Monotherapy/combination"": ""Combination"", ""NCT"": ""NCT02775435"", ""Name of ICI"": ""Pembrolizumab"", ""Number of arms"": 2, ""Originial publication or Follow-up"": ""Original publication"", ""Priamry Multiple, composite, or co-primary endpoints?"": ""Multiple"", ""Primary endpoint"": ""OS+PFS"", ""PubMed ID"": ""30280635"", ""Secondary endpoint"": ""ORR, DOR, safety"", ""Total sample size"": 559, ""Treatment regimen"": ""Pembrolizumab+Carboplatin+Paclitaxel/nab-paclitaxel"", ""Trial name"": ""Keynote-407"", ""Trial phase"": ""Phase 3"", ""Type of combination"": ""ICI+Chemo"", ""Type of control"": ""Chemo"", ""Type of follow-up given"": ""Median"", ""Type of therapy"": ""Combination"", ""Year"": 2018, ""__rowid__"": 44}"
row_182,182,"In Hodgkin Lymphoma trials, classify the ICI by target class from its generic name as PD-1, PD-L1, or CTLA-4.",Name of ICI,"[""class""]",bert,column,15,0.7068800926208496,0,38,NCT02039674,27745820,Keynote-021,Pembrolizumab,"{""Author"": ""Langer JC et al"", ""Cancer type"": ""Non-Small Cell Lung"", ""Class of ICI"": ""PD1"", ""Clincal setting in relation to surgery"": ""Metastatic+recurrent (unresectable)"", ""Clinical setting"": ""Metastatic+recurrent (unresectable)"", ""Control arm"": ""Chemo"", ""Control regimen"": ""Pemetrexed+Carboplatin"", ""Follow-up duration for primary endpoint(s) in months | Control"": null, ""Follow-up duration for primary endpoint(s) in months | Overall"": ""10.6"", ""Follow-up duration for primary endpoint(s) in months | Rx"": null, ""Included in MA"": ""Yes"", ""Is PD-L1 positivity inclusion criteria"": ""Yes"", ""Is any other biomarker used for inclusion"": ""Yes"", ""Lines of treatment"": ""Only 1st line of treatment for metastatic disease"", ""Monotherapy/combination"": ""Combination"", ""NCT"": ""NCT02039674"", ""Name of ICI"": ""Pembrolizumab"", ""Number of arms"": 2, ""Originial publication or Follow-up"": ""Original publication"", ""Priamry Multiple, composite, or co-primary endpoints?"": null, ""Primary endpoint"": ""ORR"", ""PubMed ID"": ""27745820"", ""Secondary endpoint"": ""PFS, DOR, OS"", ""Total sample size"": 123, ""Treatment regimen"": ""Pembrolizumab+Pemetrexed+Carboplatin"", ""Trial name"": ""Keynote-021"", ""Trial phase"": ""Phase 2"", ""Type of combination"": ""ICI+Chemo"", ""Type of control"": ""Chemo"", ""Type of follow-up given"": ""Median"", ""Type of therapy"": ""Combination"", ""Year"": 2016, ""__rowid__"": 38}"
row_182,182,"In Hodgkin Lymphoma trials, classify the ICI by target class from its generic name as PD-1, PD-L1, or CTLA-4.",Name of ICI,"[""class""]",bert,column,16,0.7068800926208496,0,62,NCT02362594,29658430,EORTC 1325-MG/KEYNOTE-054,Pembrolizumab,"{""Author"": ""Eggermont AMM et al"", ""Cancer type"": ""Melanoma"", ""Class of ICI"": ""PD1"", ""Clincal setting in relation to surgery"": ""Adjuvant"", ""Clinical setting"": ""Adjuvant"", ""Control arm"": ""Placebo"", ""Control regimen"": ""Placebo"", ""Follow-up duration for primary endpoint(s) in months | Control"": ""15.4"", ""Follow-up duration for primary endpoint(s) in months | Overall"": ""15.1"", ""Follow-up duration for primary endpoint(s) in months | Rx"": ""14.7"", ""Included in MA"": ""Yes"", ""Is PD-L1 positivity inclusion criteria"": ""No"", ""Is any other biomarker used for inclusion"": ""No"", ""Lines of treatment"": null, ""Monotherapy/combination"": ""Monotherapy"", ""NCT"": ""NCT02362594"", ""Name of ICI"": ""Pembrolizumab"", ""Number of arms"": 2, ""Originial publication or Follow-up"": ""Original publication"", ""Priamry Multiple, composite, or co-primary endpoints?"": null, ""Primary endpoint"": ""PFS"", ""PubMed ID"": ""29658430"", ""Secondary endpoint"": ""Distant metastasis-free survival; OS; safety measures; measures of health-related quality of life."", ""Total sample size"": 1019, ""Treatment regimen"": ""Pembrolizumab"", ""Trial name"": ""EORTC 1325-MG/KEYNOTE-054"", ""Trial phase"": ""Phase 3"", ""Type of combination"": null, ""Type of control"": ""Placebo"", ""Type of follow-up given"": ""Median"", ""Type of therapy"": ""Monotherapy"", ""Year"": 2018, ""__rowid__"": 62}"
row_182,182,"In Hodgkin Lymphoma trials, classify the ICI by target class from its generic name as PD-1, PD-L1, or CTLA-4.",Name of ICI,"[""class""]",bert,column,17,0.7068800926208496,0,98,NCT03066778,32468956,KEYNOTE-604,Pembrolizumab,"{""Author"": ""Rudin CM et al"", ""Cancer type"": ""Small Cell Lung"", ""Class of ICI"": ""PD1"", ""Clincal setting in relation to surgery"": ""Metastatic+recurrent (unresectable)"", ""Clinical setting"": ""Metastatic+recurrent (unresectable)"", ""Control arm"": ""Chemo"", ""Control regimen"": ""Placebo+Etoposide+Platinum agent"", ""Follow-up duration for primary endpoint(s) in months | Control"": null, ""Follow-up duration for primary endpoint(s) in months | Overall"": null, ""Follow-up duration for primary endpoint(s) in months | Rx"": null, ""Included in MA"": ""Yes"", ""Is PD-L1 positivity inclusion criteria"": ""No"", ""Is any other biomarker used for inclusion"": ""No"", ""Lines of treatment"": ""Only 1st line of treatment for metastatic disease"", ""Monotherapy/combination"": ""Combination"", ""NCT"": ""NCT03066778"", ""Name of ICI"": ""Pembrolizumab"", ""Number of arms"": 2, ""Originial publication or Follow-up"": ""Original publication"", ""Priamry Multiple, composite, or co-primary endpoints?"": ""Multiple"", ""Primary endpoint"": ""OS+PFS"", ""PubMed ID"": ""32468956"", ""Secondary endpoint"": ""ORR; DOR"", ""Total sample size"": 453, ""Treatment regimen"": ""Pembrolizumab+Etoposide+Platinum agent"", ""Trial name"": ""KEYNOTE-604"", ""Trial phase"": ""Phase 3"", ""Type of combination"": ""ICI+Chemo"", ""Type of control"": ""Chemo"", ""Type of follow-up given"": null, ""Type of therapy"": ""Combination"", ""Year"": 2020, ""__rowid__"": 98}"
row_182,182,"In Hodgkin Lymphoma trials, classify the ICI by target class from its generic name as PD-1, PD-L1, or CTLA-4.",Name of ICI,"[""class""]",bert,column,18,0.7068800926208496,0,106,NCT02500121,32271672,,Pembrolizumab,"{""Author"": ""Galsky MD et al"", ""Cancer type"": ""Urothelial"", ""Class of ICI"": ""PD1"", ""Clincal setting in relation to surgery"": ""Metastatic+recurrent (unresectable)"", ""Clinical setting"": ""Metastatic+recurrent (unresectable)"", ""Control arm"": ""Placebo"", ""Control regimen"": ""Placebo"", ""Follow-up duration for primary endpoint(s) in months | Control"": ""3"", ""Follow-up duration for primary endpoint(s) in months | Overall"": null, ""Follow-up duration for primary endpoint(s) in months | Rx"": ""5.4"", ""Included in MA"": ""Yes"", ""Is PD-L1 positivity inclusion criteria"": ""No"", ""Is any other biomarker used for inclusion"": ""No"", ""Lines of treatment"": ""Only 2nd or later line of treatment for metastatic disease"", ""Monotherapy/combination"": ""Monotherapy"", ""NCT"": ""NCT02500121"", ""Name of ICI"": ""Pembrolizumab"", ""Number of arms"": 2, ""Originial publication or Follow-up"": ""Original publication"", ""Priamry Multiple, composite, or co-primary endpoints?"": null, ""Primary endpoint"": ""PFS"", ""PubMed ID"": ""32271672"", ""Secondary endpoint"": ""OS, treatment outcomes CPS"", ""Total sample size"": 108, ""Treatment regimen"": ""Pembrolizumab"", ""Trial name"": null, ""Trial phase"": ""Phase 2"", ""Type of combination"": null, ""Type of control"": ""Placebo"", ""Type of follow-up given"": ""Median"", ""Type of therapy"": ""Monotherapy"", ""Year"": 2020, ""__rowid__"": 106}"
row_182,182,"In Hodgkin Lymphoma trials, classify the ICI by target class from its generic name as PD-1, PD-L1, or CTLA-4.",Name of ICI,"[""class""]",bert,column,19,0.7068800926208496,0,121,NCT02494583,32880601,Keynote-062,Pembrolizumab,"{""Author"": ""Shitara K et al (1)"", ""Cancer type"": ""Gastric/GEJ"", ""Class of ICI"": ""PD1"", ""Clincal setting in relation to surgery"": ""Metastatic+recurrent (unresectable)"", ""Clinical setting"": ""Metastatic+recurrent (unresectable)"", ""Control arm"": ""Chemo"", ""Control regimen"": ""Placebo+Cisplatin+5-FU+Capecitabine"", ""Follow-up duration for primary endpoint(s) in months | Control"": null, ""Follow-up duration for primary endpoint(s) in months | Overall"": ""29.4"", ""Follow-up duration for primary endpoint(s) in months | Rx"": null, ""Included in MA"": null, ""Is PD-L1 positivity inclusion criteria"": ""Yes"", ""Is any other biomarker used for inclusion"": ""Yes"", ""Lines of treatment"": ""Only 1st line of treatment for metastatic disease"", ""Monotherapy/combination"": ""Combination"", ""NCT"": ""NCT02494583"", ""Name of ICI"": ""Pembrolizumab"", ""Number of arms"": 3, ""Originial publication or Follow-up"": ""Original publication"", ""Priamry Multiple, composite, or co-primary endpoints?"": ""Multiple"", ""Primary endpoint"": ""OS+PFS"", ""PubMed ID"": ""32880601"", ""Secondary endpoint"": ""ORR, DoR, safety, tolerability, HRQOL"", ""Total sample size"": 763, ""Treatment regimen"": ""Pembrolizumab+Cisplatin+5-FU+Capecitabine"", ""Trial name"": ""Keynote-062"", ""Trial phase"": ""Phase 3"", ""Type of combination"": ""ICI+Chemo"", ""Type of control"": ""Chemo"", ""Type of follow-up given"": ""Median"", ""Type of therapy"": ""Combination"", ""Year"": 2020, ""__rowid__"": 121}"
row_182,182,"In Hodgkin Lymphoma trials, classify the ICI by target class from its generic name as PD-1, PD-L1, or CTLA-4.",Name of ICI,"[""class""]",bert,column,20,0.7068800926208496,0,122,NCT02819518,33278935,MK-3475/Keynote-355,Pembrolizumab,"{""Author"": ""Cortes J et al"", ""Cancer type"": ""Breast"", ""Class of ICI"": ""PD1"", ""Clincal setting in relation to surgery"": ""Metastatic+recurrent (unresectable)"", ""Clinical setting"": ""Metastatic+recurrent (unresectable)"", ""Control arm"": ""Chemo"", ""Control regimen"": ""Placebo+Nab-paclitaxel/Gemcitabine+carboplatin"", ""Follow-up duration for primary endpoint(s) in months | Control"": ""26.3"", ""Follow-up duration for primary endpoint(s) in months | Overall"": null, ""Follow-up duration for primary endpoint(s) in months | Rx"": ""25.9"", ""Included in MA"": null, ""Is PD-L1 positivity inclusion criteria"": ""Yes"", ""Is any other biomarker used for inclusion"": ""Yes"", ""Lines of treatment"": ""Only 1st line of treatment for metastatic disease"", ""Monotherapy/combination"": ""Combination"", ""NCT"": ""NCT02819518"", ""Name of ICI"": ""Pembrolizumab"", ""Number of arms"": 2, ""Originial publication or Follow-up"": ""Original publication"", ""Priamry Multiple, composite, or co-primary endpoints?"": ""Multiple"", ""Primary endpoint"": ""OS+PFS"", ""PubMed ID"": ""33278935"", ""Secondary endpoint"": ""ORR, DoR, DCR"", ""Total sample size"": 847, ""Treatment regimen"": ""Pembrolizumab+nab-paclitaxel/paclitaxel/gemcitabine+ carboplatin"", ""Trial name"": ""MK-3475/Keynote-355"", ""Trial phase"": ""Phase 3"", ""Type of combination"": ""ICI+Chemo"", ""Type of control"": ""Chemo"", ""Type of follow-up given"": ""Median"", ""Type of therapy"": ""Combination"", ""Year"": 2020, ""__rowid__"": 122}"
row_182,182,"In Hodgkin Lymphoma trials, classify the ICI by target class from its generic name as PD-1, PD-L1, or CTLA-4.",Name of ICI,"[""class""]",bert,row,1,0.7725985050201416,0,103,NCT02367794,32302702,IMpower131,Atezolizumab,"{""Author"": ""Jotte R et al (1)"", ""Cancer type"": ""Non-Small Cell Lung"", ""Class of ICI"": ""PD-L1"", ""Clincal setting in relation to surgery"": ""Metastatic+recurrent (unresectable)"", ""Clinical setting"": ""Metastatic+recurrent (unresectable)"", ""Control arm"": ""Chemo"", ""Control regimen"": ""Carboplatin+Nab-paclitaxel"", ""Follow-up duration for primary endpoint(s) in months | Control"": ""24.8, 16.1"", ""Follow-up duration for primary endpoint(s) in months | Overall"": null, ""Follow-up duration for primary endpoint(s) in months | Rx"": ""26.8, 18.1"", ""Included in MA"": ""Yes"", ""Is PD-L1 positivity inclusion criteria"": ""No"", ""Is any other biomarker used for inclusion"": ""No"", ""Lines of treatment"": ""Only 1st line of treatment for metastatic disease"", ""Monotherapy/combination"": ""Combination"", ""NCT"": ""NCT02367794"", ""Name of ICI"": ""Atezolizumab"", ""Number of arms"": 3, ""Originial publication or Follow-up"": ""Original publication"", ""Priamry Multiple, composite, or co-primary endpoints?"": ""Co-primary"", ""Primary endpoint"": ""OS+PFS"", ""PubMed ID"": ""32302702"", ""Secondary endpoint"": ""ORR, DOR, PFS and OS in PD-L1 subgroups and T-effector population; safety."", ""Total sample size"": 1021, ""Treatment regimen"": ""Atezolizumab+Carboplatin+Nab-paclitaxel"", ""Trial name"": ""IMpower131"", ""Trial phase"": ""Phase 3"", ""Type of combination"": ""ICI+Chemo"", ""Type of control"": ""Chemo"", ""Type of follow-up given"": ""Median"", ""Type of therapy"": ""Combination"", ""Year"": 2020, ""__rowid__"": 103}"
row_182,182,"In Hodgkin Lymphoma trials, classify the ICI by target class from its generic name as PD-1, PD-L1, or CTLA-4.",Name of ICI,"[""class""]",bert,row,2,0.7701828479766846,0,102,NCT02367794,32302702,IMpower131,Atezolizumab,"{""Author"": ""Jotte R et al"", ""Cancer type"": ""Non-Small Cell Lung"", ""Class of ICI"": ""PD-L1"", ""Clincal setting in relation to surgery"": ""Metastatic+recurrent (unresectable)"", ""Clinical setting"": ""Metastatic+recurrent (unresectable)"", ""Control arm"": ""Chemo"", ""Control regimen"": ""Carboplatin+Nab-paclitaxel"", ""Follow-up duration for primary endpoint(s) in months | Control"": ""24.8, 16.1"", ""Follow-up duration for primary endpoint(s) in months | Overall"": null, ""Follow-up duration for primary endpoint(s) in months | Rx"": null, ""Included in MA"": ""Yes"", ""Is PD-L1 positivity inclusion criteria"": ""No"", ""Is any other biomarker used for inclusion"": ""No"", ""Lines of treatment"": ""Only 1st line of treatment for metastatic disease"", ""Monotherapy/combination"": ""Combination"", ""NCT"": ""NCT02367794"", ""Name of ICI"": ""Atezolizumab"", ""Number of arms"": 3, ""Originial publication or Follow-up"": ""Original publication"", ""Priamry Multiple, composite, or co-primary endpoints?"": ""Co-primary"", ""Primary endpoint"": ""OS+PFS"", ""PubMed ID"": ""32302702"", ""Secondary endpoint"": ""ORR, DOR, PFS and OS in PD-L1 subgroups and T-effector population; safety."", ""Total sample size"": 1021, ""Treatment regimen"": ""Atezolizumab+Carboplatin+Paclitaxel"", ""Trial name"": ""IMpower131"", ""Trial phase"": ""Phase 3"", ""Type of combination"": ""ICI+Chemo"", ""Type of control"": ""Chemo"", ""Type of follow-up given"": ""Median"", ""Type of therapy"": ""Combination"", ""Year"": 2020, ""__rowid__"": 102}"
row_182,182,"In Hodgkin Lymphoma trials, classify the ICI by target class from its generic name as PD-1, PD-L1, or CTLA-4.",Name of ICI,"[""class""]",bert,row,3,0.769989013671875,0,46,NCT02366143,29863955,IMPower150,Atezolizumab,"{""Author"": ""Socinski MA et al (1)"", ""Cancer type"": ""Non-Small Cell Lung"", ""Class of ICI"": ""PD-L1"", ""Clincal setting in relation to surgery"": ""Metastatic+recurrent (unresectable)"", ""Clinical setting"": ""Metastatic+recurrent (unresectable)"", ""Control arm"": ""Chemo+Anti-VEGF"", ""Control regimen"": ""Bevacizumab+Carboplatin+Paclitaxel"", ""Follow-up duration for primary endpoint(s) in months | Control"": ""15.5"", ""Follow-up duration for primary endpoint(s) in months | Overall"": ""MIN for PFS 9.5, OS 14; MEDIAN for OS 20"", ""Follow-up duration for primary endpoint(s) in months | Rx"": ""15.4"", ""Included in MA"": ""Yes"", ""Is PD-L1 positivity inclusion criteria"": ""No"", ""Is any other biomarker used for inclusion"": ""No"", ""Lines of treatment"": ""Only 1st line of treatment for metastatic disease"", ""Monotherapy/combination"": ""Combination"", ""NCT"": ""NCT02366143"", ""Name of ICI"": ""Atezolizumab"", ""Number of arms"": 3, ""Originial publication or Follow-up"": ""Original publication"", ""Priamry Multiple, composite, or co-primary endpoints?"": ""Multiple"", ""Primary endpoint"": ""OS+PFS"", ""PubMed ID"": ""29863955"", ""Secondary endpoint"": ""PFS, OS in ITT population"", ""Total sample size"": 1202, ""Treatment regimen"": ""Atezolizumab+Carboplatin+Paclitaxel+Bevacizumab"", ""Trial name"": ""IMPower150"", ""Trial phase"": ""Phase 3"", ""Type of combination"": ""ICI+Chemo+Anti-VEGF"", ""Type of control"": ""Chemo+Anti-VEGF"", ""Type of follow-up given"": ""Minimum"", ""Type of therapy"": ""Combination"", ""Year"": 2018, ""__rowid__"": 46}"
row_182,182,"In Hodgkin Lymphoma trials, classify the ICI by target class from its generic name as PD-1, PD-L1, or CTLA-4.",Name of ICI,"[""class""]",bert,row,4,0.7676345109939575,0,132,NCT02657434,33333328,Impower 132,Atezolizumab,"{""Author"": ""Nishio M et al"", ""Cancer type"": ""NSCLC"", ""Class of ICI"": ""PD-L1"", ""Clincal setting in relation to surgery"": ""Metastatic+recurrent (unresectable)"", ""Clinical setting"": ""Metastatic+recurrent (unresectable)"", ""Control arm"": ""Chemo"", ""Control regimen"": ""Carboplatin/Cisplatin+Pemetrexed"", ""Follow-up duration for primary endpoint(s) in months | Control"": null, ""Follow-up duration for primary endpoint(s) in months | Overall"": ""PFS: 14.8, OS: 28.4"", ""Follow-up duration for primary endpoint(s) in months | Rx"": null, ""Included in MA"": null, ""Is PD-L1 positivity inclusion criteria"": ""No"", ""Is any other biomarker used for inclusion"": ""Yes"", ""Lines of treatment"": ""Only 1st line of treatment for metastatic disease"", ""Monotherapy/combination"": ""Combination"", ""NCT"": ""NCT02657434"", ""Name of ICI"": ""Atezolizumab"", ""Number of arms"": 2, ""Originial publication or Follow-up"": ""Original publication"", ""Priamry Multiple, composite, or co-primary endpoints?"": ""Co-primary"", ""Primary endpoint"": ""PFS+OS"", ""PubMed ID"": ""33333328"", ""Secondary endpoint"": null, ""Total sample size"": 578, ""Treatment regimen"": ""Atezolizumab+Carboplatin/Cisplatin+Pemetrexed"", ""Trial name"": ""Impower 132"", ""Trial phase"": ""Phase 3"", ""Type of combination"": ""ICI+Chemo"", ""Type of control"": ""Chemo"", ""Type of follow-up given"": ""Median"", ""Type of therapy"": ""Combination"", ""Year"": 2020, ""__rowid__"": 132}"
row_182,182,"In Hodgkin Lymphoma trials, classify the ICI by target class from its generic name as PD-1, PD-L1, or CTLA-4.",Name of ICI,"[""class""]",bert,row,5,0.7674943208694458,0,12,NCT02252042,30509740,KEYNOTE-040,Pembrolizumab,"{""Author"": ""Cohen EEW et al"", ""Cancer type"": ""Head and Neck"", ""Class of ICI"": ""PD1"", ""Clincal setting in relation to surgery"": ""Metastatic+recurrent (unresectable)"", ""Clinical setting"": ""Metastatic+recurrent (unresectable)"", ""Control arm"": ""Chemo/Anti-EGFR"", ""Control regimen"": ""Methotrexate/Docetaxel/Cetuximab"", ""Follow-up duration for primary endpoint(s) in months | Control"": ""7.1"", ""Follow-up duration for primary endpoint(s) in months | Overall"": null, ""Follow-up duration for primary endpoint(s) in months | Rx"": ""7.5"", ""Included in MA"": ""Yes"", ""Is PD-L1 positivity inclusion criteria"": ""No"", ""Is any other biomarker used for inclusion"": ""No"", ""Lines of treatment"": ""1st and later line of treatment for metastatic disease"", ""Monotherapy/combination"": ""Monotherapy"", ""NCT"": ""NCT02252042"", ""Name of ICI"": ""Pembrolizumab"", ""Number of arms"": 2, ""Originial publication or Follow-up"": ""Original publication"", ""Priamry Multiple, composite, or co-primary endpoints?"": null, ""Primary endpoint"": ""OS"", ""PubMed ID"": ""30509740"", ""Secondary endpoint"": ""OS in the population with \na PD-L1 combined positive \nscore of 1 or higher; safety, \nPFS,ORR, duration of \nconfirmed response in all \nparticipants and those with a PD-L1 combined positive score of 1 or higher."", ""Total sample size"": 495, ""Treatment regimen"": ""Pembrolizumab"", ""Trial name"": ""KEYNOTE-040"", ""Trial phase"": ""Phase 3"", ""Type of combination"": null, ""Type of control"": ""Chemo/Anti-EGFR"", ""Type of follow-up given"": ""Median"", ""Type of therapy"": ""Monotherapy"", ""Year"": 2018, ""__rowid__"": 12}"
row_182,182,"In Hodgkin Lymphoma trials, classify the ICI by target class from its generic name as PD-1, PD-L1, or CTLA-4.",Name of ICI,"[""class""]",bert,row,6,0.7670140266418457,0,47,NCT02477826,29658845,Checkmate 227,"Nivolumab, Ipilimumab","{""Author"": ""Hellmann MD et al"", ""Cancer type"": ""Non-Small Cell Lung"", ""Class of ICI"": ""PD1, CTLA-4"", ""Clincal setting in relation to surgery"": ""Metastatic+recurrent (unresectable)"", ""Clinical setting"": ""Metastatic+recurrent (unresectable)"", ""Control arm"": ""Chemo"", ""Control regimen"": ""Chemotherapy"", ""Follow-up duration for primary endpoint(s) in months | Control"": null, ""Follow-up duration for primary endpoint(s) in months | Overall"": ""11.2"", ""Follow-up duration for primary endpoint(s) in months | Rx"": null, ""Included in MA"": ""Yes"", ""Is PD-L1 positivity inclusion criteria"": ""No"", ""Is any other biomarker used for inclusion"": ""No"", ""Lines of treatment"": ""Only 1st line of treatment for metastatic disease"", ""Monotherapy/combination"": ""Combination"", ""NCT"": ""NCT02477826"", ""Name of ICI"": ""Nivolumab, Ipilimumab"", ""Number of arms"": 3, ""Originial publication or Follow-up"": ""Original publication"", ""Priamry Multiple, composite, or co-primary endpoints?"": ""Co-primary"", ""Primary endpoint"": ""OS+PFS"", ""PubMed ID"": ""29658845"", ""Secondary endpoint"": ""PFS with nivolumab VS chemotherapy among patients with a TMB of at least 13 mutations per megabase and a PD-L1 expression level of >= 1%; OS with nivolumab + ipilimumab VS platinum doublet chemotherapy among patients with a TMB of >=10 mutations per megabase"", ""Total sample size"": 1739, ""Treatment regimen"": ""Nivolumab+Ipilimumab"", ""Trial name"": ""Checkmate 227"", ""Trial phase"": ""Phase 3"", ""Type of combination"": ""ICI+ICI"", ""Type of control"": ""Chemo"", ""Type of follow-up given"": ""Minimum"", ""Type of therapy"": ""Combination"", ""Year"": 2018, ""__rowid__"": 47}"
row_182,182,"In Hodgkin Lymphoma trials, classify the ICI by target class from its generic name as PD-1, PD-L1, or CTLA-4.",Name of ICI,"[""class""]",bert,row,7,0.7670009732246399,0,107,NCT02807636,32416780,IMvigor130,Atezolizumab,"{""Author"": ""Galsky MD et al"", ""Cancer type"": ""Urothelial"", ""Class of ICI"": ""PD-L1"", ""Clincal setting in relation to surgery"": ""Metastatic+recurrent (unresectable)"", ""Clinical setting"": ""Metastatic+recurrent (unresectable)"", ""Control arm"": ""Chemo"", ""Control regimen"": ""Placebo+Gemcitabine+Carboplatin or Cisplatin"", ""Follow-up duration for primary endpoint(s) in months | Control"": ""13.4,6.3"", ""Follow-up duration for primary endpoint(s) in months | Overall"": null, ""Follow-up duration for primary endpoint(s) in months | Rx"": ""16,8.2"", ""Included in MA"": ""Yes"", ""Is PD-L1 positivity inclusion criteria"": ""No"", ""Is any other biomarker used for inclusion"": ""No"", ""Lines of treatment"": ""Only 1st line of treatment for metastatic disease"", ""Monotherapy/combination"": ""Combination"", ""NCT"": ""NCT02807636"", ""Name of ICI"": ""Atezolizumab"", ""Number of arms"": 3, ""Originial publication or Follow-up"": ""Original publication"", ""Priamry Multiple, composite, or co-primary endpoints?"": ""Co-primary"", ""Primary endpoint"": ""OS+PFS"", ""PubMed ID"": ""32416780"", ""Secondary endpoint"": ""RR, DOR, PFS"", ""Total sample size"": 1213, ""Treatment regimen"": ""Atezolizumab+Gemcitabine+Carboplatin or Cisplatin"", ""Trial name"": ""IMvigor130"", ""Trial phase"": ""Phase 3"", ""Type of combination"": ""ICI+Chemo"", ""Type of control"": ""Chemo"", ""Type of follow-up given"": ""Median"", ""Type of therapy"": ""Combination"", ""Year"": 2020, ""__rowid__"": 107}"
row_182,182,"In Hodgkin Lymphoma trials, classify the ICI by target class from its generic name as PD-1, PD-L1, or CTLA-4.",Name of ICI,"[""class""]",bert,row,8,0.7668051719665527,0,108,NCT02807636,32416780,IMvigor130,Atezolizumab,"{""Author"": ""Galsky MD et al (1)"", ""Cancer type"": ""Urothelial"", ""Class of ICI"": ""PD-L1"", ""Clincal setting in relation to surgery"": ""Metastatic+recurrent (unresectable)"", ""Clinical setting"": ""Metastatic+recurrent (unresectable)"", ""Control arm"": ""Chemo"", ""Control regimen"": ""Placebo+Gemcitabine+Carboplatin or Cisplatin"", ""Follow-up duration for primary endpoint(s) in months | Control"": ""13.1,NA"", ""Follow-up duration for primary endpoint(s) in months | Overall"": null, ""Follow-up duration for primary endpoint(s) in months | Rx"": ""15.7,NA"", ""Included in MA"": ""Yes"", ""Is PD-L1 positivity inclusion criteria"": ""No"", ""Is any other biomarker used for inclusion"": ""No"", ""Lines of treatment"": ""Only 1st line of treatment for metastatic disease"", ""Monotherapy/combination"": ""Monotherapy"", ""NCT"": ""NCT02807636"", ""Name of ICI"": ""Atezolizumab"", ""Number of arms"": 3, ""Originial publication or Follow-up"": ""Original publication"", ""Priamry Multiple, composite, or co-primary endpoints?"": ""Co-primary"", ""Primary endpoint"": ""OS+PFS"", ""PubMed ID"": ""32416780"", ""Secondary endpoint"": ""RR, DOR, PFS"", ""Total sample size"": 1213, ""Treatment regimen"": ""Atezolizumab"", ""Trial name"": ""IMvigor130"", ""Trial phase"": ""Phase 3"", ""Type of combination"": null, ""Type of control"": ""Chemo"", ""Type of follow-up given"": ""Median"", ""Type of therapy"": ""Monotherapy"", ""Year"": 2020, ""__rowid__"": 108}"
row_182,182,"In Hodgkin Lymphoma trials, classify the ICI by target class from its generic name as PD-1, PD-L1, or CTLA-4.",Name of ICI,"[""class""]",bert,row,9,0.7665767669677734,0,129,NCT02409342,32997907,IMpower110,Atezolizumab,"{""Author"": ""Herbst RS et al."", ""Cancer type"": ""Non-Small Cell Lung"", ""Class of ICI"": ""PD-L1"", ""Clincal setting in relation to surgery"": ""Metastatic+recurrent (unresectable)"", ""Clinical setting"": ""Metastatic+recurrent (unresectable)"", ""Control arm"": ""Chemo"", ""Control regimen"": ""Cisplatin/carboplatin+gemcitabine"", ""Follow-up duration for primary endpoint(s) in months | Control"": null, ""Follow-up duration for primary endpoint(s) in months | Overall"": ""13.4"", ""Follow-up duration for primary endpoint(s) in months | Rx"": null, ""Included in MA"": null, ""Is PD-L1 positivity inclusion criteria"": ""Yes"", ""Is any other biomarker used for inclusion"": ""Yes"", ""Lines of treatment"": ""Only 1st line of treatment for metastatic disease"", ""Monotherapy/combination"": ""Monotherapy"", ""NCT"": ""NCT02409342"", ""Name of ICI"": ""Atezolizumab"", ""Number of arms"": 2, ""Originial publication or Follow-up"": ""Original publication"", ""Priamry Multiple, composite, or co-primary endpoints?"": null, ""Primary endpoint"": ""OS"", ""PubMed ID"": ""32997907"", ""Secondary endpoint"": ""investigator-assessed PFS, DOR"", ""Total sample size"": 572, ""Treatment regimen"": ""Atezolizumab"", ""Trial name"": ""IMpower110"", ""Trial phase"": ""Phase 3"", ""Type of combination"": null, ""Type of control"": ""Chemo"", ""Type of follow-up given"": ""Median"", ""Type of therapy"": ""Monotherapy"", ""Year"": 2020, ""__rowid__"": 129}"
row_182,182,"In Hodgkin Lymphoma trials, classify the ICI by target class from its generic name as PD-1, PD-L1, or CTLA-4.",Name of ICI,"[""class""]",bert,row,10,0.7659374475479126,0,140,NCT02563002,33264544,MK-3475/Keynote-177,Pembrolizumab,"{""Author"": ""Andre T et al."", ""Cancer type"": ""Colorectal"", ""Class of ICI"": ""PD1"", ""Clincal setting in relation to surgery"": ""Metastatic+recurrent (unresectable)"", ""Clinical setting"": ""Metastatic+recurrent (unresectable)"", ""Control arm"": ""Chemo"", ""Control regimen"": ""Oxaliplatin+ leucovorin+5-fluoropyrimidine/mFOLFOX6+bevacizumab/mFOLFOX6+cetuximab"", ""Follow-up duration for primary endpoint(s) in months | Control"": null, ""Follow-up duration for primary endpoint(s) in months | Overall"": ""32.4"", ""Follow-up duration for primary endpoint(s) in months | Rx"": null, ""Included in MA"": null, ""Is PD-L1 positivity inclusion criteria"": ""No"", ""Is any other biomarker used for inclusion"": ""Yes"", ""Lines of treatment"": ""1st and later line of treatment for metastatic disease"", ""Monotherapy/combination"": ""Monotherapy"", ""NCT"": ""NCT02563002"", ""Name of ICI"": ""Pembrolizumab"", ""Number of arms"": 2, ""Originial publication or Follow-up"": ""Original publication"", ""Priamry Multiple, composite, or co-primary endpoints?"": ""Multiple"", ""Primary endpoint"": ""PFS+OS"", ""PubMed ID"": ""33264544"", ""Secondary endpoint"": ""ORR, safety"", ""Total sample size"": 307, ""Treatment regimen"": ""Pembrolizumab"", ""Trial name"": ""MK-3475/Keynote-177"", ""Trial phase"": ""Phase 3"", ""Type of combination"": null, ""Type of control"": ""Chemo"", ""Type of follow-up given"": ""Median"", ""Type of therapy"": ""Monotherapy"", ""Year"": 2020, ""__rowid__"": 140}"
row_182,182,"In Hodgkin Lymphoma trials, classify the ICI by target class from its generic name as PD-1, PD-L1, or CTLA-4.",Name of ICI,"[""class""]",bert,row,11,0.7655097246170044,0,111,NCT02369874,32294530,EAGLE,"Durvalumab, Tremelimumab","{""Author"": ""Ferris RL et al (1)"", ""Cancer type"": ""Head and Neck"", ""Class of ICI"": ""PD-L1, CTLA-4"", ""Clincal setting in relation to surgery"": ""Metastatic+recurrent (unresectable)"", ""Clinical setting"": ""Metastatic+recurrent (unresectable)"", ""Control arm"": ""Chemo+Anti-EGFR"", ""Control regimen"": ""Cetuximab+Taxane+Methotrexate+Fluoropyrimidine"", ""Follow-up duration for primary endpoint(s) in months | Control"": ""8.3"", ""Follow-up duration for primary endpoint(s) in months | Overall"": null, ""Follow-up duration for primary endpoint(s) in months | Rx"": ""6.5"", ""Included in MA"": ""Yes"", ""Is PD-L1 positivity inclusion criteria"": ""Yes"", ""Is any other biomarker used for inclusion"": ""No"", ""Lines of treatment"": ""Only 2nd or later line of treatment for metastatic disease"", ""Monotherapy/combination"": ""Combination"", ""NCT"": ""NCT02369874"", ""Name of ICI"": ""Durvalumab, Tremelimumab"", ""Number of arms"": 3, ""Originial publication or Follow-up"": ""Original publication"", ""Priamry Multiple, composite, or co-primary endpoints?"": null, ""Primary endpoint"": ""OS"", ""PubMed ID"": ""32294530"", ""Secondary endpoint"": ""PFS, ORR, DOR"", ""Total sample size"": 736, ""Treatment regimen"": ""Durvalumab+Tremelimumab"", ""Trial name"": ""EAGLE"", ""Trial phase"": ""Phase 3"", ""Type of combination"": ""ICI+ICI"", ""Type of control"": ""Chemo+Anti-EGFR"", ""Type of follow-up given"": ""Median"", ""Type of therapy"": ""Combination"", ""Year"": 2020, ""__rowid__"": 111}"
row_182,182,"In Hodgkin Lymphoma trials, classify the ICI by target class from its generic name as PD-1, PD-L1, or CTLA-4.",Name of ICI,"[""class""]",bert,row,12,0.7654833793640137,0,124,NCT02516241,32971005,DANUBE,"Durvalumab, Tremelimumab","{""Author"": ""Powles T et al (1)"", ""Cancer type"": ""Urothelial"", ""Class of ICI"": ""PD-L1, CTLA-4"", ""Clincal setting in relation to surgery"": ""Metastatic+recurrent (unresectable)"", ""Clinical setting"": ""Metastatic+recurrent (unresectable)"", ""Control arm"": ""Chemo"", ""Control regimen"": ""Gemcitabine+Cisplatin/Carboplatin"", ""Follow-up duration for primary endpoint(s) in months | Control"": null, ""Follow-up duration for primary endpoint(s) in months | Overall"": ""41.2"", ""Follow-up duration for primary endpoint(s) in months | Rx"": null, ""Included in MA"": null, ""Is PD-L1 positivity inclusion criteria"": ""No"", ""Is any other biomarker used for inclusion"": ""No"", ""Lines of treatment"": ""Only 1st line of treatment for metastatic disease"", ""Monotherapy/combination"": ""Combination"", ""NCT"": ""NCT02516241"", ""Name of ICI"": ""Durvalumab, Tremelimumab"", ""Number of arms"": 3, ""Originial publication or Follow-up"": ""Original publication"", ""Priamry Multiple, composite, or co-primary endpoints?"": ""Co-primary"", ""Primary endpoint"": ""OS"", ""PubMed ID"": ""32971005"", ""Secondary endpoint"": ""OS, PFS, ORR, DoR, DCR"", ""Total sample size"": 1032, ""Treatment regimen"": ""Durvalumab+Tremelimumab"", ""Trial name"": ""DANUBE"", ""Trial phase"": ""Phase 3"", ""Type of combination"": ""ICI+ICI"", ""Type of control"": ""Chemo"", ""Type of follow-up given"": ""Median"", ""Type of therapy"": ""Combination"", ""Year"": 2020, ""__rowid__"": 124}"
row_182,182,"In Hodgkin Lymphoma trials, classify the ICI by target class from its generic name as PD-1, PD-L1, or CTLA-4.",Name of ICI,"[""class""]",bert,row,13,0.7653102874755859,0,128,NCT02899299,33485464,CheckMate 743,"Nivolumab, Ipilimumab","{""Author"": ""Baas P et al."", ""Cancer type"": ""Mesothelioma"", ""Class of ICI"": ""PD1, CTLA-4"", ""Clincal setting in relation to surgery"": ""Metastatic+recurrent (unresectable)"", ""Clinical setting"": ""Metastatic+recurrent (unresectable)"", ""Control arm"": ""Chemo"", ""Control regimen"": ""Pemetrexed+Cisplatin/Carboplatin"", ""Follow-up duration for primary endpoint(s) in months | Control"": null, ""Follow-up duration for primary endpoint(s) in months | Overall"": ""29.7"", ""Follow-up duration for primary endpoint(s) in months | Rx"": null, ""Included in MA"": null, ""Is PD-L1 positivity inclusion criteria"": ""No"", ""Is any other biomarker used for inclusion"": ""No"", ""Lines of treatment"": ""Only 1st line of treatment for metastatic disease"", ""Monotherapy/combination"": ""Combination"", ""NCT"": ""NCT02899299"", ""Name of ICI"": ""Nivolumab, Ipilimumab"", ""Number of arms"": 2, ""Originial publication or Follow-up"": ""Original publication"", ""Priamry Multiple, composite, or co-primary endpoints?"": null, ""Primary endpoint"": ""OS"", ""PubMed ID"": ""33485464"", ""Secondary endpoint"": ""PFS, ORR, time to response, DoR, DCR"", ""Total sample size"": 605, ""Treatment regimen"": ""Nivolumab+Ipilimumab"", ""Trial name"": ""CheckMate 743"", ""Trial phase"": ""Phase 3"", ""Type of combination"": ""ICI+ICI"", ""Type of control"": ""Chemo"", ""Type of follow-up given"": ""Median"", ""Type of therapy"": ""Combination"", ""Year"": 2021, ""__rowid__"": 128}"
row_182,182,"In Hodgkin Lymphoma trials, classify the ICI by target class from its generic name as PD-1, PD-L1, or CTLA-4.",Name of ICI,"[""class""]",bert,row,14,0.7651698589324951,0,55,NCT02367781,31122901,IMpower130,Atezolizumab,"{""Author"": ""West H et al"", ""Cancer type"": ""Non-Small Cell Lung"", ""Class of ICI"": ""PD-L1"", ""Clincal setting in relation to surgery"": ""Metastatic+recurrent (unresectable)"", ""Clinical setting"": ""Metastatic+recurrent (unresectable)"", ""Control arm"": ""Chemo"", ""Control regimen"": ""Carboplatin+Nab-paclitaxel"", ""Follow-up duration for primary endpoint(s) in months | Control"": ""19.2"", ""Follow-up duration for primary endpoint(s) in months | Overall"": null, ""Follow-up duration for primary endpoint(s) in months | Rx"": ""18.5"", ""Included in MA"": ""Yes"", ""Is PD-L1 positivity inclusion criteria"": ""No"", ""Is any other biomarker used for inclusion"": ""No"", ""Lines of treatment"": ""Only 1st line of treatment for metastatic disease"", ""Monotherapy/combination"": ""Combination"", ""NCT"": ""NCT02367781"", ""Name of ICI"": ""Atezolizumab"", ""Number of arms"": 2, ""Originial publication or Follow-up"": ""Original publication"", ""Priamry Multiple, composite, or co-primary endpoints?"": ""Co-primary"", ""Primary endpoint"": ""OS+PFS"", ""PubMed ID"": ""31122901"", ""Secondary endpoint"": null, ""Total sample size"": 724, ""Treatment regimen"": ""Atezolizumab+Carboplatin+Nab-paclitaxel"", ""Trial name"": ""IMpower130"", ""Trial phase"": ""Phase 3"", ""Type of combination"": ""ICI+Chemo"", ""Type of control"": ""Chemo"", ""Type of follow-up given"": ""Median"", ""Type of therapy"": ""Combination"", ""Year"": 2019, ""__rowid__"": 55}"
row_182,182,"In Hodgkin Lymphoma trials, classify the ICI by target class from its generic name as PD-1, PD-L1, or CTLA-4.",Name of ICI,"[""class""]",bert,row,15,0.7643831372261047,0,48,NCT02477826,29658845,Checkmate 227,Nivolumab,"{""Author"": ""Hellmann MD et al (1)"", ""Cancer type"": ""Non-Small Cell Lung"", ""Class of ICI"": ""PD1"", ""Clincal setting in relation to surgery"": ""Metastatic+recurrent (unresectable)"", ""Clinical setting"": ""Metastatic+recurrent (unresectable)"", ""Control arm"": ""Chemo"", ""Control regimen"": ""Chemotherapy"", ""Follow-up duration for primary endpoint(s) in months | Control"": null, ""Follow-up duration for primary endpoint(s) in months | Overall"": ""11.2"", ""Follow-up duration for primary endpoint(s) in months | Rx"": null, ""Included in MA"": ""Yes"", ""Is PD-L1 positivity inclusion criteria"": ""No"", ""Is any other biomarker used for inclusion"": ""No"", ""Lines of treatment"": ""Only 1st line of treatment for metastatic disease"", ""Monotherapy/combination"": ""Monotherapy"", ""NCT"": ""NCT02477826"", ""Name of ICI"": ""Nivolumab"", ""Number of arms"": 3, ""Originial publication or Follow-up"": ""Original publication"", ""Priamry Multiple, composite, or co-primary endpoints?"": ""Co-primary"", ""Primary endpoint"": ""OS+PFS"", ""PubMed ID"": ""29658845"", ""Secondary endpoint"": ""PFS with nivolumab VS chemotherapy among patients with a TMB of at least 13 mutations per megabase and a PD-L1 expression level of >= 1%; OS with nivolumab + ipilimumab VS platinum doublet chemotherapy among patients with a TMB of >=10 mutations per megabase"", ""Total sample size"": 1739, ""Treatment regimen"": ""Nivolumab"", ""Trial name"": ""Checkmate 227"", ""Trial phase"": ""Phase 3"", ""Type of combination"": null, ""Type of control"": ""Chemo"", ""Type of follow-up given"": ""Minimum"", ""Type of therapy"": ""Monotherapy"", ""Year"": 2018, ""__rowid__"": 48}"
row_182,182,"In Hodgkin Lymphoma trials, classify the ICI by target class from its generic name as PD-1, PD-L1, or CTLA-4.",Name of ICI,"[""class""]",bert,row,16,0.7637084722518921,0,62,NCT02362594,29658430,EORTC 1325-MG/KEYNOTE-054,Pembrolizumab,"{""Author"": ""Eggermont AMM et al"", ""Cancer type"": ""Melanoma"", ""Class of ICI"": ""PD1"", ""Clincal setting in relation to surgery"": ""Adjuvant"", ""Clinical setting"": ""Adjuvant"", ""Control arm"": ""Placebo"", ""Control regimen"": ""Placebo"", ""Follow-up duration for primary endpoint(s) in months | Control"": ""15.4"", ""Follow-up duration for primary endpoint(s) in months | Overall"": ""15.1"", ""Follow-up duration for primary endpoint(s) in months | Rx"": ""14.7"", ""Included in MA"": ""Yes"", ""Is PD-L1 positivity inclusion criteria"": ""No"", ""Is any other biomarker used for inclusion"": ""No"", ""Lines of treatment"": null, ""Monotherapy/combination"": ""Monotherapy"", ""NCT"": ""NCT02362594"", ""Name of ICI"": ""Pembrolizumab"", ""Number of arms"": 2, ""Originial publication or Follow-up"": ""Original publication"", ""Priamry Multiple, composite, or co-primary endpoints?"": null, ""Primary endpoint"": ""PFS"", ""PubMed ID"": ""29658430"", ""Secondary endpoint"": ""Distant metastasis-free survival; OS; safety measures; measures of health-related quality of life."", ""Total sample size"": 1019, ""Treatment regimen"": ""Pembrolizumab"", ""Trial name"": ""EORTC 1325-MG/KEYNOTE-054"", ""Trial phase"": ""Phase 3"", ""Type of combination"": null, ""Type of control"": ""Placebo"", ""Type of follow-up given"": ""Median"", ""Type of therapy"": ""Monotherapy"", ""Year"": 2018, ""__rowid__"": 62}"
row_182,182,"In Hodgkin Lymphoma trials, classify the ICI by target class from its generic name as PD-1, PD-L1, or CTLA-4.",Name of ICI,"[""class""]",bert,row,17,0.7635786533355713,0,24,NCT00527735,22547592,,Ipilimumab,"{""Author"": ""Lynch TJ et al (1)"", ""Cancer type"": ""Non-Small Cell Lung"", ""Class of ICI"": ""CTLA-4"", ""Clincal setting in relation to surgery"": ""Metastatic+recurrent (unresectable)"", ""Clinical setting"": ""Metastatic+recurrent (unresectable)"", ""Control arm"": ""Chemo"", ""Control regimen"": ""Placebo+Paclitaxel+Carboplatin"", ""Follow-up duration for primary endpoint(s) in months | Control"": null, ""Follow-up duration for primary endpoint(s) in months | Overall"": null, ""Follow-up duration for primary endpoint(s) in months | Rx"": null, ""Included in MA"": ""Yes"", ""Is PD-L1 positivity inclusion criteria"": ""No"", ""Is any other biomarker used for inclusion"": ""No"", ""Lines of treatment"": ""Only 1st line of treatment for metastatic disease"", ""Monotherapy/combination"": ""Combination"", ""NCT"": ""NCT00527735"", ""Name of ICI"": ""Ipilimumab"", ""Number of arms"": 3, ""Originial publication or Follow-up"": ""Original publication"", ""Priamry Multiple, composite, or co-primary endpoints?"": null, ""Primary endpoint"": ""PFS"", ""PubMed ID"": ""22547592"", ""Secondary endpoint"": ""Modified WHO criteria PFS; OS; immune-related best overall response rate; modified WHO criteria best overall response rate;  immune-related disease control rate; modified WHO criteria disease control\nrate"", ""Total sample size"": 204, ""Treatment regimen"": ""Phased ipilimumab+Paclitaxel+Carboplatin"", ""Trial name"": null, ""Trial phase"": ""Phase 2"", ""Type of combination"": ""ICI+Chemo"", ""Type of control"": ""Chemo"", ""Type of follow-up given"": null, ""Type of therapy"": ""Combination"", ""Year"": 2012, ""__rowid__"": 24}"
row_182,182,"In Hodgkin Lymphoma trials, classify the ICI by target class from its generic name as PD-1, PD-L1, or CTLA-4.",Name of ICI,"[""class""]",bert,row,18,0.7635102272033691,0,83,NCT03043872,31590988,CASPIAN,"Durvalumab, Tremelimumab","{""Author"": ""Paz-Ares L et al (1)"", ""Cancer type"": ""Small Cell Lung"", ""Class of ICI"": ""PD-L1, CTLA-4"", ""Clincal setting in relation to surgery"": ""Metastatic+recurrent (unresectable)"", ""Clinical setting"": ""Metastatic+recurrent (unresectable)"", ""Control arm"": ""Chemo"", ""Control regimen"": ""Platinum+Etoposide"", ""Follow-up duration for primary endpoint(s) in months | Control"": null, ""Follow-up duration for primary endpoint(s) in months | Overall"": ""14.2"", ""Follow-up duration for primary endpoint(s) in months | Rx"": null, ""Included in MA"": ""Yes"", ""Is PD-L1 positivity inclusion criteria"": ""No"", ""Is any other biomarker used for inclusion"": ""No"", ""Lines of treatment"": ""Only 1st line of treatment for metastatic disease"", ""Monotherapy/combination"": ""Combination"", ""NCT"": ""NCT03043872"", ""Name of ICI"": ""Durvalumab, Tremelimumab"", ""Number of arms"": 3, ""Originial publication or Follow-up"": ""Original publication"", ""Priamry Multiple, composite, or co-primary endpoints?"": null, ""Primary endpoint"": ""OS"", ""PubMed ID"": ""31590988"", ""Secondary endpoint"": ""PFS; objective response; OS at 18 months; PFS at 6 and 12 months; safety; pharmacokinetics; immunogenicity; symptoms and health-related quality of life assessments."", ""Total sample size"": 805, ""Treatment regimen"": ""Durvalumab+Tremelimumab+Etoposide+Platinum agent"", ""Trial name"": ""CASPIAN"", ""Trial phase"": ""Phase 3"", ""Type of combination"": ""ICI+ICI+Chemo"", ""Type of control"": ""Chemo"", ""Type of follow-up given"": ""Median"", ""Type of therapy"": ""Combination"", ""Year"": 2019, ""__rowid__"": 83}"
row_182,182,"In Hodgkin Lymphoma trials, classify the ICI by target class from its generic name as PD-1, PD-L1, or CTLA-4.",Name of ICI,"[""class""]",bert,row,19,0.7635080814361572,0,109,NCT03434379,32402160,IMbrave150,Atezolizumab,"{""Author"": ""Finn RS et al"", ""Cancer type"": ""Hepatocellular"", ""Class of ICI"": ""PD-L1"", ""Clincal setting in relation to surgery"": ""Metastatic+recurrent (unresectable)"", ""Clinical setting"": ""Metastatic+recurrent (unresectable)"", ""Control arm"": ""TKI"", ""Control regimen"": ""Sunitinib"", ""Follow-up duration for primary endpoint(s) in months | Control"": ""13.2,4.3"", ""Follow-up duration for primary endpoint(s) in months | Overall"": null, ""Follow-up duration for primary endpoint(s) in months | Rx"": ""NE,6.8"", ""Included in MA"": ""Yes"", ""Is PD-L1 positivity inclusion criteria"": ""No"", ""Is any other biomarker used for inclusion"": ""No"", ""Lines of treatment"": ""Only 1st line of treatment for metastatic disease"", ""Monotherapy/combination"": ""Combination"", ""NCT"": ""NCT03434379"", ""Name of ICI"": ""Atezolizumab"", ""Number of arms"": 3, ""Originial publication or Follow-up"": ""Original publication"", ""Priamry Multiple, composite, or co-primary endpoints?"": ""Co-primary"", ""Primary endpoint"": ""OS+PFS"", ""PubMed ID"": ""32402160"", ""Secondary endpoint"": ""ORR, DOR, safety, tolerability"", ""Total sample size"": 336, ""Treatment regimen"": ""Atezolizumab+Bevacizumab"", ""Trial name"": ""IMbrave150"", ""Trial phase"": ""Phase 3"", ""Type of combination"": ""ICI+Anti-VEGF"", ""Type of control"": ""TKI"", ""Type of follow-up given"": ""Median"", ""Type of therapy"": ""Combination"", ""Year"": 2020, ""__rowid__"": 109}"
row_182,182,"In Hodgkin Lymphoma trials, classify the ICI by target class from its generic name as PD-1, PD-L1, or CTLA-4.",Name of ICI,"[""class""]",bert,row,20,0.7630113959312439,0,81,NCT01042379,32053137,I-SPY2,Pembrolizumab,"{""Author"": ""Nanda R et al"", ""Cancer type"": ""Breast"", ""Class of ICI"": ""PD1"", ""Clincal setting in relation to surgery"": ""Neoadjuvant"", ""Clinical setting"": ""Neoadjuvant"", ""Control arm"": ""Chemo"", ""Control regimen"": ""Paclitaxel+Doxorubicin+Cyclophosphamide"", ""Follow-up duration for primary endpoint(s) in months | Control"": ""36"", ""Follow-up duration for primary endpoint(s) in months | Overall"": null, ""Follow-up duration for primary endpoint(s) in months | Rx"": ""33.6"", ""Included in MA"": ""No"", ""Is PD-L1 positivity inclusion criteria"": ""No"", ""Is any other biomarker used for inclusion"": ""Yes"", ""Lines of treatment"": null, ""Monotherapy/combination"": ""Combination"", ""NCT"": ""NCT01042379"", ""Name of ICI"": ""Pembrolizumab"", ""Number of arms"": 2, ""Originial publication or Follow-up"": ""Original publication"", ""Priamry Multiple, composite, or co-primary endpoints?"": null, ""Primary endpoint"": ""Path CR"", ""PubMed ID"": ""32053137"", ""Secondary endpoint"": ""residual cancer burden (RCB) and 3-year event-free and distant recurrence-free survival."", ""Total sample size"": 250, ""Treatment regimen"": ""Pembrolizumab+Paclitaxel"", ""Trial name"": ""I-SPY2"", ""Trial phase"": ""Phase 2"", ""Type of combination"": ""ICI+Chemo"", ""Type of control"": ""Chemo"", ""Type of follow-up given"": ""Median"", ""Type of therapy"": ""Combination"", ""Year"": 2019, ""__rowid__"": 81}"
row_182,182,"In Hodgkin Lymphoma trials, classify the ICI by target class from its generic name as PD-1, PD-L1, or CTLA-4.",Name of ICI,"[""class""]",bert,tuple,1,0.8039209842681885,0,102,NCT02367794,32302702,IMpower131,Atezolizumab,"{""Author"": ""Jotte R et al"", ""Cancer type"": ""Non-Small Cell Lung"", ""Class of ICI"": ""PD-L1"", ""Clincal setting in relation to surgery"": ""Metastatic+recurrent (unresectable)"", ""Clinical setting"": ""Metastatic+recurrent (unresectable)"", ""Control arm"": ""Chemo"", ""Control regimen"": ""Carboplatin+Nab-paclitaxel"", ""Follow-up duration for primary endpoint(s) in months | Control"": ""24.8, 16.1"", ""Follow-up duration for primary endpoint(s) in months | Overall"": null, ""Follow-up duration for primary endpoint(s) in months | Rx"": null, ""Included in MA"": ""Yes"", ""Is PD-L1 positivity inclusion criteria"": ""No"", ""Is any other biomarker used for inclusion"": ""No"", ""Lines of treatment"": ""Only 1st line of treatment for metastatic disease"", ""Monotherapy/combination"": ""Combination"", ""NCT"": ""NCT02367794"", ""Name of ICI"": ""Atezolizumab"", ""Number of arms"": 3, ""Originial publication or Follow-up"": ""Original publication"", ""Priamry Multiple, composite, or co-primary endpoints?"": ""Co-primary"", ""Primary endpoint"": ""OS+PFS"", ""PubMed ID"": ""32302702"", ""Secondary endpoint"": ""ORR, DOR, PFS and OS in PD-L1 subgroups and T-effector population; safety."", ""Total sample size"": 1021, ""Treatment regimen"": ""Atezolizumab+Carboplatin+Paclitaxel"", ""Trial name"": ""IMpower131"", ""Trial phase"": ""Phase 3"", ""Type of combination"": ""ICI+Chemo"", ""Type of control"": ""Chemo"", ""Type of follow-up given"": ""Median"", ""Type of therapy"": ""Combination"", ""Year"": 2020, ""__rowid__"": 102}"
row_182,182,"In Hodgkin Lymphoma trials, classify the ICI by target class from its generic name as PD-1, PD-L1, or CTLA-4.",Name of ICI,"[""class""]",bert,tuple,2,0.8028217554092407,0,107,NCT02807636,32416780,IMvigor130,Atezolizumab,"{""Author"": ""Galsky MD et al"", ""Cancer type"": ""Urothelial"", ""Class of ICI"": ""PD-L1"", ""Clincal setting in relation to surgery"": ""Metastatic+recurrent (unresectable)"", ""Clinical setting"": ""Metastatic+recurrent (unresectable)"", ""Control arm"": ""Chemo"", ""Control regimen"": ""Placebo+Gemcitabine+Carboplatin or Cisplatin"", ""Follow-up duration for primary endpoint(s) in months | Control"": ""13.4,6.3"", ""Follow-up duration for primary endpoint(s) in months | Overall"": null, ""Follow-up duration for primary endpoint(s) in months | Rx"": ""16,8.2"", ""Included in MA"": ""Yes"", ""Is PD-L1 positivity inclusion criteria"": ""No"", ""Is any other biomarker used for inclusion"": ""No"", ""Lines of treatment"": ""Only 1st line of treatment for metastatic disease"", ""Monotherapy/combination"": ""Combination"", ""NCT"": ""NCT02807636"", ""Name of ICI"": ""Atezolizumab"", ""Number of arms"": 3, ""Originial publication or Follow-up"": ""Original publication"", ""Priamry Multiple, composite, or co-primary endpoints?"": ""Co-primary"", ""Primary endpoint"": ""OS+PFS"", ""PubMed ID"": ""32416780"", ""Secondary endpoint"": ""RR, DOR, PFS"", ""Total sample size"": 1213, ""Treatment regimen"": ""Atezolizumab+Gemcitabine+Carboplatin or Cisplatin"", ""Trial name"": ""IMvigor130"", ""Trial phase"": ""Phase 3"", ""Type of combination"": ""ICI+Chemo"", ""Type of control"": ""Chemo"", ""Type of follow-up given"": ""Median"", ""Type of therapy"": ""Combination"", ""Year"": 2020, ""__rowid__"": 107}"
row_182,182,"In Hodgkin Lymphoma trials, classify the ICI by target class from its generic name as PD-1, PD-L1, or CTLA-4.",Name of ICI,"[""class""]",bert,tuple,3,0.8017361760139465,0,103,NCT02367794,32302702,IMpower131,Atezolizumab,"{""Author"": ""Jotte R et al (1)"", ""Cancer type"": ""Non-Small Cell Lung"", ""Class of ICI"": ""PD-L1"", ""Clincal setting in relation to surgery"": ""Metastatic+recurrent (unresectable)"", ""Clinical setting"": ""Metastatic+recurrent (unresectable)"", ""Control arm"": ""Chemo"", ""Control regimen"": ""Carboplatin+Nab-paclitaxel"", ""Follow-up duration for primary endpoint(s) in months | Control"": ""24.8, 16.1"", ""Follow-up duration for primary endpoint(s) in months | Overall"": null, ""Follow-up duration for primary endpoint(s) in months | Rx"": ""26.8, 18.1"", ""Included in MA"": ""Yes"", ""Is PD-L1 positivity inclusion criteria"": ""No"", ""Is any other biomarker used for inclusion"": ""No"", ""Lines of treatment"": ""Only 1st line of treatment for metastatic disease"", ""Monotherapy/combination"": ""Combination"", ""NCT"": ""NCT02367794"", ""Name of ICI"": ""Atezolizumab"", ""Number of arms"": 3, ""Originial publication or Follow-up"": ""Original publication"", ""Priamry Multiple, composite, or co-primary endpoints?"": ""Co-primary"", ""Primary endpoint"": ""OS+PFS"", ""PubMed ID"": ""32302702"", ""Secondary endpoint"": ""ORR, DOR, PFS and OS in PD-L1 subgroups and T-effector population; safety."", ""Total sample size"": 1021, ""Treatment regimen"": ""Atezolizumab+Carboplatin+Nab-paclitaxel"", ""Trial name"": ""IMpower131"", ""Trial phase"": ""Phase 3"", ""Type of combination"": ""ICI+Chemo"", ""Type of control"": ""Chemo"", ""Type of follow-up given"": ""Median"", ""Type of therapy"": ""Combination"", ""Year"": 2020, ""__rowid__"": 103}"
row_182,182,"In Hodgkin Lymphoma trials, classify the ICI by target class from its generic name as PD-1, PD-L1, or CTLA-4.",Name of ICI,"[""class""]",bert,tuple,4,0.8009064197540283,0,92,NCT03036488,32101663,KEYNOTE-522,Pembrolizumab,"{""Author"": ""Schmid P et al"", ""Cancer type"": ""Breast"", ""Class of ICI"": ""PD1"", ""Clincal setting in relation to surgery"": ""Neoadjuvant"", ""Clinical setting"": ""Neoadjuvant"", ""Control arm"": ""Chemo"", ""Control regimen"": ""Placebo+Paclitaxel+Carboplatin"", ""Follow-up duration for primary endpoint(s) in months | Control"": null, ""Follow-up duration for primary endpoint(s) in months | Overall"": ""15.5"", ""Follow-up duration for primary endpoint(s) in months | Rx"": null, ""Included in MA"": ""No"", ""Is PD-L1 positivity inclusion criteria"": ""No"", ""Is any other biomarker used for inclusion"": ""Yes"", ""Lines of treatment"": null, ""Monotherapy/combination"": ""Combination"", ""NCT"": ""NCT03036488"", ""Name of ICI"": ""Pembrolizumab"", ""Number of arms"": 2, ""Originial publication or Follow-up"": ""Original publication"", ""Priamry Multiple, composite, or co-primary endpoints?"": ""Co-primary"", ""Primary endpoint"": ""Path CR+EFS"", ""PubMed ID"": ""32101663"", ""Secondary endpoint"": ""pathological complete response, a pathological complete response according to all definitions in patients with PD-L1–positive tumors, eventfree survival among patients with PD-L1–positive tumors, and OS among all patients and patients with PD-L1–positive tumors."", ""Total sample size"": 1174, ""Treatment regimen"": ""Pembrolizumab+Paclitaxel+Carboplatin"", ""Trial name"": ""KEYNOTE-522"", ""Trial phase"": ""Phase 3"", ""Type of combination"": ""ICI+Chemo"", ""Type of control"": ""Chemo"", ""Type of follow-up given"": ""Median"", ""Type of therapy"": ""Combination"", ""Year"": 2020, ""__rowid__"": 92}"
row_182,182,"In Hodgkin Lymphoma trials, classify the ICI by target class from its generic name as PD-1, PD-L1, or CTLA-4.",Name of ICI,"[""class""]",bert,tuple,5,0.800816535949707,0,108,NCT02807636,32416780,IMvigor130,Atezolizumab,"{""Author"": ""Galsky MD et al (1)"", ""Cancer type"": ""Urothelial"", ""Class of ICI"": ""PD-L1"", ""Clincal setting in relation to surgery"": ""Metastatic+recurrent (unresectable)"", ""Clinical setting"": ""Metastatic+recurrent (unresectable)"", ""Control arm"": ""Chemo"", ""Control regimen"": ""Placebo+Gemcitabine+Carboplatin or Cisplatin"", ""Follow-up duration for primary endpoint(s) in months | Control"": ""13.1,NA"", ""Follow-up duration for primary endpoint(s) in months | Overall"": null, ""Follow-up duration for primary endpoint(s) in months | Rx"": ""15.7,NA"", ""Included in MA"": ""Yes"", ""Is PD-L1 positivity inclusion criteria"": ""No"", ""Is any other biomarker used for inclusion"": ""No"", ""Lines of treatment"": ""Only 1st line of treatment for metastatic disease"", ""Monotherapy/combination"": ""Monotherapy"", ""NCT"": ""NCT02807636"", ""Name of ICI"": ""Atezolizumab"", ""Number of arms"": 3, ""Originial publication or Follow-up"": ""Original publication"", ""Priamry Multiple, composite, or co-primary endpoints?"": ""Co-primary"", ""Primary endpoint"": ""OS+PFS"", ""PubMed ID"": ""32416780"", ""Secondary endpoint"": ""RR, DOR, PFS"", ""Total sample size"": 1213, ""Treatment regimen"": ""Atezolizumab"", ""Trial name"": ""IMvigor130"", ""Trial phase"": ""Phase 3"", ""Type of combination"": null, ""Type of control"": ""Chemo"", ""Type of follow-up given"": ""Median"", ""Type of therapy"": ""Monotherapy"", ""Year"": 2020, ""__rowid__"": 108}"
row_182,182,"In Hodgkin Lymphoma trials, classify the ICI by target class from its generic name as PD-1, PD-L1, or CTLA-4.",Name of ICI,"[""class""]",bert,tuple,6,0.8002557754516602,0,81,NCT01042379,32053137,I-SPY2,Pembrolizumab,"{""Author"": ""Nanda R et al"", ""Cancer type"": ""Breast"", ""Class of ICI"": ""PD1"", ""Clincal setting in relation to surgery"": ""Neoadjuvant"", ""Clinical setting"": ""Neoadjuvant"", ""Control arm"": ""Chemo"", ""Control regimen"": ""Paclitaxel+Doxorubicin+Cyclophosphamide"", ""Follow-up duration for primary endpoint(s) in months | Control"": ""36"", ""Follow-up duration for primary endpoint(s) in months | Overall"": null, ""Follow-up duration for primary endpoint(s) in months | Rx"": ""33.6"", ""Included in MA"": ""No"", ""Is PD-L1 positivity inclusion criteria"": ""No"", ""Is any other biomarker used for inclusion"": ""Yes"", ""Lines of treatment"": null, ""Monotherapy/combination"": ""Combination"", ""NCT"": ""NCT01042379"", ""Name of ICI"": ""Pembrolizumab"", ""Number of arms"": 2, ""Originial publication or Follow-up"": ""Original publication"", ""Priamry Multiple, composite, or co-primary endpoints?"": null, ""Primary endpoint"": ""Path CR"", ""PubMed ID"": ""32053137"", ""Secondary endpoint"": ""residual cancer burden (RCB) and 3-year event-free and distant recurrence-free survival."", ""Total sample size"": 250, ""Treatment regimen"": ""Pembrolizumab+Paclitaxel"", ""Trial name"": ""I-SPY2"", ""Trial phase"": ""Phase 2"", ""Type of combination"": ""ICI+Chemo"", ""Type of control"": ""Chemo"", ""Type of follow-up given"": ""Median"", ""Type of therapy"": ""Combination"", ""Year"": 2019, ""__rowid__"": 81}"
row_182,182,"In Hodgkin Lymphoma trials, classify the ICI by target class from its generic name as PD-1, PD-L1, or CTLA-4.",Name of ICI,"[""class""]",bert,tuple,7,0.8002400994300842,0,5,NCT02685059,31095287,GeparNuevo,Durvalumab,"{""Author"": ""Loibl S et al"", ""Cancer type"": ""Breast"", ""Class of ICI"": ""PD-L1"", ""Clincal setting in relation to surgery"": ""Neoadjuvant"", ""Clinical setting"": ""Neoadjuvant"", ""Control arm"": ""Chemo"", ""Control regimen"": ""Placebo+Nab-paclitaxel+Epirubicin+Cyclophosphamide"", ""Follow-up duration for primary endpoint(s) in months | Control"": null, ""Follow-up duration for primary endpoint(s) in months | Overall"": null, ""Follow-up duration for primary endpoint(s) in months | Rx"": null, ""Included in MA"": ""Yes"", ""Is PD-L1 positivity inclusion criteria"": ""No"", ""Is any other biomarker used for inclusion"": ""No"", ""Lines of treatment"": null, ""Monotherapy/combination"": ""Combination"", ""NCT"": ""NCT02685059"", ""Name of ICI"": ""Durvalumab"", ""Number of arms"": 2, ""Originial publication or Follow-up"": ""Original publication"", ""Priamry Multiple, composite, or co-primary endpoints?"": null, ""Primary endpoint"": ""Path CR"", ""PubMed ID"": ""31095287"", ""Secondary endpoint"": ""response rate by other path CR definitions (ypT0/is ypN0, ypT0/is ypN0/þ, and ypN0) and by clinical and imaging assessment; rate of breast conserving surgery and axilla lymph node dissection; efficacy in predefined subgroups according to centrally assessed sTILs [low ( 10%), intermediate (11%–59%), high ( 60%)]"", ""Total sample size"": 174, ""Treatment regimen"": ""Durvalumab+Nab-paclitaxel+epirubicin+cyclophosphamide"", ""Trial name"": ""GeparNuevo"", ""Trial phase"": ""Phase 2"", ""Type of combination"": ""ICI+Chemo"", ""Type of control"": ""Chemo"", ""Type of follow-up given"": null, ""Type of therapy"": ""Combination"", ""Year"": 2019, ""__rowid__"": 5}"
row_182,182,"In Hodgkin Lymphoma trials, classify the ICI by target class from its generic name as PD-1, PD-L1, or CTLA-4.",Name of ICI,"[""class""]",bert,tuple,8,0.7999375462532043,0,109,NCT03434379,32402160,IMbrave150,Atezolizumab,"{""Author"": ""Finn RS et al"", ""Cancer type"": ""Hepatocellular"", ""Class of ICI"": ""PD-L1"", ""Clincal setting in relation to surgery"": ""Metastatic+recurrent (unresectable)"", ""Clinical setting"": ""Metastatic+recurrent (unresectable)"", ""Control arm"": ""TKI"", ""Control regimen"": ""Sunitinib"", ""Follow-up duration for primary endpoint(s) in months | Control"": ""13.2,4.3"", ""Follow-up duration for primary endpoint(s) in months | Overall"": null, ""Follow-up duration for primary endpoint(s) in months | Rx"": ""NE,6.8"", ""Included in MA"": ""Yes"", ""Is PD-L1 positivity inclusion criteria"": ""No"", ""Is any other biomarker used for inclusion"": ""No"", ""Lines of treatment"": ""Only 1st line of treatment for metastatic disease"", ""Monotherapy/combination"": ""Combination"", ""NCT"": ""NCT03434379"", ""Name of ICI"": ""Atezolizumab"", ""Number of arms"": 3, ""Originial publication or Follow-up"": ""Original publication"", ""Priamry Multiple, composite, or co-primary endpoints?"": ""Co-primary"", ""Primary endpoint"": ""OS+PFS"", ""PubMed ID"": ""32402160"", ""Secondary endpoint"": ""ORR, DOR, safety, tolerability"", ""Total sample size"": 336, ""Treatment regimen"": ""Atezolizumab+Bevacizumab"", ""Trial name"": ""IMbrave150"", ""Trial phase"": ""Phase 3"", ""Type of combination"": ""ICI+Anti-VEGF"", ""Type of control"": ""TKI"", ""Type of follow-up given"": ""Median"", ""Type of therapy"": ""Combination"", ""Year"": 2020, ""__rowid__"": 109}"
row_182,182,"In Hodgkin Lymphoma trials, classify the ICI by target class from its generic name as PD-1, PD-L1, or CTLA-4.",Name of ICI,"[""class""]",bert,tuple,9,0.7995401620864868,0,129,NCT02409342,32997907,IMpower110,Atezolizumab,"{""Author"": ""Herbst RS et al."", ""Cancer type"": ""Non-Small Cell Lung"", ""Class of ICI"": ""PD-L1"", ""Clincal setting in relation to surgery"": ""Metastatic+recurrent (unresectable)"", ""Clinical setting"": ""Metastatic+recurrent (unresectable)"", ""Control arm"": ""Chemo"", ""Control regimen"": ""Cisplatin/carboplatin+gemcitabine"", ""Follow-up duration for primary endpoint(s) in months | Control"": null, ""Follow-up duration for primary endpoint(s) in months | Overall"": ""13.4"", ""Follow-up duration for primary endpoint(s) in months | Rx"": null, ""Included in MA"": null, ""Is PD-L1 positivity inclusion criteria"": ""Yes"", ""Is any other biomarker used for inclusion"": ""Yes"", ""Lines of treatment"": ""Only 1st line of treatment for metastatic disease"", ""Monotherapy/combination"": ""Monotherapy"", ""NCT"": ""NCT02409342"", ""Name of ICI"": ""Atezolizumab"", ""Number of arms"": 2, ""Originial publication or Follow-up"": ""Original publication"", ""Priamry Multiple, composite, or co-primary endpoints?"": null, ""Primary endpoint"": ""OS"", ""PubMed ID"": ""32997907"", ""Secondary endpoint"": ""investigator-assessed PFS, DOR"", ""Total sample size"": 572, ""Treatment regimen"": ""Atezolizumab"", ""Trial name"": ""IMpower110"", ""Trial phase"": ""Phase 3"", ""Type of combination"": null, ""Type of control"": ""Chemo"", ""Type of follow-up given"": ""Median"", ""Type of therapy"": ""Monotherapy"", ""Year"": 2020, ""__rowid__"": 129}"
row_182,182,"In Hodgkin Lymphoma trials, classify the ICI by target class from its generic name as PD-1, PD-L1, or CTLA-4.",Name of ICI,"[""class""]",bert,tuple,10,0.7992600798606873,0,55,NCT02367781,31122901,IMpower130,Atezolizumab,"{""Author"": ""West H et al"", ""Cancer type"": ""Non-Small Cell Lung"", ""Class of ICI"": ""PD-L1"", ""Clincal setting in relation to surgery"": ""Metastatic+recurrent (unresectable)"", ""Clinical setting"": ""Metastatic+recurrent (unresectable)"", ""Control arm"": ""Chemo"", ""Control regimen"": ""Carboplatin+Nab-paclitaxel"", ""Follow-up duration for primary endpoint(s) in months | Control"": ""19.2"", ""Follow-up duration for primary endpoint(s) in months | Overall"": null, ""Follow-up duration for primary endpoint(s) in months | Rx"": ""18.5"", ""Included in MA"": ""Yes"", ""Is PD-L1 positivity inclusion criteria"": ""No"", ""Is any other biomarker used for inclusion"": ""No"", ""Lines of treatment"": ""Only 1st line of treatment for metastatic disease"", ""Monotherapy/combination"": ""Combination"", ""NCT"": ""NCT02367781"", ""Name of ICI"": ""Atezolizumab"", ""Number of arms"": 2, ""Originial publication or Follow-up"": ""Original publication"", ""Priamry Multiple, composite, or co-primary endpoints?"": ""Co-primary"", ""Primary endpoint"": ""OS+PFS"", ""PubMed ID"": ""31122901"", ""Secondary endpoint"": null, ""Total sample size"": 724, ""Treatment regimen"": ""Atezolizumab+Carboplatin+Nab-paclitaxel"", ""Trial name"": ""IMpower130"", ""Trial phase"": ""Phase 3"", ""Type of combination"": ""ICI+Chemo"", ""Type of control"": ""Chemo"", ""Type of follow-up given"": ""Median"", ""Type of therapy"": ""Combination"", ""Year"": 2019, ""__rowid__"": 55}"
row_182,182,"In Hodgkin Lymphoma trials, classify the ICI by target class from its generic name as PD-1, PD-L1, or CTLA-4.",Name of ICI,"[""class""]",bert,tuple,11,0.7990924119949341,0,140,NCT02563002,33264544,MK-3475/Keynote-177,Pembrolizumab,"{""Author"": ""Andre T et al."", ""Cancer type"": ""Colorectal"", ""Class of ICI"": ""PD1"", ""Clincal setting in relation to surgery"": ""Metastatic+recurrent (unresectable)"", ""Clinical setting"": ""Metastatic+recurrent (unresectable)"", ""Control arm"": ""Chemo"", ""Control regimen"": ""Oxaliplatin+ leucovorin+5-fluoropyrimidine/mFOLFOX6+bevacizumab/mFOLFOX6+cetuximab"", ""Follow-up duration for primary endpoint(s) in months | Control"": null, ""Follow-up duration for primary endpoint(s) in months | Overall"": ""32.4"", ""Follow-up duration for primary endpoint(s) in months | Rx"": null, ""Included in MA"": null, ""Is PD-L1 positivity inclusion criteria"": ""No"", ""Is any other biomarker used for inclusion"": ""Yes"", ""Lines of treatment"": ""1st and later line of treatment for metastatic disease"", ""Monotherapy/combination"": ""Monotherapy"", ""NCT"": ""NCT02563002"", ""Name of ICI"": ""Pembrolizumab"", ""Number of arms"": 2, ""Originial publication or Follow-up"": ""Original publication"", ""Priamry Multiple, composite, or co-primary endpoints?"": ""Multiple"", ""Primary endpoint"": ""PFS+OS"", ""PubMed ID"": ""33264544"", ""Secondary endpoint"": ""ORR, safety"", ""Total sample size"": 307, ""Treatment regimen"": ""Pembrolizumab"", ""Trial name"": ""MK-3475/Keynote-177"", ""Trial phase"": ""Phase 3"", ""Type of combination"": null, ""Type of control"": ""Chemo"", ""Type of follow-up given"": ""Median"", ""Type of therapy"": ""Monotherapy"", ""Year"": 2020, ""__rowid__"": 140}"
row_182,182,"In Hodgkin Lymphoma trials, classify the ICI by target class from its generic name as PD-1, PD-L1, or CTLA-4.",Name of ICI,"[""class""]",bert,tuple,12,0.798410177230835,0,132,NCT02657434,33333328,Impower 132,Atezolizumab,"{""Author"": ""Nishio M et al"", ""Cancer type"": ""NSCLC"", ""Class of ICI"": ""PD-L1"", ""Clincal setting in relation to surgery"": ""Metastatic+recurrent (unresectable)"", ""Clinical setting"": ""Metastatic+recurrent (unresectable)"", ""Control arm"": ""Chemo"", ""Control regimen"": ""Carboplatin/Cisplatin+Pemetrexed"", ""Follow-up duration for primary endpoint(s) in months | Control"": null, ""Follow-up duration for primary endpoint(s) in months | Overall"": ""PFS: 14.8, OS: 28.4"", ""Follow-up duration for primary endpoint(s) in months | Rx"": null, ""Included in MA"": null, ""Is PD-L1 positivity inclusion criteria"": ""No"", ""Is any other biomarker used for inclusion"": ""Yes"", ""Lines of treatment"": ""Only 1st line of treatment for metastatic disease"", ""Monotherapy/combination"": ""Combination"", ""NCT"": ""NCT02657434"", ""Name of ICI"": ""Atezolizumab"", ""Number of arms"": 2, ""Originial publication or Follow-up"": ""Original publication"", ""Priamry Multiple, composite, or co-primary endpoints?"": ""Co-primary"", ""Primary endpoint"": ""PFS+OS"", ""PubMed ID"": ""33333328"", ""Secondary endpoint"": null, ""Total sample size"": 578, ""Treatment regimen"": ""Atezolizumab+Carboplatin/Cisplatin+Pemetrexed"", ""Trial name"": ""Impower 132"", ""Trial phase"": ""Phase 3"", ""Type of combination"": ""ICI+Chemo"", ""Type of control"": ""Chemo"", ""Type of follow-up given"": ""Median"", ""Type of therapy"": ""Combination"", ""Year"": 2020, ""__rowid__"": 132}"
row_182,182,"In Hodgkin Lymphoma trials, classify the ICI by target class from its generic name as PD-1, PD-L1, or CTLA-4.",Name of ICI,"[""class""]",bert,tuple,13,0.797957181930542,0,13,NCT02105636,27718784,CheckMate 141,Nivolumab,"{""Author"": ""Ferris RL et al"", ""Cancer type"": ""Head and Neck"", ""Class of ICI"": ""PD1"", ""Clincal setting in relation to surgery"": ""Metastatic+recurrent (unresectable)"", ""Clinical setting"": ""Metastatic+recurrent (unresectable)"", ""Control arm"": ""Chemo/Anti-EGFR"", ""Control regimen"": ""Methotrexate/Docetaxel/Cetuximab"", ""Follow-up duration for primary endpoint(s) in months | Control"": null, ""Follow-up duration for primary endpoint(s) in months | Overall"": ""5.1"", ""Follow-up duration for primary endpoint(s) in months | Rx"": null, ""Included in MA"": ""Yes"", ""Is PD-L1 positivity inclusion criteria"": ""No"", ""Is any other biomarker used for inclusion"": ""No"", ""Lines of treatment"": ""1st and later line of treatment for metastatic disease"", ""Monotherapy/combination"": ""Monotherapy"", ""NCT"": ""NCT02105636"", ""Name of ICI"": ""Nivolumab"", ""Number of arms"": 2, ""Originial publication or Follow-up"": ""Original publication"", ""Priamry Multiple, composite, or co-primary endpoints?"": null, ""Primary endpoint"": ""OS"", ""PubMed ID"": ""27718784"", ""Secondary endpoint"": ""PFS, ORR"", ""Total sample size"": 361, ""Treatment regimen"": ""Nivolumab"", ""Trial name"": ""CheckMate 141"", ""Trial phase"": ""Phase 3"", ""Type of combination"": null, ""Type of control"": ""Chemo/Anti-EGFR"", ""Type of follow-up given"": ""Median"", ""Type of therapy"": ""Monotherapy"", ""Year"": 2016, ""__rowid__"": 13}"
row_182,182,"In Hodgkin Lymphoma trials, classify the ICI by target class from its generic name as PD-1, PD-L1, or CTLA-4.",Name of ICI,"[""class""]",bert,tuple,14,0.797739565372467,0,14,NCT02105636,29884413,CheckMate 141,Nivolumab,"{""Author"": ""Ferris RL et al"", ""Cancer type"": ""Head and Neck"", ""Class of ICI"": ""PD1"", ""Clincal setting in relation to surgery"": ""Metastatic+recurrent (unresectable)"", ""Clinical setting"": ""Metastatic+recurrent (unresectable)"", ""Control arm"": ""Chemo/Anti-EGFR"", ""Control regimen"": ""Methotrexate/Docetaxel/Cetuximab"", ""Follow-up duration for primary endpoint(s) in months | Control"": null, ""Follow-up duration for primary endpoint(s) in months | Overall"": ""24.2"", ""Follow-up duration for primary endpoint(s) in months | Rx"": null, ""Included in MA"": ""Yes"", ""Is PD-L1 positivity inclusion criteria"": ""No"", ""Is any other biomarker used for inclusion"": ""No"", ""Lines of treatment"": ""1st and later line of treatment for metastatic disease"", ""Monotherapy/combination"": ""Monotherapy"", ""NCT"": ""NCT02105636"", ""Name of ICI"": ""Nivolumab"", ""Number of arms"": 2, ""Originial publication or Follow-up"": ""Follow-up"", ""Priamry Multiple, composite, or co-primary endpoints?"": null, ""Primary endpoint"": ""OS"", ""PubMed ID"": ""29884413"", ""Secondary endpoint"": ""PFS, ORR"", ""Total sample size"": 361, ""Treatment regimen"": ""Nivolumab"", ""Trial name"": ""CheckMate 141"", ""Trial phase"": ""Phase 3"", ""Type of combination"": null, ""Type of control"": ""Chemo/Anti-EGFR"", ""Type of follow-up given"": ""Minimum"", ""Type of therapy"": ""Monotherapy"", ""Year"": 2018, ""__rowid__"": 14}"
row_182,182,"In Hodgkin Lymphoma trials, classify the ICI by target class from its generic name as PD-1, PD-L1, or CTLA-4.",Name of ICI,"[""class""]",bert,tuple,15,0.7974753379821777,0,45,NCT02366143,29863955,IMPower150,Atezolizumab,"{""Author"": ""Socinski MA et al"", ""Cancer type"": ""Non-Small Cell Lung"", ""Class of ICI"": ""PD-L1"", ""Clincal setting in relation to surgery"": ""Metastatic+recurrent (unresectable)"", ""Clinical setting"": ""Metastatic+recurrent (unresectable)"", ""Control arm"": ""Chemo+Anti-VEGF"", ""Control regimen"": ""Bevacizumab+Carboplatin+Paclitaxel"", ""Follow-up duration for primary endpoint(s) in months | Control"": null, ""Follow-up duration for primary endpoint(s) in months | Overall"": ""MIN for PFS 9.5, OS 14; MEDIAN for OS 20"", ""Follow-up duration for primary endpoint(s) in months | Rx"": null, ""Included in MA"": ""Yes"", ""Is PD-L1 positivity inclusion criteria"": ""No"", ""Is any other biomarker used for inclusion"": ""No"", ""Lines of treatment"": ""Only 1st line of treatment for metastatic disease"", ""Monotherapy/combination"": ""Combination"", ""NCT"": ""NCT02366143"", ""Name of ICI"": ""Atezolizumab"", ""Number of arms"": 3, ""Originial publication or Follow-up"": ""Original publication"", ""Priamry Multiple, composite, or co-primary endpoints?"": ""Multiple"", ""Primary endpoint"": ""OS+PFS"", ""PubMed ID"": ""29863955"", ""Secondary endpoint"": ""PFS, OS in ITT population"", ""Total sample size"": 1202, ""Treatment regimen"": ""Atezolizumab+Carboplatin+Paclitaxel"", ""Trial name"": ""IMPower150"", ""Trial phase"": ""Phase 3"", ""Type of combination"": ""ICI+Chemo"", ""Type of control"": ""Chemo+Anti-VEGF"", ""Type of follow-up given"": ""Minimum"", ""Type of therapy"": ""Combination"", ""Year"": 2018, ""__rowid__"": 45}"
row_182,182,"In Hodgkin Lymphoma trials, classify the ICI by target class from its generic name as PD-1, PD-L1, or CTLA-4.",Name of ICI,"[""class""]",bert,tuple,16,0.797317385673523,0,123,NCT02516241,32971005,DANUBE,Durvalumab,"{""Author"": ""Powles T et al"", ""Cancer type"": ""Urothelial"", ""Class of ICI"": ""PD-L1"", ""Clincal setting in relation to surgery"": ""Metastatic+recurrent (unresectable)"", ""Clinical setting"": ""Metastatic+recurrent (unresectable)"", ""Control arm"": ""Chemo"", ""Control regimen"": ""Gemcitabine+Cisplatin/Carboplatin"", ""Follow-up duration for primary endpoint(s) in months | Control"": null, ""Follow-up duration for primary endpoint(s) in months | Overall"": ""41.2"", ""Follow-up duration for primary endpoint(s) in months | Rx"": null, ""Included in MA"": null, ""Is PD-L1 positivity inclusion criteria"": ""No"", ""Is any other biomarker used for inclusion"": ""No"", ""Lines of treatment"": ""Only 1st line of treatment for metastatic disease"", ""Monotherapy/combination"": ""Monotherapy"", ""NCT"": ""NCT02516241"", ""Name of ICI"": ""Durvalumab"", ""Number of arms"": 3, ""Originial publication or Follow-up"": ""Original publication"", ""Priamry Multiple, composite, or co-primary endpoints?"": ""Co-primary"", ""Primary endpoint"": ""OS"", ""PubMed ID"": ""32971005"", ""Secondary endpoint"": ""OS, PFS, ORR, DoR, DCR"", ""Total sample size"": 1032, ""Treatment regimen"": ""Durvalumab"", ""Trial name"": ""DANUBE"", ""Trial phase"": ""Phase 3"", ""Type of combination"": null, ""Type of control"": ""Chemo"", ""Type of follow-up given"": ""Median"", ""Type of therapy"": ""Monotherapy"", ""Year"": 2020, ""__rowid__"": 123}"
row_182,182,"In Hodgkin Lymphoma trials, classify the ICI by target class from its generic name as PD-1, PD-L1, or CTLA-4.",Name of ICI,"[""class""]",bert,tuple,17,0.7970180511474609,0,124,NCT02516241,32971005,DANUBE,"Durvalumab, Tremelimumab","{""Author"": ""Powles T et al (1)"", ""Cancer type"": ""Urothelial"", ""Class of ICI"": ""PD-L1, CTLA-4"", ""Clincal setting in relation to surgery"": ""Metastatic+recurrent (unresectable)"", ""Clinical setting"": ""Metastatic+recurrent (unresectable)"", ""Control arm"": ""Chemo"", ""Control regimen"": ""Gemcitabine+Cisplatin/Carboplatin"", ""Follow-up duration for primary endpoint(s) in months | Control"": null, ""Follow-up duration for primary endpoint(s) in months | Overall"": ""41.2"", ""Follow-up duration for primary endpoint(s) in months | Rx"": null, ""Included in MA"": null, ""Is PD-L1 positivity inclusion criteria"": ""No"", ""Is any other biomarker used for inclusion"": ""No"", ""Lines of treatment"": ""Only 1st line of treatment for metastatic disease"", ""Monotherapy/combination"": ""Combination"", ""NCT"": ""NCT02516241"", ""Name of ICI"": ""Durvalumab, Tremelimumab"", ""Number of arms"": 3, ""Originial publication or Follow-up"": ""Original publication"", ""Priamry Multiple, composite, or co-primary endpoints?"": ""Co-primary"", ""Primary endpoint"": ""OS"", ""PubMed ID"": ""32971005"", ""Secondary endpoint"": ""OS, PFS, ORR, DoR, DCR"", ""Total sample size"": 1032, ""Treatment regimen"": ""Durvalumab+Tremelimumab"", ""Trial name"": ""DANUBE"", ""Trial phase"": ""Phase 3"", ""Type of combination"": ""ICI+ICI"", ""Type of control"": ""Chemo"", ""Type of follow-up given"": ""Median"", ""Type of therapy"": ""Combination"", ""Year"": 2020, ""__rowid__"": 124}"
row_182,182,"In Hodgkin Lymphoma trials, classify the ICI by target class from its generic name as PD-1, PD-L1, or CTLA-4.",Name of ICI,"[""class""]",bert,tuple,18,0.7966440320014954,0,43,NCT02763579,30280641,IMPower 133,Atezolizumab,"{""Author"": ""Horn L et al"", ""Cancer type"": ""Small Cell Lung"", ""Class of ICI"": ""PD-L1"", ""Clincal setting in relation to surgery"": ""Metastatic+recurrent (unresectable)"", ""Clinical setting"": ""Metastatic+recurrent (unresectable)"", ""Control arm"": ""Placebo"", ""Control regimen"": ""Placebo"", ""Follow-up duration for primary endpoint(s) in months | Control"": null, ""Follow-up duration for primary endpoint(s) in months | Overall"": ""13.9"", ""Follow-up duration for primary endpoint(s) in months | Rx"": null, ""Included in MA"": ""Yes"", ""Is PD-L1 positivity inclusion criteria"": ""No"", ""Is any other biomarker used for inclusion"": ""No"", ""Lines of treatment"": ""Only 1st line of treatment for metastatic disease"", ""Monotherapy/combination"": ""Combination"", ""NCT"": ""NCT02763579"", ""Name of ICI"": ""Atezolizumab"", ""Number of arms"": 2, ""Originial publication or Follow-up"": ""Original publication"", ""Priamry Multiple, composite, or co-primary endpoints?"": ""Multiple"", ""Primary endpoint"": ""OS+PFS"", ""PubMed ID"": ""30280641"", ""Secondary endpoint"": ""ORR, DOR"", ""Total sample size"": 403, ""Treatment regimen"": ""Atezolizumab+Etoposide+Carboplatin"", ""Trial name"": ""IMPower 133"", ""Trial phase"": ""Phase 3"", ""Type of combination"": ""ICI+Chemo"", ""Type of control"": ""Placebo"", ""Type of follow-up given"": ""Median"", ""Type of therapy"": ""Combination"", ""Year"": 2018, ""__rowid__"": 43}"
row_182,182,"In Hodgkin Lymphoma trials, classify the ICI by target class from its generic name as PD-1, PD-L1, or CTLA-4.",Name of ICI,"[""class""]",bert,tuple,19,0.7961776852607727,0,15,NCT01668784,26406148,CheckMate 025,Nivolumab,"{""Author"": ""Motzer RJ et al"", ""Cancer type"": ""Renal cell"", ""Class of ICI"": ""PD1"", ""Clincal setting in relation to surgery"": ""Metastatic+recurrent (unresectable)"", ""Clinical setting"": ""Metastatic+recurrent (unresectable)"", ""Control arm"": ""mTOR inhibitor"", ""Control regimen"": ""Everolimus"", ""Follow-up duration for primary endpoint(s) in months | Control"": null, ""Follow-up duration for primary endpoint(s) in months | Overall"": ""14"", ""Follow-up duration for primary endpoint(s) in months | Rx"": null, ""Included in MA"": ""Yes"", ""Is PD-L1 positivity inclusion criteria"": ""No"", ""Is any other biomarker used for inclusion"": ""No"", ""Lines of treatment"": ""Only 2nd or later line of treatment for metastatic disease"", ""Monotherapy/combination"": ""Monotherapy"", ""NCT"": ""NCT01668784"", ""Name of ICI"": ""Nivolumab"", ""Number of arms"": 2, ""Originial publication or Follow-up"": ""Original publication"", ""Priamry Multiple, composite, or co-primary endpoints?"": null, ""Primary endpoint"": ""OS"", ""PubMed ID"": ""26406148"", ""Secondary endpoint"": ""ORR; PFS, association between overall survival and tumor expression of PD-L1; incidence of adverse events."", ""Total sample size"": 821, ""Treatment regimen"": ""Nivolumab"", ""Trial name"": ""CheckMate 025"", ""Trial phase"": ""Phase 3"", ""Type of combination"": null, ""Type of control"": ""mTOR inhibitor"", ""Type of follow-up given"": ""Minimum"", ""Type of therapy"": ""Monotherapy"", ""Year"": 2015, ""__rowid__"": 15}"
row_182,182,"In Hodgkin Lymphoma trials, classify the ICI by target class from its generic name as PD-1, PD-L1, or CTLA-4.",Name of ICI,"[""class""]",bert,tuple,20,0.7960718870162964,0,53,NCT03059667,30664989,IFCT-1603,Atezolizumab,"{""Author"": ""Pujol JL et al"", ""Cancer type"": ""Small Cell Lung"", ""Class of ICI"": ""PD-L1"", ""Clincal setting in relation to surgery"": ""Metastatic+recurrent (unresectable)"", ""Clinical setting"": ""Metastatic+recurrent (unresectable)"", ""Control arm"": ""Chemo"", ""Control regimen"": ""Etoposide+Carboplatin/Topotecan"", ""Follow-up duration for primary endpoint(s) in months | Control"": null, ""Follow-up duration for primary endpoint(s) in months | Overall"": ""13.7"", ""Follow-up duration for primary endpoint(s) in months | Rx"": null, ""Included in MA"": ""No"", ""Is PD-L1 positivity inclusion criteria"": ""No"", ""Is any other biomarker used for inclusion"": ""No"", ""Lines of treatment"": ""Only 2nd or later line of treatment for metastatic disease"", ""Monotherapy/combination"": ""Monotherapy"", ""NCT"": ""NCT03059667"", ""Name of ICI"": ""Atezolizumab"", ""Number of arms"": 2, ""Originial publication or Follow-up"": ""Original publication"", ""Priamry Multiple, composite, or co-primary endpoints?"": null, ""Primary endpoint"": ""ORR"", ""PubMed ID"": ""30664989"", ""Secondary endpoint"": ""OS, PFS, RR, Disease progression/Death, QoL"", ""Total sample size"": 73, ""Treatment regimen"": ""Atezolizumab"", ""Trial name"": ""IFCT-1603"", ""Trial phase"": ""Phase 2"", ""Type of combination"": null, ""Type of control"": ""Chemo"", ""Type of follow-up given"": ""Median"", ""Type of therapy"": ""Monotherapy"", ""Year"": 2019, ""__rowid__"": 53}"
row_182,182,"In Hodgkin Lymphoma trials, classify the ICI by target class from its generic name as PD-1, PD-L1, or CTLA-4.",Name of ICI,"[""class""]",sbert,column,1,0.5779232382774353,0,154,NCT02555657,33676601,Keynote-119,Chemotherapy,"{""Author"": ""Winer PE et al"", ""Cancer type"": ""Breast"", ""Class of ICI"": ""PD1"", ""Clincal setting in relation to surgery"": ""Metastatic+recurrent (unresectable)"", ""Clinical setting"": ""Metastatic+recurrent (unresectable)"", ""Control arm"": ""Chemo"", ""Control regimen"": ""Chemotherapy"", ""Follow-up duration for primary endpoint(s) in months | Control"": null, ""Follow-up duration for primary endpoint(s) in months | Overall"": ""31.4"", ""Follow-up duration for primary endpoint(s) in months | Rx"": ""31.5"", ""Included in MA"": null, ""Is PD-L1 positivity inclusion criteria"": ""No"", ""Is any other biomarker used for inclusion"": ""Yes"", ""Lines of treatment"": ""Only 2nd or later line of treatment for metastatic disease"", ""Monotherapy/combination"": ""Monotherapy"", ""NCT"": ""NCT02555657"", ""Name of ICI"": ""Chemotherapy"", ""Number of arms"": 2, ""Originial publication or Follow-up"": ""Original publication"", ""Priamry Multiple, composite, or co-primary endpoints?"": null, ""Primary endpoint"": ""OS"", ""PubMed ID"": ""33676601"", ""Secondary endpoint"": ""PFS; ORR; DCR; DoR; safety"", ""Total sample size"": 622, ""Treatment regimen"": ""Pembrolizumab"", ""Trial name"": ""Keynote-119"", ""Trial phase"": ""Phase 3"", ""Type of combination"": null, ""Type of control"": ""Chemo"", ""Type of follow-up given"": ""Median"", ""Type of therapy"": ""Monotherapy"", ""Year"": 2021, ""__rowid__"": 154}"
row_182,182,"In Hodgkin Lymphoma trials, classify the ICI by target class from its generic name as PD-1, PD-L1, or CTLA-4.",Name of ICI,"[""class""]",sbert,column,2,0.5305913090705872,0,2,NCT02256436,28212060,Keynote-045,Pembrolizumab,"{""Author"": ""Bellmunt J et al"", ""Cancer type"": ""Bladder"", ""Class of ICI"": ""PD1"", ""Clincal setting in relation to surgery"": ""Metastatic+recurrent (unresectable)"", ""Clinical setting"": ""Metastatic+recurrent (unresectable)"", ""Control arm"": ""Chemo"", ""Control regimen"": ""Vinflunine+Paclitaxel+Docetaxel"", ""Follow-up duration for primary endpoint(s) in months | Control"": null, ""Follow-up duration for primary endpoint(s) in months | Overall"": ""14.1"", ""Follow-up duration for primary endpoint(s) in months | Rx"": null, ""Included in MA"": ""Yes"", ""Is PD-L1 positivity inclusion criteria"": ""No"", ""Is any other biomarker used for inclusion"": ""No"", ""Lines of treatment"": ""1st and later line of treatment for metastatic disease"", ""Monotherapy/combination"": ""Monotherapy"", ""NCT"": ""NCT02256436"", ""Name of ICI"": ""Pembrolizumab"", ""Number of arms"": 2, ""Originial publication or Follow-up"": ""Original publication"", ""Priamry Multiple, composite, or co-primary endpoints?"": ""Multiple"", ""Primary endpoint"": ""OS+PFS"", ""PubMed ID"": ""28212060"", ""Secondary endpoint"": ""Safety, tolerability, ORR, DoR"", ""Total sample size"": 542, ""Treatment regimen"": ""Pembrolizumab"", ""Trial name"": ""Keynote-045"", ""Trial phase"": ""Phase 3"", ""Type of combination"": null, ""Type of control"": ""Chemo"", ""Type of follow-up given"": ""Median"", ""Type of therapy"": ""Monotherapy"", ""Year"": 2017, ""__rowid__"": 2}"
row_182,182,"In Hodgkin Lymphoma trials, classify the ICI by target class from its generic name as PD-1, PD-L1, or CTLA-4.",Name of ICI,"[""class""]",sbert,column,3,0.5305913090705872,0,11,NCT02370498,29880231,Keynote-061,Pembrolizumab,"{""Author"": ""Shitara K et al"", ""Cancer type"": ""Gastric/GEJ"", ""Class of ICI"": ""PD1"", ""Clincal setting in relation to surgery"": ""Metastatic+recurrent (unresectable)"", ""Clinical setting"": ""Metastatic+recurrent (unresectable)"", ""Control arm"": ""Chemo"", ""Control regimen"": ""Paclitaxel"", ""Follow-up duration for primary endpoint(s) in months | Control"": null, ""Follow-up duration for primary endpoint(s) in months | Overall"": ""7.9"", ""Follow-up duration for primary endpoint(s) in months | Rx"": null, ""Included in MA"": ""Yes"", ""Is PD-L1 positivity inclusion criteria"": ""No"", ""Is any other biomarker used for inclusion"": ""No"", ""Lines of treatment"": ""Only 2nd or later line of treatment for metastatic disease"", ""Monotherapy/combination"": ""Monotherapy"", ""NCT"": ""NCT02370498"", ""Name of ICI"": ""Pembrolizumab"", ""Number of arms"": 2, ""Originial publication or Follow-up"": ""Original publication"", ""Priamry Multiple, composite, or co-primary endpoints?"": ""Multiple"", ""Primary endpoint"": ""OS+PFS"", ""PubMed ID"": ""29880231"", ""Secondary endpoint"": ""ORR, DoR, in patients with PD-L1 CPS of 1 or higher and in the total population; PFS, OS in the total population; PFS in the population with CPS of 1 or higher and in the total population; and time to progression in the population with CPS of 1 or higher and in the total population; safety"", ""Total sample size"": 395, ""Treatment regimen"": ""Pembrolizumab"", ""Trial name"": ""Keynote-061"", ""Trial phase"": ""Phase 3"", ""Type of combination"": null, ""Type of control"": ""Chemo"", ""Type of follow-up given"": ""Median"", ""Type of therapy"": ""Monotherapy"", ""Year"": 2018, ""__rowid__"": 11}"
row_182,182,"In Hodgkin Lymphoma trials, classify the ICI by target class from its generic name as PD-1, PD-L1, or CTLA-4.",Name of ICI,"[""class""]",sbert,column,4,0.5305913090705872,0,3,NCT02256436,31050707,Keynote-045,Pembrolizumab,"{""Author"": ""Fradet Y et al"", ""Cancer type"": ""Bladder"", ""Class of ICI"": ""PD1"", ""Clincal setting in relation to surgery"": ""Metastatic+recurrent (unresectable)"", ""Clinical setting"": ""Metastatic+recurrent (unresectable)"", ""Control arm"": ""Chemo"", ""Control regimen"": ""Vinflunine+Paclitaxel+Docetaxel"", ""Follow-up duration for primary endpoint(s) in months | Control"": null, ""Follow-up duration for primary endpoint(s) in months | Overall"": ""27.7"", ""Follow-up duration for primary endpoint(s) in months | Rx"": null, ""Included in MA"": ""Yes"", ""Is PD-L1 positivity inclusion criteria"": ""No"", ""Is any other biomarker used for inclusion"": ""No"", ""Lines of treatment"": ""1st and later line of treatment for metastatic disease"", ""Monotherapy/combination"": ""Monotherapy"", ""NCT"": ""NCT02256436"", ""Name of ICI"": ""Pembrolizumab"", ""Number of arms"": 2, ""Originial publication or Follow-up"": ""Follow-up"", ""Priamry Multiple, composite, or co-primary endpoints?"": ""Multiple"", ""Primary endpoint"": ""OS+PFS"", ""PubMed ID"": ""31050707"", ""Secondary endpoint"": ""Safety, tolerability, ORR, DoR"", ""Total sample size"": 542, ""Treatment regimen"": ""Pembrolizumab"", ""Trial name"": ""Keynote-045"", ""Trial phase"": ""Phase 3"", ""Type of combination"": null, ""Type of control"": ""Chemo"", ""Type of follow-up given"": ""Median"", ""Type of therapy"": ""Monotherapy"", ""Year"": 2019, ""__rowid__"": 3}"
row_182,182,"In Hodgkin Lymphoma trials, classify the ICI by target class from its generic name as PD-1, PD-L1, or CTLA-4.",Name of ICI,"[""class""]",sbert,column,5,0.5305913090705872,0,30,NCT01905657,26712084,Keynote-010,Pembrolizumab,"{""Author"": ""Herbst RS et al (1)"", ""Cancer type"": ""Non-Small Cell Lung"", ""Class of ICI"": ""PD1"", ""Clincal setting in relation to surgery"": ""Metastatic+recurrent (unresectable)"", ""Clinical setting"": ""Metastatic+recurrent (unresectable)"", ""Control arm"": ""Chemo"", ""Control regimen"": ""Docetaxel"", ""Follow-up duration for primary endpoint(s) in months | Control"": ""8.5"", ""Follow-up duration for primary endpoint(s) in months | Overall"": null, ""Follow-up duration for primary endpoint(s) in months | Rx"": ""12.7 (Pembrolizumab 10mg/kg)"", ""Included in MA"": ""Yes"", ""Is PD-L1 positivity inclusion criteria"": ""Yes"", ""Is any other biomarker used for inclusion"": ""No"", ""Lines of treatment"": ""Only 2nd or later line of treatment for metastatic disease"", ""Monotherapy/combination"": ""Monotherapy"", ""NCT"": ""NCT01905657"", ""Name of ICI"": ""Pembrolizumab"", ""Number of arms"": 3, ""Originial publication or Follow-up"": ""Original publication"", ""Priamry Multiple, composite, or co-primary endpoints?"": ""Multiple"", ""Primary endpoint"": ""OS+PFS"", ""PubMed ID"": ""26712084"", ""Secondary endpoint"": ""RR, DOR"", ""Total sample size"": 1034, ""Treatment regimen"": ""Pembrolizumab"", ""Trial name"": ""Keynote-010"", ""Trial phase"": ""Phase 2"", ""Type of combination"": null, ""Type of control"": ""Chemo"", ""Type of follow-up given"": ""Median"", ""Type of therapy"": ""Monotherapy"", ""Year"": 2016, ""__rowid__"": 30}"
row_182,182,"In Hodgkin Lymphoma trials, classify the ICI by target class from its generic name as PD-1, PD-L1, or CTLA-4.",Name of ICI,"[""class""]",sbert,column,6,0.5305913090705872,0,29,NCT01905657,26712084,Keynote-010,Pembrolizumab,"{""Author"": ""Herbst RS et al"", ""Cancer type"": ""Non-Small Cell Lung"", ""Class of ICI"": ""PD1"", ""Clincal setting in relation to surgery"": ""Metastatic+recurrent (unresectable)"", ""Clinical setting"": ""Metastatic+recurrent (unresectable)"", ""Control arm"": ""Chemo"", ""Control regimen"": ""Docetaxel"", ""Follow-up duration for primary endpoint(s) in months | Control"": ""8.5"", ""Follow-up duration for primary endpoint(s) in months | Overall"": null, ""Follow-up duration for primary endpoint(s) in months | Rx"": ""10.4(Pembrolizumab 2mg/kg)"", ""Included in MA"": ""Yes"", ""Is PD-L1 positivity inclusion criteria"": ""Yes"", ""Is any other biomarker used for inclusion"": ""No"", ""Lines of treatment"": ""Only 2nd or later line of treatment for metastatic disease"", ""Monotherapy/combination"": ""Monotherapy"", ""NCT"": ""NCT01905657"", ""Name of ICI"": ""Pembrolizumab"", ""Number of arms"": 3, ""Originial publication or Follow-up"": ""Original publication"", ""Priamry Multiple, composite, or co-primary endpoints?"": ""Multiple"", ""Primary endpoint"": ""OS+PFS"", ""PubMed ID"": ""26712084"", ""Secondary endpoint"": ""RR, DOR"", ""Total sample size"": 1034, ""Treatment regimen"": ""Pembrolizumab"", ""Trial name"": ""Keynote-010"", ""Trial phase"": ""Phase 2"", ""Type of combination"": null, ""Type of control"": ""Chemo"", ""Type of follow-up given"": ""Median"", ""Type of therapy"": ""Monotherapy"", ""Year"": 2016, ""__rowid__"": 29}"
row_182,182,"In Hodgkin Lymphoma trials, classify the ICI by target class from its generic name as PD-1, PD-L1, or CTLA-4.",Name of ICI,"[""class""]",sbert,column,7,0.5305913090705872,0,21,NCT02853331,30779529,KEYNOTE-426,Pembrolizumab,"{""Author"": ""Rini BI et al"", ""Cancer type"": ""Renal cell"", ""Class of ICI"": ""PD1"", ""Clincal setting in relation to surgery"": ""Metastatic+recurrent (unresectable)"", ""Clinical setting"": ""Metastatic+recurrent (unresectable)"", ""Control arm"": ""TKI"", ""Control regimen"": ""Sunitinib"", ""Follow-up duration for primary endpoint(s) in months | Control"": null, ""Follow-up duration for primary endpoint(s) in months | Overall"": ""12.8"", ""Follow-up duration for primary endpoint(s) in months | Rx"": null, ""Included in MA"": ""Yes"", ""Is PD-L1 positivity inclusion criteria"": ""No"", ""Is any other biomarker used for inclusion"": ""No"", ""Lines of treatment"": ""Only 1st line of treatment for metastatic disease"", ""Monotherapy/combination"": ""Combination"", ""NCT"": ""NCT02853331"", ""Name of ICI"": ""Pembrolizumab"", ""Number of arms"": 2, ""Originial publication or Follow-up"": ""Original publication"", ""Priamry Multiple, composite, or co-primary endpoints?"": ""Multiple"", ""Primary endpoint"": ""OS+PFS"", ""PubMed ID"": ""30779529"", ""Secondary endpoint"": ""ORR; duration of response; safety"", ""Total sample size"": 861, ""Treatment regimen"": ""Pembrolizumab+Axitinib"", ""Trial name"": ""KEYNOTE-426"", ""Trial phase"": ""Phase 3"", ""Type of combination"": ""ICI+TKI"", ""Type of control"": ""TKI"", ""Type of follow-up given"": ""Median"", ""Type of therapy"": ""Combination"", ""Year"": 2019, ""__rowid__"": 21}"
row_182,182,"In Hodgkin Lymphoma trials, classify the ICI by target class from its generic name as PD-1, PD-L1, or CTLA-4.",Name of ICI,"[""class""]",sbert,column,8,0.5305913090705872,0,12,NCT02252042,30509740,KEYNOTE-040,Pembrolizumab,"{""Author"": ""Cohen EEW et al"", ""Cancer type"": ""Head and Neck"", ""Class of ICI"": ""PD1"", ""Clincal setting in relation to surgery"": ""Metastatic+recurrent (unresectable)"", ""Clinical setting"": ""Metastatic+recurrent (unresectable)"", ""Control arm"": ""Chemo/Anti-EGFR"", ""Control regimen"": ""Methotrexate/Docetaxel/Cetuximab"", ""Follow-up duration for primary endpoint(s) in months | Control"": ""7.1"", ""Follow-up duration for primary endpoint(s) in months | Overall"": null, ""Follow-up duration for primary endpoint(s) in months | Rx"": ""7.5"", ""Included in MA"": ""Yes"", ""Is PD-L1 positivity inclusion criteria"": ""No"", ""Is any other biomarker used for inclusion"": ""No"", ""Lines of treatment"": ""1st and later line of treatment for metastatic disease"", ""Monotherapy/combination"": ""Monotherapy"", ""NCT"": ""NCT02252042"", ""Name of ICI"": ""Pembrolizumab"", ""Number of arms"": 2, ""Originial publication or Follow-up"": ""Original publication"", ""Priamry Multiple, composite, or co-primary endpoints?"": null, ""Primary endpoint"": ""OS"", ""PubMed ID"": ""30509740"", ""Secondary endpoint"": ""OS in the population with \na PD-L1 combined positive \nscore of 1 or higher; safety, \nPFS,ORR, duration of \nconfirmed response in all \nparticipants and those with a PD-L1 combined positive score of 1 or higher."", ""Total sample size"": 495, ""Treatment regimen"": ""Pembrolizumab"", ""Trial name"": ""KEYNOTE-040"", ""Trial phase"": ""Phase 3"", ""Type of combination"": null, ""Type of control"": ""Chemo/Anti-EGFR"", ""Type of follow-up given"": ""Median"", ""Type of therapy"": ""Monotherapy"", ""Year"": 2018, ""__rowid__"": 12}"
row_182,182,"In Hodgkin Lymphoma trials, classify the ICI by target class from its generic name as PD-1, PD-L1, or CTLA-4.",Name of ICI,"[""class""]",sbert,column,9,0.5305913090705872,0,52,NCT02220894,30955977,Keynote-042,Pembrolizumab,"{""Author"": ""Mok TSK et al"", ""Cancer type"": ""Non-Small Cell Lung"", ""Class of ICI"": ""PD1"", ""Clincal setting in relation to surgery"": ""Metastatic+recurrent (unresectable)"", ""Clinical setting"": ""Metastatic+recurrent (unresectable)"", ""Control arm"": ""Chemo"", ""Control regimen"": ""Carboplatin+Pemetrexed+Paclitaxel"", ""Follow-up duration for primary endpoint(s) in months | Control"": null, ""Follow-up duration for primary endpoint(s) in months | Overall"": ""12.8"", ""Follow-up duration for primary endpoint(s) in months | Rx"": null, ""Included in MA"": ""Yes"", ""Is PD-L1 positivity inclusion criteria"": ""Yes"", ""Is any other biomarker used for inclusion"": ""No"", ""Lines of treatment"": ""Only 1st line of treatment for metastatic disease"", ""Monotherapy/combination"": ""Monotherapy"", ""NCT"": ""NCT02220894"", ""Name of ICI"": ""Pembrolizumab"", ""Number of arms"": 2, ""Originial publication or Follow-up"": ""Original publication"", ""Priamry Multiple, composite, or co-primary endpoints?"": null, ""Primary endpoint"": ""OS"", ""PubMed ID"": ""30955977"", ""Secondary endpoint"": ""PFS, ORR in pts with PD-L1 TPS of >=50%; >=20%; >=1%"", ""Total sample size"": 1274, ""Treatment regimen"": ""Pembrolizumab"", ""Trial name"": ""Keynote-042"", ""Trial phase"": ""Phase 3"", ""Type of combination"": null, ""Type of control"": ""Chemo"", ""Type of follow-up given"": ""Median"", ""Type of therapy"": ""Monotherapy"", ""Year"": 2019, ""__rowid__"": 52}"
row_182,182,"In Hodgkin Lymphoma trials, classify the ICI by target class from its generic name as PD-1, PD-L1, or CTLA-4.",Name of ICI,"[""class""]",sbert,column,10,0.5305913090705872,0,54,NCT02142738,30620668,Keynote-024,Pembrolizumab,"{""Author"": ""Reck M et al"", ""Cancer type"": ""Non-Small Cell Lung"", ""Class of ICI"": ""PD1"", ""Clincal setting in relation to surgery"": ""Metastatic+recurrent (unresectable)"", ""Clinical setting"": ""Metastatic+recurrent (unresectable)"", ""Control arm"": ""Chemo"", ""Control regimen"": ""Platinum-based chemotherapy"", ""Follow-up duration for primary endpoint(s) in months | Control"": null, ""Follow-up duration for primary endpoint(s) in months | Overall"": ""25.2"", ""Follow-up duration for primary endpoint(s) in months | Rx"": null, ""Included in MA"": ""Yes"", ""Is PD-L1 positivity inclusion criteria"": ""Yes"", ""Is any other biomarker used for inclusion"": ""No"", ""Lines of treatment"": ""Only 1st line of treatment for metastatic disease"", ""Monotherapy/combination"": ""Monotherapy"", ""NCT"": ""NCT02142738"", ""Name of ICI"": ""Pembrolizumab"", ""Number of arms"": 2, ""Originial publication or Follow-up"": ""Follow-up"", ""Priamry Multiple, composite, or co-primary endpoints?"": null, ""Primary endpoint"": ""PFS"", ""PubMed ID"": ""30620668"", ""Secondary endpoint"": ""OS, ORR, safety"", ""Total sample size"": 305, ""Treatment regimen"": ""Pembrolizumab"", ""Trial name"": ""Keynote-024"", ""Trial phase"": ""Phase 3"", ""Type of combination"": null, ""Type of control"": ""Chemo"", ""Type of follow-up given"": ""Median"", ""Type of therapy"": ""Monotherapy"", ""Year"": 2019, ""__rowid__"": 54}"
row_182,182,"In Hodgkin Lymphoma trials, classify the ICI by target class from its generic name as PD-1, PD-L1, or CTLA-4.",Name of ICI,"[""class""]",sbert,column,11,0.5305913090705872,0,64,NCT01704287,26115796,KEYNOTE-002,Pembrolizumab,"{""Author"": ""Ribas A et al (1)"", ""Cancer type"": ""Melanoma"", ""Class of ICI"": ""PD1"", ""Clincal setting in relation to surgery"": ""Metastatic+recurrent (unresectable)"", ""Clinical setting"": ""Metastatic+recurrent (unresectable)"", ""Control arm"": ""Chemo"", ""Control regimen"": ""Investigator's choice chemotherapy"", ""Follow-up duration for primary endpoint(s) in months | Control"": null, ""Follow-up duration for primary endpoint(s) in months | Overall"": ""10"", ""Follow-up duration for primary endpoint(s) in months | Rx"": null, ""Included in MA"": ""Yes"", ""Is PD-L1 positivity inclusion criteria"": ""No"", ""Is any other biomarker used for inclusion"": ""No"", ""Lines of treatment"": ""1st and later line of treatment for metastatic disease"", ""Monotherapy/combination"": ""Monotherapy"", ""NCT"": ""NCT01704287"", ""Name of ICI"": ""Pembrolizumab"", ""Number of arms"": 3, ""Originial publication or Follow-up"": ""Original publication"", ""Priamry Multiple, composite, or co-primary endpoints?"": ""Co-primary"", ""Primary endpoint"": ""OS+PFS"", ""PubMed ID"": ""26115796"", ""Secondary endpoint"": ""ORR; response duration; time from best overall response of complete or partial response until disease progression; safety."", ""Total sample size"": 540, ""Treatment regimen"": ""Pembrolizumab 10 mg/kg"", ""Trial name"": ""KEYNOTE-002"", ""Trial phase"": ""Phase 2"", ""Type of combination"": null, ""Type of control"": ""Chemo"", ""Type of follow-up given"": ""Median"", ""Type of therapy"": ""Monotherapy"", ""Year"": 2015, ""__rowid__"": 64}"
row_182,182,"In Hodgkin Lymphoma trials, classify the ICI by target class from its generic name as PD-1, PD-L1, or CTLA-4.",Name of ICI,"[""class""]",sbert,column,12,0.5305913090705872,0,63,NCT01704287,26115796,KEYNOTE-002,Pembrolizumab,"{""Author"": ""Ribas A et al"", ""Cancer type"": ""Melanoma"", ""Class of ICI"": ""PD1"", ""Clincal setting in relation to surgery"": ""Metastatic+recurrent (unresectable)"", ""Clinical setting"": ""Metastatic+recurrent (unresectable)"", ""Control arm"": ""Chemo"", ""Control regimen"": ""Investigator's choice chemotherapy"", ""Follow-up duration for primary endpoint(s) in months | Control"": null, ""Follow-up duration for primary endpoint(s) in months | Overall"": ""10"", ""Follow-up duration for primary endpoint(s) in months | Rx"": null, ""Included in MA"": ""Yes"", ""Is PD-L1 positivity inclusion criteria"": ""No"", ""Is any other biomarker used for inclusion"": ""No"", ""Lines of treatment"": ""1st and later line of treatment for metastatic disease"", ""Monotherapy/combination"": ""Monotherapy"", ""NCT"": ""NCT01704287"", ""Name of ICI"": ""Pembrolizumab"", ""Number of arms"": 3, ""Originial publication or Follow-up"": ""Original publication"", ""Priamry Multiple, composite, or co-primary endpoints?"": ""Co-primary"", ""Primary endpoint"": ""OS+PFS"", ""PubMed ID"": ""26115796"", ""Secondary endpoint"": ""ORR; response duration; time from best overall response of complete or partial response until disease progression; safety."", ""Total sample size"": 540, ""Treatment regimen"": ""Pembrolizumab 2 mg/kg"", ""Trial name"": ""KEYNOTE-002"", ""Trial phase"": ""Phase 2"", ""Type of combination"": null, ""Type of control"": ""Chemo"", ""Type of follow-up given"": ""Median"", ""Type of therapy"": ""Monotherapy"", ""Year"": 2015, ""__rowid__"": 63}"
row_182,182,"In Hodgkin Lymphoma trials, classify the ICI by target class from its generic name as PD-1, PD-L1, or CTLA-4.",Name of ICI,"[""class""]",sbert,column,13,0.5305913090705872,0,42,NCT02578680,29658856,Keynote-189,Pembrolizumab,"{""Author"": ""Gandhi L et al"", ""Cancer type"": ""Non-Small Cell Lung"", ""Class of ICI"": ""PD1"", ""Clincal setting in relation to surgery"": ""Metastatic+recurrent (unresectable)"", ""Clinical setting"": ""Metastatic+recurrent (unresectable)"", ""Control arm"": ""Chemo"", ""Control regimen"": ""Placebo+Pemetrexed+Platinum agent"", ""Follow-up duration for primary endpoint(s) in months | Control"": null, ""Follow-up duration for primary endpoint(s) in months | Overall"": ""10.5"", ""Follow-up duration for primary endpoint(s) in months | Rx"": null, ""Included in MA"": ""Yes"", ""Is PD-L1 positivity inclusion criteria"": ""No"", ""Is any other biomarker used for inclusion"": ""No"", ""Lines of treatment"": ""Only 1st line of treatment for metastatic disease"", ""Monotherapy/combination"": ""Combination"", ""NCT"": ""NCT02578680"", ""Name of ICI"": ""Pembrolizumab"", ""Number of arms"": 2, ""Originial publication or Follow-up"": ""Original publication"", ""Priamry Multiple, composite, or co-primary endpoints?"": ""Multiple"", ""Primary endpoint"": ""OS+PFS"", ""PubMed ID"": ""29658856"", ""Secondary endpoint"": ""ORR, DOR, safety"", ""Total sample size"": 616, ""Treatment regimen"": ""Pembrolizumab+Platinum agent"", ""Trial name"": ""Keynote-189"", ""Trial phase"": ""Phase 3"", ""Type of combination"": ""ICI+Chemo"", ""Type of control"": ""Chemo"", ""Type of follow-up given"": ""Median"", ""Type of therapy"": ""Combination"", ""Year"": 2018, ""__rowid__"": 42}"
row_182,182,"In Hodgkin Lymphoma trials, classify the ICI by target class from its generic name as PD-1, PD-L1, or CTLA-4.",Name of ICI,"[""class""]",sbert,column,14,0.5305913090705872,0,44,NCT02775435,30280635,Keynote-407,Pembrolizumab,"{""Author"": ""Paz-Ares L et al"", ""Cancer type"": ""Non-Small Cell Lung"", ""Class of ICI"": ""PD1"", ""Clincal setting in relation to surgery"": ""Metastatic+recurrent (unresectable)"", ""Clinical setting"": ""Metastatic+recurrent (unresectable)"", ""Control arm"": ""Chemo"", ""Control regimen"": ""Placebo+Carboplatin+paclitaxel/nab-paclitaxel"", ""Follow-up duration for primary endpoint(s) in months | Control"": null, ""Follow-up duration for primary endpoint(s) in months | Overall"": ""7.8"", ""Follow-up duration for primary endpoint(s) in months | Rx"": null, ""Included in MA"": ""No"", ""Is PD-L1 positivity inclusion criteria"": ""No"", ""Is any other biomarker used for inclusion"": ""No"", ""Lines of treatment"": ""Only 1st line of treatment for metastatic disease"", ""Monotherapy/combination"": ""Combination"", ""NCT"": ""NCT02775435"", ""Name of ICI"": ""Pembrolizumab"", ""Number of arms"": 2, ""Originial publication or Follow-up"": ""Original publication"", ""Priamry Multiple, composite, or co-primary endpoints?"": ""Multiple"", ""Primary endpoint"": ""OS+PFS"", ""PubMed ID"": ""30280635"", ""Secondary endpoint"": ""ORR, DOR, safety"", ""Total sample size"": 559, ""Treatment regimen"": ""Pembrolizumab+Carboplatin+Paclitaxel/nab-paclitaxel"", ""Trial name"": ""Keynote-407"", ""Trial phase"": ""Phase 3"", ""Type of combination"": ""ICI+Chemo"", ""Type of control"": ""Chemo"", ""Type of follow-up given"": ""Median"", ""Type of therapy"": ""Combination"", ""Year"": 2018, ""__rowid__"": 44}"
row_182,182,"In Hodgkin Lymphoma trials, classify the ICI by target class from its generic name as PD-1, PD-L1, or CTLA-4.",Name of ICI,"[""class""]",sbert,column,15,0.5305913090705872,0,38,NCT02039674,27745820,Keynote-021,Pembrolizumab,"{""Author"": ""Langer JC et al"", ""Cancer type"": ""Non-Small Cell Lung"", ""Class of ICI"": ""PD1"", ""Clincal setting in relation to surgery"": ""Metastatic+recurrent (unresectable)"", ""Clinical setting"": ""Metastatic+recurrent (unresectable)"", ""Control arm"": ""Chemo"", ""Control regimen"": ""Pemetrexed+Carboplatin"", ""Follow-up duration for primary endpoint(s) in months | Control"": null, ""Follow-up duration for primary endpoint(s) in months | Overall"": ""10.6"", ""Follow-up duration for primary endpoint(s) in months | Rx"": null, ""Included in MA"": ""Yes"", ""Is PD-L1 positivity inclusion criteria"": ""Yes"", ""Is any other biomarker used for inclusion"": ""Yes"", ""Lines of treatment"": ""Only 1st line of treatment for metastatic disease"", ""Monotherapy/combination"": ""Combination"", ""NCT"": ""NCT02039674"", ""Name of ICI"": ""Pembrolizumab"", ""Number of arms"": 2, ""Originial publication or Follow-up"": ""Original publication"", ""Priamry Multiple, composite, or co-primary endpoints?"": null, ""Primary endpoint"": ""ORR"", ""PubMed ID"": ""27745820"", ""Secondary endpoint"": ""PFS, DOR, OS"", ""Total sample size"": 123, ""Treatment regimen"": ""Pembrolizumab+Pemetrexed+Carboplatin"", ""Trial name"": ""Keynote-021"", ""Trial phase"": ""Phase 2"", ""Type of combination"": ""ICI+Chemo"", ""Type of control"": ""Chemo"", ""Type of follow-up given"": ""Median"", ""Type of therapy"": ""Combination"", ""Year"": 2016, ""__rowid__"": 38}"
row_182,182,"In Hodgkin Lymphoma trials, classify the ICI by target class from its generic name as PD-1, PD-L1, or CTLA-4.",Name of ICI,"[""class""]",sbert,column,16,0.5305913090705872,0,62,NCT02362594,29658430,EORTC 1325-MG/KEYNOTE-054,Pembrolizumab,"{""Author"": ""Eggermont AMM et al"", ""Cancer type"": ""Melanoma"", ""Class of ICI"": ""PD1"", ""Clincal setting in relation to surgery"": ""Adjuvant"", ""Clinical setting"": ""Adjuvant"", ""Control arm"": ""Placebo"", ""Control regimen"": ""Placebo"", ""Follow-up duration for primary endpoint(s) in months | Control"": ""15.4"", ""Follow-up duration for primary endpoint(s) in months | Overall"": ""15.1"", ""Follow-up duration for primary endpoint(s) in months | Rx"": ""14.7"", ""Included in MA"": ""Yes"", ""Is PD-L1 positivity inclusion criteria"": ""No"", ""Is any other biomarker used for inclusion"": ""No"", ""Lines of treatment"": null, ""Monotherapy/combination"": ""Monotherapy"", ""NCT"": ""NCT02362594"", ""Name of ICI"": ""Pembrolizumab"", ""Number of arms"": 2, ""Originial publication or Follow-up"": ""Original publication"", ""Priamry Multiple, composite, or co-primary endpoints?"": null, ""Primary endpoint"": ""PFS"", ""PubMed ID"": ""29658430"", ""Secondary endpoint"": ""Distant metastasis-free survival; OS; safety measures; measures of health-related quality of life."", ""Total sample size"": 1019, ""Treatment regimen"": ""Pembrolizumab"", ""Trial name"": ""EORTC 1325-MG/KEYNOTE-054"", ""Trial phase"": ""Phase 3"", ""Type of combination"": null, ""Type of control"": ""Placebo"", ""Type of follow-up given"": ""Median"", ""Type of therapy"": ""Monotherapy"", ""Year"": 2018, ""__rowid__"": 62}"
row_182,182,"In Hodgkin Lymphoma trials, classify the ICI by target class from its generic name as PD-1, PD-L1, or CTLA-4.",Name of ICI,"[""class""]",sbert,column,17,0.5305913090705872,0,98,NCT03066778,32468956,KEYNOTE-604,Pembrolizumab,"{""Author"": ""Rudin CM et al"", ""Cancer type"": ""Small Cell Lung"", ""Class of ICI"": ""PD1"", ""Clincal setting in relation to surgery"": ""Metastatic+recurrent (unresectable)"", ""Clinical setting"": ""Metastatic+recurrent (unresectable)"", ""Control arm"": ""Chemo"", ""Control regimen"": ""Placebo+Etoposide+Platinum agent"", ""Follow-up duration for primary endpoint(s) in months | Control"": null, ""Follow-up duration for primary endpoint(s) in months | Overall"": null, ""Follow-up duration for primary endpoint(s) in months | Rx"": null, ""Included in MA"": ""Yes"", ""Is PD-L1 positivity inclusion criteria"": ""No"", ""Is any other biomarker used for inclusion"": ""No"", ""Lines of treatment"": ""Only 1st line of treatment for metastatic disease"", ""Monotherapy/combination"": ""Combination"", ""NCT"": ""NCT03066778"", ""Name of ICI"": ""Pembrolizumab"", ""Number of arms"": 2, ""Originial publication or Follow-up"": ""Original publication"", ""Priamry Multiple, composite, or co-primary endpoints?"": ""Multiple"", ""Primary endpoint"": ""OS+PFS"", ""PubMed ID"": ""32468956"", ""Secondary endpoint"": ""ORR; DOR"", ""Total sample size"": 453, ""Treatment regimen"": ""Pembrolizumab+Etoposide+Platinum agent"", ""Trial name"": ""KEYNOTE-604"", ""Trial phase"": ""Phase 3"", ""Type of combination"": ""ICI+Chemo"", ""Type of control"": ""Chemo"", ""Type of follow-up given"": null, ""Type of therapy"": ""Combination"", ""Year"": 2020, ""__rowid__"": 98}"
row_182,182,"In Hodgkin Lymphoma trials, classify the ICI by target class from its generic name as PD-1, PD-L1, or CTLA-4.",Name of ICI,"[""class""]",sbert,column,18,0.5305913090705872,0,106,NCT02500121,32271672,,Pembrolizumab,"{""Author"": ""Galsky MD et al"", ""Cancer type"": ""Urothelial"", ""Class of ICI"": ""PD1"", ""Clincal setting in relation to surgery"": ""Metastatic+recurrent (unresectable)"", ""Clinical setting"": ""Metastatic+recurrent (unresectable)"", ""Control arm"": ""Placebo"", ""Control regimen"": ""Placebo"", ""Follow-up duration for primary endpoint(s) in months | Control"": ""3"", ""Follow-up duration for primary endpoint(s) in months | Overall"": null, ""Follow-up duration for primary endpoint(s) in months | Rx"": ""5.4"", ""Included in MA"": ""Yes"", ""Is PD-L1 positivity inclusion criteria"": ""No"", ""Is any other biomarker used for inclusion"": ""No"", ""Lines of treatment"": ""Only 2nd or later line of treatment for metastatic disease"", ""Monotherapy/combination"": ""Monotherapy"", ""NCT"": ""NCT02500121"", ""Name of ICI"": ""Pembrolizumab"", ""Number of arms"": 2, ""Originial publication or Follow-up"": ""Original publication"", ""Priamry Multiple, composite, or co-primary endpoints?"": null, ""Primary endpoint"": ""PFS"", ""PubMed ID"": ""32271672"", ""Secondary endpoint"": ""OS, treatment outcomes CPS"", ""Total sample size"": 108, ""Treatment regimen"": ""Pembrolizumab"", ""Trial name"": null, ""Trial phase"": ""Phase 2"", ""Type of combination"": null, ""Type of control"": ""Placebo"", ""Type of follow-up given"": ""Median"", ""Type of therapy"": ""Monotherapy"", ""Year"": 2020, ""__rowid__"": 106}"
row_182,182,"In Hodgkin Lymphoma trials, classify the ICI by target class from its generic name as PD-1, PD-L1, or CTLA-4.",Name of ICI,"[""class""]",sbert,column,19,0.5305913090705872,0,121,NCT02494583,32880601,Keynote-062,Pembrolizumab,"{""Author"": ""Shitara K et al (1)"", ""Cancer type"": ""Gastric/GEJ"", ""Class of ICI"": ""PD1"", ""Clincal setting in relation to surgery"": ""Metastatic+recurrent (unresectable)"", ""Clinical setting"": ""Metastatic+recurrent (unresectable)"", ""Control arm"": ""Chemo"", ""Control regimen"": ""Placebo+Cisplatin+5-FU+Capecitabine"", ""Follow-up duration for primary endpoint(s) in months | Control"": null, ""Follow-up duration for primary endpoint(s) in months | Overall"": ""29.4"", ""Follow-up duration for primary endpoint(s) in months | Rx"": null, ""Included in MA"": null, ""Is PD-L1 positivity inclusion criteria"": ""Yes"", ""Is any other biomarker used for inclusion"": ""Yes"", ""Lines of treatment"": ""Only 1st line of treatment for metastatic disease"", ""Monotherapy/combination"": ""Combination"", ""NCT"": ""NCT02494583"", ""Name of ICI"": ""Pembrolizumab"", ""Number of arms"": 3, ""Originial publication or Follow-up"": ""Original publication"", ""Priamry Multiple, composite, or co-primary endpoints?"": ""Multiple"", ""Primary endpoint"": ""OS+PFS"", ""PubMed ID"": ""32880601"", ""Secondary endpoint"": ""ORR, DoR, safety, tolerability, HRQOL"", ""Total sample size"": 763, ""Treatment regimen"": ""Pembrolizumab+Cisplatin+5-FU+Capecitabine"", ""Trial name"": ""Keynote-062"", ""Trial phase"": ""Phase 3"", ""Type of combination"": ""ICI+Chemo"", ""Type of control"": ""Chemo"", ""Type of follow-up given"": ""Median"", ""Type of therapy"": ""Combination"", ""Year"": 2020, ""__rowid__"": 121}"
row_182,182,"In Hodgkin Lymphoma trials, classify the ICI by target class from its generic name as PD-1, PD-L1, or CTLA-4.",Name of ICI,"[""class""]",sbert,column,20,0.5305913090705872,0,122,NCT02819518,33278935,MK-3475/Keynote-355,Pembrolizumab,"{""Author"": ""Cortes J et al"", ""Cancer type"": ""Breast"", ""Class of ICI"": ""PD1"", ""Clincal setting in relation to surgery"": ""Metastatic+recurrent (unresectable)"", ""Clinical setting"": ""Metastatic+recurrent (unresectable)"", ""Control arm"": ""Chemo"", ""Control regimen"": ""Placebo+Nab-paclitaxel/Gemcitabine+carboplatin"", ""Follow-up duration for primary endpoint(s) in months | Control"": ""26.3"", ""Follow-up duration for primary endpoint(s) in months | Overall"": null, ""Follow-up duration for primary endpoint(s) in months | Rx"": ""25.9"", ""Included in MA"": null, ""Is PD-L1 positivity inclusion criteria"": ""Yes"", ""Is any other biomarker used for inclusion"": ""Yes"", ""Lines of treatment"": ""Only 1st line of treatment for metastatic disease"", ""Monotherapy/combination"": ""Combination"", ""NCT"": ""NCT02819518"", ""Name of ICI"": ""Pembrolizumab"", ""Number of arms"": 2, ""Originial publication or Follow-up"": ""Original publication"", ""Priamry Multiple, composite, or co-primary endpoints?"": ""Multiple"", ""Primary endpoint"": ""OS+PFS"", ""PubMed ID"": ""33278935"", ""Secondary endpoint"": ""ORR, DoR, DCR"", ""Total sample size"": 847, ""Treatment regimen"": ""Pembrolizumab+nab-paclitaxel/paclitaxel/gemcitabine+ carboplatin"", ""Trial name"": ""MK-3475/Keynote-355"", ""Trial phase"": ""Phase 3"", ""Type of combination"": ""ICI+Chemo"", ""Type of control"": ""Chemo"", ""Type of follow-up given"": ""Median"", ""Type of therapy"": ""Combination"", ""Year"": 2020, ""__rowid__"": 122}"
row_182,182,"In Hodgkin Lymphoma trials, classify the ICI by target class from its generic name as PD-1, PD-L1, or CTLA-4.",Name of ICI,"[""class""]",sbert,row,1,0.4973967671394348,1,152,NCT02684292,33721562,Keynote-204,Brentuximab-vedotin,"{""Author"": ""Kuruvilla J et al"", ""Cancer type"": ""Hodgkin Lymphoma"", ""Class of ICI"": ""PD1"", ""Clincal setting in relation to surgery"": ""Relapsed/refractory"", ""Clinical setting"": ""Relapsed/refractory"", ""Control arm"": ""Antibody-drug conjugate"", ""Control regimen"": ""Brentuximab vedotin"", ""Follow-up duration for primary endpoint(s) in months | Control"": null, ""Follow-up duration for primary endpoint(s) in months | Overall"": ""25.7"", ""Follow-up duration for primary endpoint(s) in months | Rx"": null, ""Included in MA"": null, ""Is PD-L1 positivity inclusion criteria"": ""No"", ""Is any other biomarker used for inclusion"": ""No"", ""Lines of treatment"": ""Only 2nd or later line of treatment for metastatic disease"", ""Monotherapy/combination"": ""Monotherapy"", ""NCT"": ""NCT02684292"", ""Name of ICI"": ""Brentuximab-vedotin"", ""Number of arms"": 2, ""Originial publication or Follow-up"": ""Original publication"", ""Priamry Multiple, composite, or co-primary endpoints?"": ""Dual, unspecified"", ""Primary endpoint"": ""PFS+OS"", ""PubMed ID"": ""33721562"", ""Secondary endpoint"": ""PFS; ORR; CR; investigator-assessed PFS, ORR, CR; safety"", ""Total sample size"": 304, ""Treatment regimen"": ""Pembrolizumab"", ""Trial name"": ""Keynote-204"", ""Trial phase"": ""Phase 3"", ""Type of combination"": null, ""Type of control"": ""Antibody-drug conjugate"", ""Type of follow-up given"": ""Median"", ""Type of therapy"": ""Monotherapy"", ""Year"": 2021, ""__rowid__"": 152}"
row_182,182,"In Hodgkin Lymphoma trials, classify the ICI by target class from its generic name as PD-1, PD-L1, or CTLA-4.",Name of ICI,"[""class""]",sbert,row,2,0.4938182532787323,0,100,NCT02453282,32271377,MYSTIC,"Durvalumab, Tremelimumab","{""Author"": ""Rizvi NA et al (1)"", ""Cancer type"": ""Non-Small Cell Lung"", ""Class of ICI"": ""PD-L1, CTLA-4"", ""Clincal setting in relation to surgery"": ""Metastatic+recurrent (unresectable)"", ""Clinical setting"": ""Metastatic+recurrent (unresectable)"", ""Control arm"": ""Chemo"", ""Control regimen"": ""Investigator's choice chemotherapy"", ""Follow-up duration for primary endpoint(s) in months | Control"": null, ""Follow-up duration for primary endpoint(s) in months | Overall"": ""30.2, 10.6"", ""Follow-up duration for primary endpoint(s) in months | Rx"": null, ""Included in MA"": ""Yes"", ""Is PD-L1 positivity inclusion criteria"": ""No"", ""Is any other biomarker used for inclusion"": ""Yes"", ""Lines of treatment"": ""Only 1st line of treatment for metastatic disease"", ""Monotherapy/combination"": ""Combination"", ""NCT"": ""NCT02453282"", ""Name of ICI"": ""Durvalumab, Tremelimumab"", ""Number of arms"": 3, ""Originial publication or Follow-up"": ""Original publication"", ""Priamry Multiple, composite, or co-primary endpoints?"": ""Multiple"", ""Primary endpoint"": ""OS+PFS"", ""PubMed ID"": ""32271377"", ""Secondary endpoint"": ""PFS for durvalumab vs. chemotherapy; ORR and DOR in patients with PD-L1 TC ≥25%; safety and tolerability."", ""Total sample size"": 1118, ""Treatment regimen"": ""Durvalumab+Tremelimumab"", ""Trial name"": ""MYSTIC"", ""Trial phase"": ""Phase 3"", ""Type of combination"": ""ICI+ICI"", ""Type of control"": ""Chemo"", ""Type of follow-up given"": ""Median"", ""Type of therapy"": ""Combination"", ""Year"": 2020, ""__rowid__"": 100}"
row_182,182,"In Hodgkin Lymphoma trials, classify the ICI by target class from its generic name as PD-1, PD-L1, or CTLA-4.",Name of ICI,"[""class""]",sbert,row,3,0.486656129360199,0,49,NCT02477826,31562796,Checkmate 227,"Nivolumab, Ipilimumab","{""Author"": ""Hellmann MD et al"", ""Cancer type"": ""Non-Small Cell Lung"", ""Class of ICI"": ""PD1, CTLA-4"", ""Clincal setting in relation to surgery"": ""Metastatic+recurrent (unresectable)"", ""Clinical setting"": ""Metastatic+recurrent (unresectable)"", ""Control arm"": ""Chemo"", ""Control regimen"": ""Chemotherapy"", ""Follow-up duration for primary endpoint(s) in months | Control"": null, ""Follow-up duration for primary endpoint(s) in months | Overall"": ""29.3"", ""Follow-up duration for primary endpoint(s) in months | Rx"": null, ""Included in MA"": ""Yes"", ""Is PD-L1 positivity inclusion criteria"": ""No"", ""Is any other biomarker used for inclusion"": ""Yes"", ""Lines of treatment"": ""Only 1st line of treatment for metastatic disease"", ""Monotherapy/combination"": ""Combination"", ""NCT"": ""NCT02477826"", ""Name of ICI"": ""Nivolumab, Ipilimumab"", ""Number of arms"": 4, ""Originial publication or Follow-up"": ""Follow-up"", ""Priamry Multiple, composite, or co-primary endpoints?"": null, ""Primary endpoint"": ""OS"", ""PubMed ID"": ""31562796"", ""Secondary endpoint"": ""PFS; OS with nivolumab+chemotherapy VS chemotherapy alone in patients with PD-L1 <1%; and OS with nivolumab monotherapy VS chemotherapy in patients with a PD-L1 >=50%"", ""Total sample size"": 1739, ""Treatment regimen"": ""Nivolumab+Ipilimumab"", ""Trial name"": ""Checkmate 227"", ""Trial phase"": ""Phase 3"", ""Type of combination"": ""ICI+ICI"", ""Type of control"": ""Chemo"", ""Type of follow-up given"": ""Minimum"", ""Type of therapy"": ""Combination"", ""Year"": 2019, ""__rowid__"": 49}"
row_182,182,"In Hodgkin Lymphoma trials, classify the ICI by target class from its generic name as PD-1, PD-L1, or CTLA-4.",Name of ICI,"[""class""]",sbert,row,4,0.4861215651035309,0,75,NCT02579863,31327689,KEYNOTE-185,Pembrolizumab,"{""Author"": ""Usmani SZ et al"", ""Cancer type"": ""Multiple Myeloma"", ""Class of ICI"": ""PD1"", ""Clincal setting in relation to surgery"": null, ""Clinical setting"": null, ""Control arm"": ""Chemo"", ""Control regimen"": ""Lenalidomide+Dexamethasone"", ""Follow-up duration for primary endpoint(s) in months | Control"": null, ""Follow-up duration for primary endpoint(s) in months | Overall"": ""6.6"", ""Follow-up duration for primary endpoint(s) in months | Rx"": null, ""Included in MA"": ""No"", ""Is PD-L1 positivity inclusion criteria"": ""No"", ""Is any other biomarker used for inclusion"": ""No"", ""Lines of treatment"": ""Only 1st line of treatment for metastatic disease"", ""Monotherapy/combination"": ""Combination"", ""NCT"": ""NCT02579863"", ""Name of ICI"": ""Pembrolizumab"", ""Number of arms"": 2, ""Originial publication or Follow-up"": ""Original publication"", ""Priamry Multiple, composite, or co-primary endpoints?"": null, ""Primary endpoint"": ""PFS"", ""PubMed ID"": ""31327689"", ""Secondary endpoint"": ""Safety; OS; overall response; duration of response; disease control; secondary PFS."", ""Total sample size"": 301, ""Treatment regimen"": ""Pembrolizumab+Lenalidomide+Dexamethasone"", ""Trial name"": ""KEYNOTE-185"", ""Trial phase"": ""Phase 3"", ""Type of combination"": ""ICI+Chemo"", ""Type of control"": ""Chemo"", ""Type of follow-up given"": ""Median"", ""Type of therapy"": ""Combination"", ""Year"": 2019, ""__rowid__"": 75}"
row_182,182,"In Hodgkin Lymphoma trials, classify the ICI by target class from its generic name as PD-1, PD-L1, or CTLA-4.",Name of ICI,"[""class""]",sbert,row,5,0.4859684705734253,0,137,NCT03043872,33285097,CASPIAN,"Durvalumab, Tremelimumab","{""Author"": ""Goldman JW et al"", ""Cancer type"": ""Small Cell Lung"", ""Class of ICI"": ""PD-L1, CTLA-4"", ""Clincal setting in relation to surgery"": ""Metastatic+recurrent (unresectable)"", ""Clinical setting"": ""Metastatic+recurrent (unresectable)"", ""Control arm"": ""Chemo"", ""Control regimen"": ""Platinum+Etoposide"", ""Follow-up duration for primary endpoint(s) in months | Control"": null, ""Follow-up duration for primary endpoint(s) in months | Overall"": ""25.1"", ""Follow-up duration for primary endpoint(s) in months | Rx"": null, ""Included in MA"": null, ""Is PD-L1 positivity inclusion criteria"": ""No"", ""Is any other biomarker used for inclusion"": ""No"", ""Lines of treatment"": ""Only 1st line of treatment for metastatic disease"", ""Monotherapy/combination"": ""Combination"", ""NCT"": ""NCT03043872"", ""Name of ICI"": ""Durvalumab, Tremelimumab"", ""Number of arms"": 3, ""Originial publication or Follow-up"": ""Follow-up"", ""Priamry Multiple, composite, or co-primary endpoints?"": null, ""Primary endpoint"": ""OS"", ""PubMed ID"": ""33285097"", ""Secondary endpoint"": ""PFS, ORR, OS at 18 months, PFS, safety, pharmacokinetics, immunogenicity, HRQOL"", ""Total sample size"": 805, ""Treatment regimen"": ""Durvalumab+Tremelimumab+Etoposide+Platinum agent"", ""Trial name"": ""CASPIAN"", ""Trial phase"": ""Phase 3"", ""Type of combination"": ""ICI+ICI+Chemo"", ""Type of control"": ""Chemo"", ""Type of follow-up given"": ""Median"", ""Type of therapy"": ""Combination"", ""Year"": 2020, ""__rowid__"": 137}"
row_182,182,"In Hodgkin Lymphoma trials, classify the ICI by target class from its generic name as PD-1, PD-L1, or CTLA-4.",Name of ICI,"[""class""]",sbert,row,6,0.4857308268547058,0,138,NCT03043872,33285097,CASPIAN,Durvalumab,"{""Author"": ""Goldman JW et al (1)"", ""Cancer type"": ""Small Cell Lung"", ""Class of ICI"": ""PD-L1"", ""Clincal setting in relation to surgery"": ""Metastatic+recurrent (unresectable)"", ""Clinical setting"": ""Metastatic+recurrent (unresectable)"", ""Control arm"": ""Chemo"", ""Control regimen"": ""Platinum+Etoposide"", ""Follow-up duration for primary endpoint(s) in months | Control"": null, ""Follow-up duration for primary endpoint(s) in months | Overall"": ""25.1"", ""Follow-up duration for primary endpoint(s) in months | Rx"": null, ""Included in MA"": null, ""Is PD-L1 positivity inclusion criteria"": ""No"", ""Is any other biomarker used for inclusion"": ""No"", ""Lines of treatment"": ""Only 1st line of treatment for metastatic disease"", ""Monotherapy/combination"": ""Combination"", ""NCT"": ""NCT03043872"", ""Name of ICI"": ""Durvalumab"", ""Number of arms"": 3, ""Originial publication or Follow-up"": ""Follow-up"", ""Priamry Multiple, composite, or co-primary endpoints?"": null, ""Primary endpoint"": ""OS"", ""PubMed ID"": ""33285097"", ""Secondary endpoint"": ""PFS, ORR, OS at 18 months, PFS, safety, pharmacokinetics, immunogenicity, HRQOL"", ""Total sample size"": 805, ""Treatment regimen"": ""Durvalumab+Etoposide+Platinum agent"", ""Trial name"": ""CASPIAN"", ""Trial phase"": ""Phase 3"", ""Type of combination"": ""ICI+Chemo"", ""Type of control"": ""Chemo"", ""Type of follow-up given"": ""Median"", ""Type of therapy"": ""Combination"", ""Year"": 2020, ""__rowid__"": 138}"
row_182,182,"In Hodgkin Lymphoma trials, classify the ICI by target class from its generic name as PD-1, PD-L1, or CTLA-4.",Name of ICI,"[""class""]",sbert,row,7,0.48207351565361023,0,112,NCT02870920,32379280,,"Durvalumab, Tremelimumab","{""Author"": ""Chen EX et al"", ""Cancer type"": ""Colorectal"", ""Class of ICI"": ""PD-L1, CTLA-4"", ""Clincal setting in relation to surgery"": ""Metastatic+recurrent (unresectable)"", ""Clinical setting"": ""Metastatic+recurrent (unresectable)"", ""Control arm"": ""Best supportive care"", ""Control regimen"": ""Best supportive care"", ""Follow-up duration for primary endpoint(s) in months | Control"": ""4.1"", ""Follow-up duration for primary endpoint(s) in months | Overall"": null, ""Follow-up duration for primary endpoint(s) in months | Rx"": ""6.6"", ""Included in MA"": ""No"", ""Is PD-L1 positivity inclusion criteria"": ""No"", ""Is any other biomarker used for inclusion"": ""No"", ""Lines of treatment"": ""Only 2nd or later line of treatment for metastatic disease"", ""Monotherapy/combination"": ""Combination"", ""NCT"": ""NCT02870920"", ""Name of ICI"": ""Durvalumab, Tremelimumab"", ""Number of arms"": 2, ""Originial publication or Follow-up"": ""Original publication"", ""Priamry Multiple, composite, or co-primary endpoints?"": null, ""Primary endpoint"": ""OS"", ""PubMed ID"": ""32379280"", ""Secondary endpoint"": ""PFS, ORR"", ""Total sample size"": 180, ""Treatment regimen"": ""Durvalumab+Tremelimumab+Best supportive care"", ""Trial name"": null, ""Trial phase"": ""Phase 2"", ""Type of combination"": ""ICI+ICI+Chemo"", ""Type of control"": ""Best supportive care"", ""Type of follow-up given"": ""Median"", ""Type of therapy"": ""Combination"", ""Year"": 2020, ""__rowid__"": 112}"
row_182,182,"In Hodgkin Lymphoma trials, classify the ICI by target class from its generic name as PD-1, PD-L1, or CTLA-4.",Name of ICI,"[""class""]",sbert,row,8,0.47822609543800354,0,97,NCT01896869,32591464,,Ipilimumab,"{""Author"": ""Wu AA et al"", ""Cancer type"": ""Pancreatic"", ""Class of ICI"": ""CTLA-4"", ""Clincal setting in relation to surgery"": ""Metastatic+recurrent (unresectable)"", ""Clinical setting"": ""Metastatic+recurrent (unresectable)"", ""Control arm"": ""Chemo"", ""Control regimen"": ""FOLFIRINOX"", ""Follow-up duration for primary endpoint(s) in months | Control"": null, ""Follow-up duration for primary endpoint(s) in months | Overall"": null, ""Follow-up duration for primary endpoint(s) in months | Rx"": null, ""Included in MA"": ""No"", ""Is PD-L1 positivity inclusion criteria"": ""No"", ""Is any other biomarker used for inclusion"": ""No"", ""Lines of treatment"": ""Only 2nd or later line of treatment for metastatic disease"", ""Monotherapy/combination"": ""Combination"", ""NCT"": ""NCT01896869"", ""Name of ICI"": ""Ipilimumab"", ""Number of arms"": 2, ""Originial publication or Follow-up"": ""Original publication"", ""Priamry Multiple, composite, or co-primary endpoints?"": null, ""Primary endpoint"": ""OS"", ""PubMed ID"": ""32591464"", ""Secondary endpoint"": ""Safety; toxicities; clinical and immunological responses."", ""Total sample size"": 83, ""Treatment regimen"": ""Ipilimumab+GVAX"", ""Trial name"": null, ""Trial phase"": ""Phase 2"", ""Type of combination"": ""ICI+Vaccine"", ""Type of control"": ""Chemo"", ""Type of follow-up given"": null, ""Type of therapy"": ""Combination"", ""Year"": 2020, ""__rowid__"": 97}"
row_182,182,"In Hodgkin Lymphoma trials, classify the ICI by target class from its generic name as PD-1, PD-L1, or CTLA-4.",Name of ICI,"[""class""]",sbert,row,9,0.4772035777568817,0,74,NCT02576977,31327687,KEYNOTE-183,Pembrolizumab,"{""Author"": ""Mateos MV et al"", ""Cancer type"": ""Multiple Myeloma"", ""Class of ICI"": ""PD1"", ""Clincal setting in relation to surgery"": null, ""Clinical setting"": null, ""Control arm"": ""Chemo"", ""Control regimen"": ""Pomalidomide+Dexamethasone"", ""Follow-up duration for primary endpoint(s) in months | Control"": null, ""Follow-up duration for primary endpoint(s) in months | Overall"": ""8.1"", ""Follow-up duration for primary endpoint(s) in months | Rx"": null, ""Included in MA"": ""No"", ""Is PD-L1 positivity inclusion criteria"": ""No"", ""Is any other biomarker used for inclusion"": ""No"", ""Lines of treatment"": ""Only 2nd or later line of treatment for metastatic disease"", ""Monotherapy/combination"": ""Combination"", ""NCT"": ""NCT02576977"", ""Name of ICI"": ""Pembrolizumab"", ""Number of arms"": 2, ""Originial publication or Follow-up"": ""Original publication"", ""Priamry Multiple, composite, or co-primary endpoints?"": ""Multiple"", ""Primary endpoint"": ""OS+PFS"", ""PubMed ID"": ""31327687"", ""Secondary endpoint"": ""Overall response; duration of response; disease control; safety and tolerability of both treatments; secondary PFS."", ""Total sample size"": 348, ""Treatment regimen"": ""Pembrolizumab+Pomalidomide+Dexamethasone"", ""Trial name"": ""KEYNOTE-183"", ""Trial phase"": ""Phase 3"", ""Type of combination"": ""ICI+Chemo"", ""Type of control"": ""Chemo"", ""Type of follow-up given"": ""Median"", ""Type of therapy"": ""Combination"", ""Year"": 2019, ""__rowid__"": 74}"
row_182,182,"In Hodgkin Lymphoma trials, classify the ICI by target class from its generic name as PD-1, PD-L1, or CTLA-4.",Name of ICI,"[""class""]",sbert,row,10,0.4739267826080322,0,88,NCT02362048,32114502,KEYNOTE144,Pembrolizumab,"{""Author"": ""Overman M et al"", ""Cancer type"": ""Pancreatic"", ""Class of ICI"": ""PD1"", ""Clincal setting in relation to surgery"": ""Metastatic+recurrent (unresectable)"", ""Clinical setting"": ""Metastatic+recurrent (unresectable)"", ""Control arm"": ""TKI"", ""Control regimen"": ""Acalabrutinib"", ""Follow-up duration for primary endpoint(s) in months | Control"": null, ""Follow-up duration for primary endpoint(s) in months | Overall"": null, ""Follow-up duration for primary endpoint(s) in months | Rx"": null, ""Included in MA"": ""No"", ""Is PD-L1 positivity inclusion criteria"": ""No"", ""Is any other biomarker used for inclusion"": ""No"", ""Lines of treatment"": ""Only 2nd or later line of treatment for metastatic disease"", ""Monotherapy/combination"": ""Combination"", ""NCT"": ""NCT02362048"", ""Name of ICI"": ""Pembrolizumab"", ""Number of arms"": 2, ""Originial publication or Follow-up"": ""Original publication"", ""Priamry Multiple, composite, or co-primary endpoints?"": null, ""Primary endpoint"": ""Safety"", ""PubMed ID"": ""32114502"", ""Secondary endpoint"": ""ORR; disease control rate; PFS; OS; change in cancer antigen (CA) 19–9."", ""Total sample size"": 77, ""Treatment regimen"": ""Pembrolizumab+Acalabrutinib"", ""Trial name"": ""KEYNOTE144"", ""Trial phase"": ""Phase 2"", ""Type of combination"": ""ICI+TKI"", ""Type of control"": ""TKI"", ""Type of follow-up given"": null, ""Type of therapy"": ""Combination"", ""Year"": 2020, ""__rowid__"": 88}"
row_182,182,"In Hodgkin Lymphoma trials, classify the ICI by target class from its generic name as PD-1, PD-L1, or CTLA-4.",Name of ICI,"[""class""]",sbert,row,11,0.4734036326408386,0,54,NCT02142738,30620668,Keynote-024,Pembrolizumab,"{""Author"": ""Reck M et al"", ""Cancer type"": ""Non-Small Cell Lung"", ""Class of ICI"": ""PD1"", ""Clincal setting in relation to surgery"": ""Metastatic+recurrent (unresectable)"", ""Clinical setting"": ""Metastatic+recurrent (unresectable)"", ""Control arm"": ""Chemo"", ""Control regimen"": ""Platinum-based chemotherapy"", ""Follow-up duration for primary endpoint(s) in months | Control"": null, ""Follow-up duration for primary endpoint(s) in months | Overall"": ""25.2"", ""Follow-up duration for primary endpoint(s) in months | Rx"": null, ""Included in MA"": ""Yes"", ""Is PD-L1 positivity inclusion criteria"": ""Yes"", ""Is any other biomarker used for inclusion"": ""No"", ""Lines of treatment"": ""Only 1st line of treatment for metastatic disease"", ""Monotherapy/combination"": ""Monotherapy"", ""NCT"": ""NCT02142738"", ""Name of ICI"": ""Pembrolizumab"", ""Number of arms"": 2, ""Originial publication or Follow-up"": ""Follow-up"", ""Priamry Multiple, composite, or co-primary endpoints?"": null, ""Primary endpoint"": ""PFS"", ""PubMed ID"": ""30620668"", ""Secondary endpoint"": ""OS, ORR, safety"", ""Total sample size"": 305, ""Treatment regimen"": ""Pembrolizumab"", ""Trial name"": ""Keynote-024"", ""Trial phase"": ""Phase 3"", ""Type of combination"": null, ""Type of control"": ""Chemo"", ""Type of follow-up given"": ""Median"", ""Type of therapy"": ""Monotherapy"", ""Year"": 2019, ""__rowid__"": 54}"
row_182,182,"In Hodgkin Lymphoma trials, classify the ICI by target class from its generic name as PD-1, PD-L1, or CTLA-4.",Name of ICI,"[""class""]",sbert,row,12,0.4716864228248596,0,149,NCT02538666,33683919,CheckMate 451,"Nivolumab, Ipilimumab","{""Author"": ""Owonikoko TK et al"", ""Cancer type"": ""Small Cell Lung"", ""Class of ICI"": ""PD1, CTLA-4"", ""Clincal setting in relation to surgery"": ""Maintenance"", ""Clinical setting"": ""Maintenance"", ""Control arm"": ""Placebo"", ""Control regimen"": ""Placebo"", ""Follow-up duration for primary endpoint(s) in months | Control"": ""9.1"", ""Follow-up duration for primary endpoint(s) in months | Overall"": null, ""Follow-up duration for primary endpoint(s) in months | Rx"": ""8.4"", ""Included in MA"": null, ""Is PD-L1 positivity inclusion criteria"": ""No"", ""Is any other biomarker used for inclusion"": ""No"", ""Lines of treatment"": ""Only 1st line of treatment for metastatic disease"", ""Monotherapy/combination"": ""Combination"", ""NCT"": ""NCT02538666"", ""Name of ICI"": ""Nivolumab, Ipilimumab"", ""Number of arms"": 3, ""Originial publication or Follow-up"": ""Original publication"", ""Priamry Multiple, composite, or co-primary endpoints?"": null, ""Primary endpoint"": ""OS"", ""PubMed ID"": ""33683919"", ""Secondary endpoint"": ""OS in Arm 2 vs Arm 3; PFS"", ""Total sample size"": 834, ""Treatment regimen"": ""Nivolumab+Ipilimumab"", ""Trial name"": ""CheckMate 451"", ""Trial phase"": ""Phase 3"", ""Type of combination"": ""ICI+ICI"", ""Type of control"": ""Placebo"", ""Type of follow-up given"": ""Median"", ""Type of therapy"": ""Combination"", ""Year"": 2021, ""__rowid__"": 149}"
row_182,182,"In Hodgkin Lymphoma trials, classify the ICI by target class from its generic name as PD-1, PD-L1, or CTLA-4.",Name of ICI,"[""class""]",sbert,row,13,0.4714946746826172,0,47,NCT02477826,29658845,Checkmate 227,"Nivolumab, Ipilimumab","{""Author"": ""Hellmann MD et al"", ""Cancer type"": ""Non-Small Cell Lung"", ""Class of ICI"": ""PD1, CTLA-4"", ""Clincal setting in relation to surgery"": ""Metastatic+recurrent (unresectable)"", ""Clinical setting"": ""Metastatic+recurrent (unresectable)"", ""Control arm"": ""Chemo"", ""Control regimen"": ""Chemotherapy"", ""Follow-up duration for primary endpoint(s) in months | Control"": null, ""Follow-up duration for primary endpoint(s) in months | Overall"": ""11.2"", ""Follow-up duration for primary endpoint(s) in months | Rx"": null, ""Included in MA"": ""Yes"", ""Is PD-L1 positivity inclusion criteria"": ""No"", ""Is any other biomarker used for inclusion"": ""No"", ""Lines of treatment"": ""Only 1st line of treatment for metastatic disease"", ""Monotherapy/combination"": ""Combination"", ""NCT"": ""NCT02477826"", ""Name of ICI"": ""Nivolumab, Ipilimumab"", ""Number of arms"": 3, ""Originial publication or Follow-up"": ""Original publication"", ""Priamry Multiple, composite, or co-primary endpoints?"": ""Co-primary"", ""Primary endpoint"": ""OS+PFS"", ""PubMed ID"": ""29658845"", ""Secondary endpoint"": ""PFS with nivolumab VS chemotherapy among patients with a TMB of at least 13 mutations per megabase and a PD-L1 expression level of >= 1%; OS with nivolumab + ipilimumab VS platinum doublet chemotherapy among patients with a TMB of >=10 mutations per megabase"", ""Total sample size"": 1739, ""Treatment regimen"": ""Nivolumab+Ipilimumab"", ""Trial name"": ""Checkmate 227"", ""Trial phase"": ""Phase 3"", ""Type of combination"": ""ICI+ICI"", ""Type of control"": ""Chemo"", ""Type of follow-up given"": ""Minimum"", ""Type of therapy"": ""Combination"", ""Year"": 2018, ""__rowid__"": 47}"
row_182,182,"In Hodgkin Lymphoma trials, classify the ICI by target class from its generic name as PD-1, PD-L1, or CTLA-4.",Name of ICI,"[""class""]",sbert,row,14,0.47076255083084106,0,146,NCT03215706,33476593,CheckMate 9LA,"Nivolumab, Ipilimumab","{""Author"": ""Paz-Ares L et al"", ""Cancer type"": ""Non-Small Cell Lung"", ""Class of ICI"": ""PD1, CTLA-4"", ""Clincal setting in relation to surgery"": ""Metastatic+recurrent (unresectable)"", ""Clinical setting"": ""Metastatic+recurrent (unresectable)"", ""Control arm"": ""Chemo"", ""Control regimen"": ""Chemotherapy"", ""Follow-up duration for primary endpoint(s) in months | Control"": null, ""Follow-up duration for primary endpoint(s) in months | Overall"": ""13.2"", ""Follow-up duration for primary endpoint(s) in months | Rx"": null, ""Included in MA"": null, ""Is PD-L1 positivity inclusion criteria"": ""No"", ""Is any other biomarker used for inclusion"": ""Yes"", ""Lines of treatment"": ""Only 1st line of treatment for metastatic disease"", ""Monotherapy/combination"": ""Combination"", ""NCT"": ""NCT03215706"", ""Name of ICI"": ""Nivolumab, Ipilimumab"", ""Number of arms"": 2, ""Originial publication or Follow-up"": ""Original publication"", ""Priamry Multiple, composite, or co-primary endpoints?"": null, ""Primary endpoint"": ""OS"", ""PubMed ID"": ""33476593"", ""Secondary endpoint"": ""PFS; ORR"", ""Total sample size"": 719, ""Treatment regimen"": ""Nivolumab+Ipilimumab+Chemotherapy"", ""Trial name"": ""CheckMate 9LA"", ""Trial phase"": ""Phase 3"", ""Type of combination"": ""ICI+ICI+Chemo"", ""Type of control"": ""Chemo"", ""Type of follow-up given"": ""Median"", ""Type of therapy"": ""Combination"", ""Year"": 2021, ""__rowid__"": 146}"
row_182,182,"In Hodgkin Lymphoma trials, classify the ICI by target class from its generic name as PD-1, PD-L1, or CTLA-4.",Name of ICI,"[""class""]",sbert,row,15,0.470140665769577,0,83,NCT03043872,31590988,CASPIAN,"Durvalumab, Tremelimumab","{""Author"": ""Paz-Ares L et al (1)"", ""Cancer type"": ""Small Cell Lung"", ""Class of ICI"": ""PD-L1, CTLA-4"", ""Clincal setting in relation to surgery"": ""Metastatic+recurrent (unresectable)"", ""Clinical setting"": ""Metastatic+recurrent (unresectable)"", ""Control arm"": ""Chemo"", ""Control regimen"": ""Platinum+Etoposide"", ""Follow-up duration for primary endpoint(s) in months | Control"": null, ""Follow-up duration for primary endpoint(s) in months | Overall"": ""14.2"", ""Follow-up duration for primary endpoint(s) in months | Rx"": null, ""Included in MA"": ""Yes"", ""Is PD-L1 positivity inclusion criteria"": ""No"", ""Is any other biomarker used for inclusion"": ""No"", ""Lines of treatment"": ""Only 1st line of treatment for metastatic disease"", ""Monotherapy/combination"": ""Combination"", ""NCT"": ""NCT03043872"", ""Name of ICI"": ""Durvalumab, Tremelimumab"", ""Number of arms"": 3, ""Originial publication or Follow-up"": ""Original publication"", ""Priamry Multiple, composite, or co-primary endpoints?"": null, ""Primary endpoint"": ""OS"", ""PubMed ID"": ""31590988"", ""Secondary endpoint"": ""PFS; objective response; OS at 18 months; PFS at 6 and 12 months; safety; pharmacokinetics; immunogenicity; symptoms and health-related quality of life assessments."", ""Total sample size"": 805, ""Treatment regimen"": ""Durvalumab+Tremelimumab+Etoposide+Platinum agent"", ""Trial name"": ""CASPIAN"", ""Trial phase"": ""Phase 3"", ""Type of combination"": ""ICI+ICI+Chemo"", ""Type of control"": ""Chemo"", ""Type of follow-up given"": ""Median"", ""Type of therapy"": ""Combination"", ""Year"": 2019, ""__rowid__"": 83}"
row_182,182,"In Hodgkin Lymphoma trials, classify the ICI by target class from its generic name as PD-1, PD-L1, or CTLA-4.",Name of ICI,"[""class""]",sbert,row,16,0.46982860565185547,0,113,NCT02574598,32271354,PROLUNG,Pembrolizumab,"{""Author"": ""Arrieta O et al"", ""Cancer type"": ""Non-Small Cell Lung"", ""Class of ICI"": ""PD1"", ""Clincal setting in relation to surgery"": ""Metastatic+recurrent (unresectable)"", ""Clinical setting"": ""Metastatic+recurrent (unresectable)"", ""Control arm"": ""Chemo"", ""Control regimen"": ""Docetaxel"", ""Follow-up duration for primary endpoint(s) in months | Control"": null, ""Follow-up duration for primary endpoint(s) in months | Overall"": null, ""Follow-up duration for primary endpoint(s) in months | Rx"": null, ""Included in MA"": ""Yes"", ""Is PD-L1 positivity inclusion criteria"": ""No"", ""Is any other biomarker used for inclusion"": ""No"", ""Lines of treatment"": ""Only 2nd or later line of treatment for metastatic disease"", ""Monotherapy/combination"": ""Combination"", ""NCT"": ""NCT02574598"", ""Name of ICI"": ""Pembrolizumab"", ""Number of arms"": 2, ""Originial publication or Follow-up"": ""Original publication"", ""Priamry Multiple, composite, or co-primary endpoints?"": null, ""Primary endpoint"": ""ORR"", ""PubMed ID"": ""32271354"", ""Secondary endpoint"": ""PFS, OS, safety"", ""Total sample size"": 78, ""Treatment regimen"": ""Pembrolizumab+ Docetaxel"", ""Trial name"": ""PROLUNG"", ""Trial phase"": ""Phase 2"", ""Type of combination"": ""ICI+Chemo"", ""Type of control"": ""Chemo"", ""Type of follow-up given"": null, ""Type of therapy"": ""Combination"", ""Year"": 2020, ""__rowid__"": 113}"
row_182,182,"In Hodgkin Lymphoma trials, classify the ICI by target class from its generic name as PD-1, PD-L1, or CTLA-4.",Name of ICI,"[""class""]",sbert,row,17,0.4691404104232788,0,57,NCT02454933,30763730,CAURAL,Durvalumab,"{""Author"": ""Yang JCH et al"", ""Cancer type"": ""Non-Small Cell Lung"", ""Class of ICI"": ""PD-L1"", ""Clincal setting in relation to surgery"": ""Metastatic+recurrent (unresectable)"", ""Clinical setting"": ""Metastatic+recurrent (unresectable)"", ""Control arm"": ""TKI"", ""Control regimen"": ""Osimertinib"", ""Follow-up duration for primary endpoint(s) in months | Control"": null, ""Follow-up duration for primary endpoint(s) in months | Overall"": null, ""Follow-up duration for primary endpoint(s) in months | Rx"": null, ""Included in MA"": ""No"", ""Is PD-L1 positivity inclusion criteria"": ""No"", ""Is any other biomarker used for inclusion"": ""No"", ""Lines of treatment"": ""Only 2nd or later line of treatment for metastatic disease"", ""Monotherapy/combination"": ""Combination"", ""NCT"": ""NCT02454933"", ""Name of ICI"": ""Durvalumab"", ""Number of arms"": 2, ""Originial publication or Follow-up"": ""Original publication"", ""Priamry Multiple, composite, or co-primary endpoints?"": null, ""Primary endpoint"": null, ""PubMed ID"": ""30763730"", ""Secondary endpoint"": null, ""Total sample size"": 29, ""Treatment regimen"": ""Durvalumab+Osimertinib"", ""Trial name"": ""CAURAL"", ""Trial phase"": ""Phase 3"", ""Type of combination"": ""ICI+TKI"", ""Type of control"": ""TKI"", ""Type of follow-up given"": null, ""Type of therapy"": ""Combination"", ""Year"": 2019, ""__rowid__"": 57}"
row_182,182,"In Hodgkin Lymphoma trials, classify the ICI by target class from its generic name as PD-1, PD-L1, or CTLA-4.",Name of ICI,"[""class""]",sbert,row,18,0.4690915644168854,0,118,NCT00094653,23942774,MDX010-20,Ipilimumab,"{""Author"": ""McDermott D et al (1)"", ""Cancer type"": ""Melanoma"", ""Class of ICI"": ""CTLA-4"", ""Clincal setting in relation to surgery"": ""Metastatic+recurrent (unresectable)"", ""Clinical setting"": ""Metastatic+recurrent (unresectable)"", ""Control arm"": ""Vaccine"", ""Control regimen"": ""Gp100 vaccine"", ""Follow-up duration for primary endpoint(s) in months | Control"": ""24"", ""Follow-up duration for primary endpoint(s) in months | Overall"": null, ""Follow-up duration for primary endpoint(s) in months | Rx"": ""24"", ""Included in MA"": ""No"", ""Is PD-L1 positivity inclusion criteria"": ""No"", ""Is any other biomarker used for inclusion"": ""Yes"", ""Lines of treatment"": ""Only 2nd or later line of treatment for metastatic disease"", ""Monotherapy/combination"": ""Combination"", ""NCT"": ""NCT00094653"", ""Name of ICI"": ""Ipilimumab"", ""Number of arms"": 3, ""Originial publication or Follow-up"": ""Follow-up"", ""Priamry Multiple, composite, or co-primary endpoints?"": null, ""Primary endpoint"": ""OS"", ""PubMed ID"": ""23942774"", ""Secondary endpoint"": ""DOS, responses, and safety among patients with ≥2 years’ survival."", ""Total sample size"": 676, ""Treatment regimen"": ""Ipilimumab+Gp100 Vaccine"", ""Trial name"": ""MDX010-20"", ""Trial phase"": ""Phase 3"", ""Type of combination"": ""ICI+Vaccine"", ""Type of control"": ""Vaccine"", ""Type of follow-up given"": ""Minimum"", ""Type of therapy"": ""Combination"", ""Year"": 2013, ""__rowid__"": 118}"
row_182,182,"In Hodgkin Lymphoma trials, classify the ICI by target class from its generic name as PD-1, PD-L1, or CTLA-4.",Name of ICI,"[""class""]",sbert,row,19,0.4687405228614807,0,58,NCT00324155,21639810,,Ipilimumab,"{""Author"": ""Robert C et al"", ""Cancer type"": ""Melanoma"", ""Class of ICI"": ""CTLA-4"", ""Clincal setting in relation to surgery"": ""Metastatic+recurrent (unresectable)"", ""Clinical setting"": ""Metastatic+recurrent (unresectable)"", ""Control arm"": ""Chemo"", ""Control regimen"": ""Dacarbazine"", ""Follow-up duration for primary endpoint(s) in months | Control"": null, ""Follow-up duration for primary endpoint(s) in months | Overall"": null, ""Follow-up duration for primary endpoint(s) in months | Rx"": null, ""Included in MA"": ""Yes"", ""Is PD-L1 positivity inclusion criteria"": ""No"", ""Is any other biomarker used for inclusion"": ""No"", ""Lines of treatment"": ""Only 1st line of treatment for metastatic disease"", ""Monotherapy/combination"": ""Combination"", ""NCT"": ""NCT00324155"", ""Name of ICI"": ""Ipilimumab"", ""Number of arms"": 2, ""Originial publication or Follow-up"": ""Original publication"", ""Priamry Multiple, composite, or co-primary endpoints?"": null, ""Primary endpoint"": ""OS"", ""PubMed ID"": ""21639810"", ""Secondary endpoint"": ""PFS, best ORR, DCR, time to response, DOR, safety"", ""Total sample size"": 502, ""Treatment regimen"": ""Ipilimumab+Dacarbazine"", ""Trial name"": null, ""Trial phase"": ""Phase 3"", ""Type of combination"": ""ICI+Chemo"", ""Type of control"": ""Chemo"", ""Type of follow-up given"": null, ""Type of therapy"": ""Combination"", ""Year"": 2011, ""__rowid__"": 58}"
row_182,182,"In Hodgkin Lymphoma trials, classify the ICI by target class from its generic name as PD-1, PD-L1, or CTLA-4.",Name of ICI,"[""class""]",sbert,row,20,0.46655938029289246,0,82,NCT03043872,31590988,CASPIAN,Durvalumab,"{""Author"": ""Paz-Ares L et al"", ""Cancer type"": ""Small Cell Lung"", ""Class of ICI"": ""PD-L1"", ""Clincal setting in relation to surgery"": ""Metastatic+recurrent (unresectable)"", ""Clinical setting"": ""Metastatic+recurrent (unresectable)"", ""Control arm"": ""Chemo"", ""Control regimen"": ""Platinum+Etoposide"", ""Follow-up duration for primary endpoint(s) in months | Control"": null, ""Follow-up duration for primary endpoint(s) in months | Overall"": ""14.2"", ""Follow-up duration for primary endpoint(s) in months | Rx"": null, ""Included in MA"": ""Yes"", ""Is PD-L1 positivity inclusion criteria"": ""No"", ""Is any other biomarker used for inclusion"": ""No"", ""Lines of treatment"": ""Only 1st line of treatment for metastatic disease"", ""Monotherapy/combination"": ""Combination"", ""NCT"": ""NCT03043872"", ""Name of ICI"": ""Durvalumab"", ""Number of arms"": 3, ""Originial publication or Follow-up"": ""Original publication"", ""Priamry Multiple, composite, or co-primary endpoints?"": null, ""Primary endpoint"": ""OS"", ""PubMed ID"": ""31590988"", ""Secondary endpoint"": ""PFS; objective response; OS at 18 months; PFS at 6 and 12 months; safety; pharmacokinetics; immunogenicity; symptoms and health-related quality of life assessments."", ""Total sample size"": 805, ""Treatment regimen"": ""Durvalumab+Etoposide+Platinum agent"", ""Trial name"": ""CASPIAN"", ""Trial phase"": ""Phase 3"", ""Type of combination"": ""ICI+Chemo"", ""Type of control"": ""Chemo"", ""Type of follow-up given"": ""Median"", ""Type of therapy"": ""Combination"", ""Year"": 2019, ""__rowid__"": 82}"
row_182,182,"In Hodgkin Lymphoma trials, classify the ICI by target class from its generic name as PD-1, PD-L1, or CTLA-4.",Name of ICI,"[""class""]",sbert,tuple,1,0.6230950951576233,0,135,NCT01721772,32997575,CheckMate 066,Nivolumab,"{""Author"": ""Robert C et al"", ""Cancer type"": ""Melanoma"", ""Class of ICI"": ""PD1"", ""Clincal setting in relation to surgery"": ""Metastatic+recurrent (unresectable)"", ""Clinical setting"": ""Metastatic+recurrent (unresectable)"", ""Control arm"": ""Chemo"", ""Control regimen"": ""Dacarbazine"", ""Follow-up duration for primary endpoint(s) in months | Control"": ""10.9"", ""Follow-up duration for primary endpoint(s) in months | Overall"": null, ""Follow-up duration for primary endpoint(s) in months | Rx"": ""32"", ""Included in MA"": null, ""Is PD-L1 positivity inclusion criteria"": ""No"", ""Is any other biomarker used for inclusion"": ""Yes"", ""Lines of treatment"": ""Only 1st line of treatment for metastatic disease"", ""Monotherapy/combination"": ""Monotherapy"", ""NCT"": ""NCT01721772"", ""Name of ICI"": ""Nivolumab"", ""Number of arms"": 2, ""Originial publication or Follow-up"": ""Follow-up"", ""Priamry Multiple, composite, or co-primary endpoints?"": null, ""Primary endpoint"": ""OS"", ""PubMed ID"": ""32997575"", ""Secondary endpoint"": ""Investigator-assessed PFS and objective response; tumor PD-L1 expression as a predictive biomarker of OS."", ""Total sample size"": 418, ""Treatment regimen"": ""Nivolumab"", ""Trial name"": ""CheckMate 066"", ""Trial phase"": ""Phase 3"", ""Type of combination"": null, ""Type of control"": ""Chemo"", ""Type of follow-up given"": ""Median"", ""Type of therapy"": ""Monotherapy"", ""Year"": 2020, ""__rowid__"": 135}"
row_182,182,"In Hodgkin Lymphoma trials, classify the ICI by target class from its generic name as PD-1, PD-L1, or CTLA-4.",Name of ICI,"[""class""]",sbert,tuple,2,0.6223770380020142,0,117,NCT00094653,23942774,MDX010-20,Ipilimumab,"{""Author"": ""McDermott D et al"", ""Cancer type"": ""Melanoma"", ""Class of ICI"": ""CTLA-4"", ""Clincal setting in relation to surgery"": ""Metastatic+recurrent (unresectable)"", ""Clinical setting"": ""Metastatic+recurrent (unresectable)"", ""Control arm"": ""Vaccine"", ""Control regimen"": ""Gp100 vaccine"", ""Follow-up duration for primary endpoint(s) in months | Control"": ""24"", ""Follow-up duration for primary endpoint(s) in months | Overall"": null, ""Follow-up duration for primary endpoint(s) in months | Rx"": ""24"", ""Included in MA"": ""No"", ""Is PD-L1 positivity inclusion criteria"": ""No"", ""Is any other biomarker used for inclusion"": ""Yes"", ""Lines of treatment"": ""Only 2nd or later line of treatment for metastatic disease"", ""Monotherapy/combination"": ""Monotherapy"", ""NCT"": ""NCT00094653"", ""Name of ICI"": ""Ipilimumab"", ""Number of arms"": 3, ""Originial publication or Follow-up"": ""Follow-up"", ""Priamry Multiple, composite, or co-primary endpoints?"": null, ""Primary endpoint"": ""OS"", ""PubMed ID"": ""23942774"", ""Secondary endpoint"": ""DOS, responses, and safety among patients with ≥2 years’ survival."", ""Total sample size"": 676, ""Treatment regimen"": ""Ipilimumab"", ""Trial name"": ""MDX010-20"", ""Trial phase"": ""Phase 3"", ""Type of combination"": null, ""Type of control"": ""Vaccine"", ""Type of follow-up given"": ""Minimum"", ""Type of therapy"": ""Monotherapy"", ""Year"": 2013, ""__rowid__"": 117}"
row_182,182,"In Hodgkin Lymphoma trials, classify the ICI by target class from its generic name as PD-1, PD-L1, or CTLA-4.",Name of ICI,"[""class""]",sbert,tuple,3,0.6181174516677856,1,152,NCT02684292,33721562,Keynote-204,Brentuximab-vedotin,"{""Author"": ""Kuruvilla J et al"", ""Cancer type"": ""Hodgkin Lymphoma"", ""Class of ICI"": ""PD1"", ""Clincal setting in relation to surgery"": ""Relapsed/refractory"", ""Clinical setting"": ""Relapsed/refractory"", ""Control arm"": ""Antibody-drug conjugate"", ""Control regimen"": ""Brentuximab vedotin"", ""Follow-up duration for primary endpoint(s) in months | Control"": null, ""Follow-up duration for primary endpoint(s) in months | Overall"": ""25.7"", ""Follow-up duration for primary endpoint(s) in months | Rx"": null, ""Included in MA"": null, ""Is PD-L1 positivity inclusion criteria"": ""No"", ""Is any other biomarker used for inclusion"": ""No"", ""Lines of treatment"": ""Only 2nd or later line of treatment for metastatic disease"", ""Monotherapy/combination"": ""Monotherapy"", ""NCT"": ""NCT02684292"", ""Name of ICI"": ""Brentuximab-vedotin"", ""Number of arms"": 2, ""Originial publication or Follow-up"": ""Original publication"", ""Priamry Multiple, composite, or co-primary endpoints?"": ""Dual, unspecified"", ""Primary endpoint"": ""PFS+OS"", ""PubMed ID"": ""33721562"", ""Secondary endpoint"": ""PFS; ORR; CR; investigator-assessed PFS, ORR, CR; safety"", ""Total sample size"": 304, ""Treatment regimen"": ""Pembrolizumab"", ""Trial name"": ""Keynote-204"", ""Trial phase"": ""Phase 3"", ""Type of combination"": null, ""Type of control"": ""Antibody-drug conjugate"", ""Type of follow-up given"": ""Median"", ""Type of therapy"": ""Monotherapy"", ""Year"": 2021, ""__rowid__"": 152}"
row_182,182,"In Hodgkin Lymphoma trials, classify the ICI by target class from its generic name as PD-1, PD-L1, or CTLA-4.",Name of ICI,"[""class""]",sbert,tuple,4,0.61773282289505,0,71,NCT01721772,25399552,CheckMate 066,Nivolumab,"{""Author"": ""Robert C et al"", ""Cancer type"": ""Melanoma"", ""Class of ICI"": ""PD1"", ""Clincal setting in relation to surgery"": ""Metastatic+recurrent (unresectable)"", ""Clinical setting"": ""Metastatic+recurrent (unresectable)"", ""Control arm"": ""Chemo"", ""Control regimen"": ""Dacarbazine"", ""Follow-up duration for primary endpoint(s) in months | Control"": null, ""Follow-up duration for primary endpoint(s) in months | Overall"": ""16.7"", ""Follow-up duration for primary endpoint(s) in months | Rx"": null, ""Included in MA"": ""Yes"", ""Is PD-L1 positivity inclusion criteria"": ""No"", ""Is any other biomarker used for inclusion"": ""Yes"", ""Lines of treatment"": ""Only 1st line of treatment for metastatic disease"", ""Monotherapy/combination"": ""Monotherapy"", ""NCT"": ""NCT01721772"", ""Name of ICI"": ""Nivolumab"", ""Number of arms"": 2, ""Originial publication or Follow-up"": ""Original publication"", ""Priamry Multiple, composite, or co-primary endpoints?"": null, ""Primary endpoint"": ""OS"", ""PubMed ID"": ""25399552"", ""Secondary endpoint"": ""Investigator-assessed PFS and objective response; tumor PD-L1 expression as a predictive biomarker of OS."", ""Total sample size"": 418, ""Treatment regimen"": ""Nivolumab"", ""Trial name"": ""CheckMate 066"", ""Trial phase"": ""Phase 3"", ""Type of combination"": null, ""Type of control"": ""Chemo"", ""Type of follow-up given"": ""Upto"", ""Type of therapy"": ""Monotherapy"", ""Year"": 2015, ""__rowid__"": 71}"
row_182,182,"In Hodgkin Lymphoma trials, classify the ICI by target class from its generic name as PD-1, PD-L1, or CTLA-4.",Name of ICI,"[""class""]",sbert,tuple,5,0.616940975189209,0,151,NCT02299999,33462450,SAFIR02-BREAST IMMUNO,Durvalumab,"{""Author"": ""Bachelot T et al"", ""Cancer type"": ""Breast"", ""Class of ICI"": ""PD-L1"", ""Clincal setting in relation to surgery"": ""Maintenance"", ""Clinical setting"": ""Maintenance"", ""Control arm"": ""Chemo"", ""Control regimen"": ""Chemotherapy"", ""Follow-up duration for primary endpoint(s) in months | Control"": null, ""Follow-up duration for primary endpoint(s) in months | Overall"": ""19.7"", ""Follow-up duration for primary endpoint(s) in months | Rx"": null, ""Included in MA"": null, ""Is PD-L1 positivity inclusion criteria"": ""No"", ""Is any other biomarker used for inclusion"": ""Yes"", ""Lines of treatment"": ""Only 2nd or later line of treatment for metastatic disease"", ""Monotherapy/combination"": ""Monotherapy"", ""NCT"": ""NCT02299999"", ""Name of ICI"": ""Durvalumab"", ""Number of arms"": 2, ""Originial publication or Follow-up"": ""Original publication"", ""Priamry Multiple, composite, or co-primary endpoints?"": null, ""Primary endpoint"": ""PFS"", ""PubMed ID"": ""33462450"", ""Secondary endpoint"": ""OS"", ""Total sample size"": 199, ""Treatment regimen"": ""Durvalumab"", ""Trial name"": ""SAFIR02-BREAST IMMUNO"", ""Trial phase"": ""Phase 2"", ""Type of combination"": null, ""Type of control"": ""Chemo"", ""Type of follow-up given"": ""Median"", ""Type of therapy"": ""Monotherapy"", ""Year"": 2021, ""__rowid__"": 151}"
row_182,182,"In Hodgkin Lymphoma trials, classify the ICI by target class from its generic name as PD-1, PD-L1, or CTLA-4.",Name of ICI,"[""class""]",sbert,tuple,6,0.6162410974502563,0,8,NCT01585987,28655793,,Ipilimumab,"{""Author"": ""Bang YJ et al"", ""Cancer type"": ""Gastric/GEJ"", ""Class of ICI"": ""CTLA-4"", ""Clincal setting in relation to surgery"": ""Metastatic+recurrent (unresectable)"", ""Clinical setting"": ""Metastatic+recurrent (unresectable)"", ""Control arm"": ""Best supportive care"", ""Control regimen"": ""Best supportive care (+/-fluoropyrimidine)"", ""Follow-up duration for primary endpoint(s) in months | Control"": null, ""Follow-up duration for primary endpoint(s) in months | Overall"": null, ""Follow-up duration for primary endpoint(s) in months | Rx"": null, ""Included in MA"": ""Yes"", ""Is PD-L1 positivity inclusion criteria"": ""No"", ""Is any other biomarker used for inclusion"": ""No"", ""Lines of treatment"": ""Only 2nd or later line of treatment for metastatic disease"", ""Monotherapy/combination"": ""Monotherapy"", ""NCT"": ""NCT01585987"", ""Name of ICI"": ""Ipilimumab"", ""Number of arms"": 2, ""Originial publication or Follow-up"": ""Original publication"", ""Priamry Multiple, composite, or co-primary endpoints?"": null, ""Primary endpoint"": ""PFS"", ""PubMed ID"": ""28655793"", ""Secondary endpoint"": ""PFS by mWHO criteria, OS, immune-related best overall response rate (irBORR)"", ""Total sample size"": 114, ""Treatment regimen"": ""Ipilimumab"", ""Trial name"": null, ""Trial phase"": ""Phase 2"", ""Type of combination"": null, ""Type of control"": ""Best supportive care"", ""Type of follow-up given"": null, ""Type of therapy"": ""Monotherapy"", ""Year"": 2017, ""__rowid__"": 8}"
row_182,182,"In Hodgkin Lymphoma trials, classify the ICI by target class from its generic name as PD-1, PD-L1, or CTLA-4.",Name of ICI,"[""class""]",sbert,tuple,7,0.6156976222991943,0,97,NCT01896869,32591464,,Ipilimumab,"{""Author"": ""Wu AA et al"", ""Cancer type"": ""Pancreatic"", ""Class of ICI"": ""CTLA-4"", ""Clincal setting in relation to surgery"": ""Metastatic+recurrent (unresectable)"", ""Clinical setting"": ""Metastatic+recurrent (unresectable)"", ""Control arm"": ""Chemo"", ""Control regimen"": ""FOLFIRINOX"", ""Follow-up duration for primary endpoint(s) in months | Control"": null, ""Follow-up duration for primary endpoint(s) in months | Overall"": null, ""Follow-up duration for primary endpoint(s) in months | Rx"": null, ""Included in MA"": ""No"", ""Is PD-L1 positivity inclusion criteria"": ""No"", ""Is any other biomarker used for inclusion"": ""No"", ""Lines of treatment"": ""Only 2nd or later line of treatment for metastatic disease"", ""Monotherapy/combination"": ""Combination"", ""NCT"": ""NCT01896869"", ""Name of ICI"": ""Ipilimumab"", ""Number of arms"": 2, ""Originial publication or Follow-up"": ""Original publication"", ""Priamry Multiple, composite, or co-primary endpoints?"": null, ""Primary endpoint"": ""OS"", ""PubMed ID"": ""32591464"", ""Secondary endpoint"": ""Safety; toxicities; clinical and immunological responses."", ""Total sample size"": 83, ""Treatment regimen"": ""Ipilimumab+GVAX"", ""Trial name"": null, ""Trial phase"": ""Phase 2"", ""Type of combination"": ""ICI+Vaccine"", ""Type of control"": ""Chemo"", ""Type of follow-up given"": null, ""Type of therapy"": ""Combination"", ""Year"": 2020, ""__rowid__"": 97}"
row_182,182,"In Hodgkin Lymphoma trials, classify the ICI by target class from its generic name as PD-1, PD-L1, or CTLA-4.",Name of ICI,"[""class""]",sbert,tuple,8,0.6154992580413818,0,72,NCT01721772,30422243,CheckMate 066,Nivolumab,"{""Author"": ""Ascierto PA et al"", ""Cancer type"": ""Melanoma"", ""Class of ICI"": ""PD1"", ""Clincal setting in relation to surgery"": ""Metastatic+recurrent (unresectable)"", ""Clinical setting"": ""Metastatic+recurrent (unresectable)"", ""Control arm"": ""Chemo"", ""Control regimen"": ""Dacarbazine"", ""Follow-up duration for primary endpoint(s) in months | Control"": null, ""Follow-up duration for primary endpoint(s) in months | Overall"": ""38.4"", ""Follow-up duration for primary endpoint(s) in months | Rx"": null, ""Included in MA"": ""Yes"", ""Is PD-L1 positivity inclusion criteria"": ""No"", ""Is any other biomarker used for inclusion"": ""Yes"", ""Lines of treatment"": ""Only 1st line of treatment for metastatic disease"", ""Monotherapy/combination"": ""Monotherapy"", ""NCT"": ""NCT01721772"", ""Name of ICI"": ""Nivolumab"", ""Number of arms"": 2, ""Originial publication or Follow-up"": ""Follow-up"", ""Priamry Multiple, composite, or co-primary endpoints?"": null, ""Primary endpoint"": ""OS"", ""PubMed ID"": ""30422243"", ""Secondary endpoint"": ""Investigator-assessed PFS and objective response; tumor PD-L1 expression as a predictive biomarker of OS."", ""Total sample size"": 418, ""Treatment regimen"": ""Nivolumab"", ""Trial name"": ""CheckMate 066"", ""Trial phase"": ""Phase 3"", ""Type of combination"": null, ""Type of control"": ""Chemo"", ""Type of follow-up given"": ""Median"", ""Type of therapy"": ""Monotherapy"", ""Year"": 2019, ""__rowid__"": 72}"
row_182,182,"In Hodgkin Lymphoma trials, classify the ICI by target class from its generic name as PD-1, PD-L1, or CTLA-4.",Name of ICI,"[""class""]",sbert,tuple,9,0.6148734092712402,0,66,NCT01704287,28961465,KEYNOTE-002,Pembrolizumab,"{""Author"": ""Hamid O et al (1)"", ""Cancer type"": ""Melanoma"", ""Class of ICI"": ""PD1"", ""Clincal setting in relation to surgery"": ""Metastatic+recurrent (unresectable)"", ""Clinical setting"": ""Metastatic+recurrent (unresectable)"", ""Control arm"": ""Chemo"", ""Control regimen"": ""Investigator's choice chemotherapy"", ""Follow-up duration for primary endpoint(s) in months | Control"": null, ""Follow-up duration for primary endpoint(s) in months | Overall"": ""28"", ""Follow-up duration for primary endpoint(s) in months | Rx"": null, ""Included in MA"": ""Yes"", ""Is PD-L1 positivity inclusion criteria"": ""No"", ""Is any other biomarker used for inclusion"": ""No"", ""Lines of treatment"": ""1st and later line of treatment for metastatic disease"", ""Monotherapy/combination"": ""Monotherapy"", ""NCT"": ""NCT01704287"", ""Name of ICI"": ""Pembrolizumab"", ""Number of arms"": 3, ""Originial publication or Follow-up"": ""Follow-up"", ""Priamry Multiple, composite, or co-primary endpoints?"": ""Co-primary"", ""Primary endpoint"": ""OS+PFS"", ""PubMed ID"": ""28961465"", ""Secondary endpoint"": ""ORR; response duration; safety."", ""Total sample size"": 540, ""Treatment regimen"": ""Pembrolizumab 10 mg/kg"", ""Trial name"": ""KEYNOTE-002"", ""Trial phase"": ""Phase 2"", ""Type of combination"": null, ""Type of control"": ""Chemo"", ""Type of follow-up given"": ""Median"", ""Type of therapy"": ""Monotherapy"", ""Year"": 2017, ""__rowid__"": 66}"
row_182,182,"In Hodgkin Lymphoma trials, classify the ICI by target class from its generic name as PD-1, PD-L1, or CTLA-4.",Name of ICI,"[""class""]",sbert,tuple,10,0.6138319969177246,0,114,NCT01668784,32673417,CheckMate 025,Nivolumab,"{""Author"": ""Motzer RJ et al"", ""Cancer type"": ""Renal cell"", ""Class of ICI"": ""PD1"", ""Clincal setting in relation to surgery"": ""Metastatic+recurrent (unresectable)"", ""Clinical setting"": ""Metastatic+recurrent (unresectable)"", ""Control arm"": ""mTOR inhibitor"", ""Control regimen"": ""Everolimus"", ""Follow-up duration for primary endpoint(s) in months | Control"": ""19.7"", ""Follow-up duration for primary endpoint(s) in months | Overall"": null, ""Follow-up duration for primary endpoint(s) in months | Rx"": ""25.8"", ""Included in MA"": ""Yes"", ""Is PD-L1 positivity inclusion criteria"": ""No"", ""Is any other biomarker used for inclusion"": ""No"", ""Lines of treatment"": ""Only 2nd or later line of treatment for metastatic disease"", ""Monotherapy/combination"": ""Monotherapy"", ""NCT"": ""NCT01668784"", ""Name of ICI"": ""Nivolumab"", ""Number of arms"": 2, ""Originial publication or Follow-up"": ""Follow-up"", ""Priamry Multiple, composite, or co-primary endpoints?"": null, ""Primary endpoint"": ""OS"", ""PubMed ID"": ""32673417"", ""Secondary endpoint"": ""ORR; PFS, association between overall survival and tumor expression of PD-L1; incidence of adverse events."", ""Total sample size"": 821, ""Treatment regimen"": ""Nivolumab"", ""Trial name"": ""CheckMate 025"", ""Trial phase"": ""Phase 3"", ""Type of combination"": null, ""Type of control"": ""mTOR inhibitor"", ""Type of follow-up given"": ""Median"", ""Type of therapy"": ""Monotherapy"", ""Year"": 2020, ""__rowid__"": 114}"
row_182,182,"In Hodgkin Lymphoma trials, classify the ICI by target class from its generic name as PD-1, PD-L1, or CTLA-4.",Name of ICI,"[""class""]",sbert,tuple,11,0.6138021945953369,0,153,NCT02450331,33721560,Imvigor010,Atezolizumab,"{""Author"": ""Bellmunt J et al"", ""Cancer type"": ""Urothelial"", ""Class of ICI"": ""PD-L1"", ""Clincal setting in relation to surgery"": ""Adjuvant"", ""Clinical setting"": ""Adjuvant"", ""Control arm"": ""Observation"", ""Control regimen"": ""Observation"", ""Follow-up duration for primary endpoint(s) in months | Control"": null, ""Follow-up duration for primary endpoint(s) in months | Overall"": ""21.9"", ""Follow-up duration for primary endpoint(s) in months | Rx"": null, ""Included in MA"": null, ""Is PD-L1 positivity inclusion criteria"": ""No"", ""Is any other biomarker used for inclusion"": ""No"", ""Lines of treatment"": null, ""Monotherapy/combination"": ""Monotherapy"", ""NCT"": ""NCT02450331"", ""Name of ICI"": ""Atezolizumab"", ""Number of arms"": 2, ""Originial publication or Follow-up"": ""Original publication"", ""Priamry Multiple, composite, or co-primary endpoints?"": null, ""Primary endpoint"": ""DFS"", ""PubMed ID"": ""33721560"", ""Secondary endpoint"": ""OS; disease-specific survival; distant metastasis-free survival; non-urinary tract recurrence-free survival; pharmacokinetics; PROs"", ""Total sample size"": 809, ""Treatment regimen"": ""Atezolizumab"", ""Trial name"": ""Imvigor010"", ""Trial phase"": ""Phase 3"", ""Type of combination"": null, ""Type of control"": ""Observation"", ""Type of follow-up given"": ""Median"", ""Type of therapy"": ""Monotherapy"", ""Year"": 2021, ""__rowid__"": 153}"
row_182,182,"In Hodgkin Lymphoma trials, classify the ICI by target class from its generic name as PD-1, PD-L1, or CTLA-4.",Name of ICI,"[""class""]",sbert,tuple,12,0.6137657165527344,0,144,NCT02008227,33166718,OAK,Atezolizumab,"{""Author"": ""Mazieres J et al"", ""Cancer type"": ""Non-Small Cell Lung"", ""Class of ICI"": ""PD-L1"", ""Clincal setting in relation to surgery"": ""Metastatic+recurrent (unresectable)"", ""Clinical setting"": ""Metastatic+recurrent (unresectable)"", ""Control arm"": ""Chemo"", ""Control regimen"": ""Docetaxel"", ""Follow-up duration for primary endpoint(s) in months | Control"": null, ""Follow-up duration for primary endpoint(s) in months | Overall"": ""47.7"", ""Follow-up duration for primary endpoint(s) in months | Rx"": null, ""Included in MA"": null, ""Is PD-L1 positivity inclusion criteria"": ""No"", ""Is any other biomarker used for inclusion"": ""No"", ""Lines of treatment"": ""Only 2nd or later line of treatment for metastatic disease"", ""Monotherapy/combination"": ""Monotherapy"", ""NCT"": ""NCT02008227"", ""Name of ICI"": ""Atezolizumab"", ""Number of arms"": 2, ""Originial publication or Follow-up"": ""Follow-up"", ""Priamry Multiple, composite, or co-primary endpoints?"": null, ""Primary endpoint"": ""OS"", ""PubMed ID"": ""33166718"", ""Secondary endpoint"": null, ""Total sample size"": 1225, ""Treatment regimen"": ""Atezolizumab"", ""Trial name"": ""OAK"", ""Trial phase"": ""Phase 3"", ""Type of combination"": null, ""Type of control"": ""Chemo"", ""Type of follow-up given"": ""Median"", ""Type of therapy"": ""Monotherapy"", ""Year"": 2020, ""__rowid__"": 144}"
row_182,182,"In Hodgkin Lymphoma trials, classify the ICI by target class from its generic name as PD-1, PD-L1, or CTLA-4.",Name of ICI,"[""class""]",sbert,tuple,13,0.6131274104118347,0,41,NCT02008227,29777823,OAK,Atezolizumab,"{""Author"": ""Fehrenbacher L et al"", ""Cancer type"": ""Non-Small Cell Lung"", ""Class of ICI"": ""PD-L1"", ""Clincal setting in relation to surgery"": ""Metastatic+recurrent (unresectable)"", ""Clinical setting"": ""Metastatic+recurrent (unresectable)"", ""Control arm"": ""Chemo"", ""Control regimen"": ""Docetaxel"", ""Follow-up duration for primary endpoint(s) in months | Control"": null, ""Follow-up duration for primary endpoint(s) in months | Overall"": ""26"", ""Follow-up duration for primary endpoint(s) in months | Rx"": null, ""Included in MA"": ""No"", ""Is PD-L1 positivity inclusion criteria"": ""No"", ""Is any other biomarker used for inclusion"": ""Yes"", ""Lines of treatment"": ""Only 2nd or later line of treatment for metastatic disease"", ""Monotherapy/combination"": ""Monotherapy"", ""NCT"": ""NCT02008227"", ""Name of ICI"": ""Atezolizumab"", ""Number of arms"": 2, ""Originial publication or Follow-up"": ""Follow-up"", ""Priamry Multiple, composite, or co-primary endpoints?"": null, ""Primary endpoint"": ""OS"", ""PubMed ID"": ""29777823"", ""Secondary endpoint"": ""PFS, ORR, DoR"", ""Total sample size"": 1225, ""Treatment regimen"": ""Atezolizumab"", ""Trial name"": ""OAK"", ""Trial phase"": ""Phase 3"", ""Type of combination"": null, ""Type of control"": ""Chemo"", ""Type of follow-up given"": ""Median"", ""Type of therapy"": ""Monotherapy"", ""Year"": 2018, ""__rowid__"": 41}"
row_182,182,"In Hodgkin Lymphoma trials, classify the ICI by target class from its generic name as PD-1, PD-L1, or CTLA-4.",Name of ICI,"[""class""]",sbert,tuple,14,0.6121191382408142,0,77,NCT01057810,28034081,CA184-095,Ipilimumab,"{""Author"": ""Beer TM et al"", ""Cancer type"": ""Prostate"", ""Class of ICI"": ""CTLA-4"", ""Clincal setting in relation to surgery"": ""Metastatic+recurrent (unresectable)"", ""Clinical setting"": ""Metastatic+recurrent (unresectable)"", ""Control arm"": ""Placebo"", ""Control regimen"": ""Placebo"", ""Follow-up duration for primary endpoint(s) in months | Control"": null, ""Follow-up duration for primary endpoint(s) in months | Overall"": null, ""Follow-up duration for primary endpoint(s) in months | Rx"": null, ""Included in MA"": ""Yes"", ""Is PD-L1 positivity inclusion criteria"": ""No"", ""Is any other biomarker used for inclusion"": ""No"", ""Lines of treatment"": ""Only 1st line of treatment for metastatic disease"", ""Monotherapy/combination"": ""Monotherapy"", ""NCT"": ""NCT01057810"", ""Name of ICI"": ""Ipilimumab"", ""Number of arms"": 2, ""Originial publication or Follow-up"": ""Original publication"", ""Priamry Multiple, composite, or co-primary endpoints?"": null, ""Primary endpoint"": ""OS"", ""PubMed ID"": ""28034081"", ""Secondary endpoint"": ""PFS; time to subsequent systemic, cytotoxic therapy and to pain progression in all patients; safety profile in treated patients."", ""Total sample size"": 602, ""Treatment regimen"": ""Ipilimumab"", ""Trial name"": ""CA184-095"", ""Trial phase"": ""Phase 3"", ""Type of combination"": null, ""Type of control"": ""Placebo"", ""Type of follow-up given"": null, ""Type of therapy"": ""Monotherapy"", ""Year"": 2017, ""__rowid__"": 77}"
row_182,182,"In Hodgkin Lymphoma trials, classify the ICI by target class from its generic name as PD-1, PD-L1, or CTLA-4.",Name of ICI,"[""class""]",sbert,tuple,15,0.6117296814918518,0,58,NCT00324155,21639810,,Ipilimumab,"{""Author"": ""Robert C et al"", ""Cancer type"": ""Melanoma"", ""Class of ICI"": ""CTLA-4"", ""Clincal setting in relation to surgery"": ""Metastatic+recurrent (unresectable)"", ""Clinical setting"": ""Metastatic+recurrent (unresectable)"", ""Control arm"": ""Chemo"", ""Control regimen"": ""Dacarbazine"", ""Follow-up duration for primary endpoint(s) in months | Control"": null, ""Follow-up duration for primary endpoint(s) in months | Overall"": null, ""Follow-up duration for primary endpoint(s) in months | Rx"": null, ""Included in MA"": ""Yes"", ""Is PD-L1 positivity inclusion criteria"": ""No"", ""Is any other biomarker used for inclusion"": ""No"", ""Lines of treatment"": ""Only 1st line of treatment for metastatic disease"", ""Monotherapy/combination"": ""Combination"", ""NCT"": ""NCT00324155"", ""Name of ICI"": ""Ipilimumab"", ""Number of arms"": 2, ""Originial publication or Follow-up"": ""Original publication"", ""Priamry Multiple, composite, or co-primary endpoints?"": null, ""Primary endpoint"": ""OS"", ""PubMed ID"": ""21639810"", ""Secondary endpoint"": ""PFS, best ORR, DCR, time to response, DOR, safety"", ""Total sample size"": 502, ""Treatment regimen"": ""Ipilimumab+Dacarbazine"", ""Trial name"": null, ""Trial phase"": ""Phase 3"", ""Type of combination"": ""ICI+Chemo"", ""Type of control"": ""Chemo"", ""Type of follow-up given"": null, ""Type of therapy"": ""Combination"", ""Year"": 2011, ""__rowid__"": 58}"
row_182,182,"In Hodgkin Lymphoma trials, classify the ICI by target class from its generic name as PD-1, PD-L1, or CTLA-4.",Name of ICI,"[""class""]",sbert,tuple,16,0.6107301712036133,0,143,NCT01903993,33166718,POPLAR,Atezolizumab,"{""Author"": ""Mazieres J et al"", ""Cancer type"": ""Non-Small Cell Lung"", ""Class of ICI"": ""PD-L1"", ""Clincal setting in relation to surgery"": ""Metastatic+recurrent (unresectable)"", ""Clinical setting"": ""Metastatic+recurrent (unresectable)"", ""Control arm"": ""Chemo"", ""Control regimen"": ""Docetaxel"", ""Follow-up duration for primary endpoint(s) in months | Control"": null, ""Follow-up duration for primary endpoint(s) in months | Overall"": ""48.6"", ""Follow-up duration for primary endpoint(s) in months | Rx"": null, ""Included in MA"": null, ""Is PD-L1 positivity inclusion criteria"": ""No"", ""Is any other biomarker used for inclusion"": ""No"", ""Lines of treatment"": ""Only 2nd or later line of treatment for metastatic disease"", ""Monotherapy/combination"": ""Monotherapy"", ""NCT"": ""NCT01903993"", ""Name of ICI"": ""Atezolizumab"", ""Number of arms"": 2, ""Originial publication or Follow-up"": ""Follow-up"", ""Priamry Multiple, composite, or co-primary endpoints?"": null, ""Primary endpoint"": ""OS"", ""PubMed ID"": ""33166718"", ""Secondary endpoint"": null, ""Total sample size"": 287, ""Treatment regimen"": ""Atezolizumab"", ""Trial name"": ""POPLAR"", ""Trial phase"": ""Phase 2"", ""Type of combination"": null, ""Type of control"": ""Chemo"", ""Type of follow-up given"": ""Median"", ""Type of therapy"": ""Monotherapy"", ""Year"": 2020, ""__rowid__"": 143}"
row_182,182,"In Hodgkin Lymphoma trials, classify the ICI by target class from its generic name as PD-1, PD-L1, or CTLA-4.",Name of ICI,"[""class""]",sbert,tuple,17,0.6100516319274902,0,133,NCT02564263,33026938,KEYNOTE-181,Pembrolizumab,"{""Author"": ""Kojima T et al."", ""Cancer type"": ""Esophageal/GEJ"", ""Class of ICI"": ""PD1"", ""Clincal setting in relation to surgery"": ""Metastatic+recurrent (unresectable)"", ""Clinical setting"": ""Metastatic+recurrent (unresectable)"", ""Control arm"": ""Chemo"", ""Control regimen"": ""Paclitaxel/Docetaxel/Irinotecan"", ""Follow-up duration for primary endpoint(s) in months | Control"": ""6.9"", ""Follow-up duration for primary endpoint(s) in months | Overall"": null, ""Follow-up duration for primary endpoint(s) in months | Rx"": ""7.1"", ""Included in MA"": null, ""Is PD-L1 positivity inclusion criteria"": ""No"", ""Is any other biomarker used for inclusion"": ""Yes"", ""Lines of treatment"": ""Only 2nd or later line of treatment for metastatic disease"", ""Monotherapy/combination"": ""Monotherapy"", ""NCT"": ""NCT02564263"", ""Name of ICI"": ""Pembrolizumab"", ""Number of arms"": 2, ""Originial publication or Follow-up"": ""Original publication"", ""Priamry Multiple, composite, or co-primary endpoints?"": null, ""Primary endpoint"": ""OS"", ""PubMed ID"": ""33026938"", ""Secondary endpoint"": ""PFS, ORR, safety, tolerability"", ""Total sample size"": 628, ""Treatment regimen"": ""Pembrolizumab"", ""Trial name"": ""KEYNOTE-181"", ""Trial phase"": ""Phase 3"", ""Type of combination"": null, ""Type of control"": ""Chemo"", ""Type of follow-up given"": ""Median"", ""Type of therapy"": ""Monotherapy"", ""Year"": 2020, ""__rowid__"": 133}"
row_182,182,"In Hodgkin Lymphoma trials, classify the ICI by target class from its generic name as PD-1, PD-L1, or CTLA-4.",Name of ICI,"[""class""]",sbert,tuple,18,0.609531044960022,0,155,NCT03088540,33581821,EMPOWER-Lung 1,Cemiplimab,"{""Author"": ""Sezer A et al"", ""Cancer type"": ""Non-Small Cell Lung"", ""Class of ICI"": ""PD1"", ""Clincal setting in relation to surgery"": ""Metastatic+recurrent (unresectable)"", ""Clinical setting"": ""Metastatic+recurrent (unresectable)"", ""Control arm"": ""Chemo"", ""Control regimen"": ""Chemotherapy"", ""Follow-up duration for primary endpoint(s) in months | Control"": ""10.9"", ""Follow-up duration for primary endpoint(s) in months | Overall"": null, ""Follow-up duration for primary endpoint(s) in months | Rx"": ""10.8"", ""Included in MA"": null, ""Is PD-L1 positivity inclusion criteria"": ""Yes"", ""Is any other biomarker used for inclusion"": ""Yes"", ""Lines of treatment"": ""Only 1st line of treatment for metastatic disease"", ""Monotherapy/combination"": ""Monotherapy"", ""NCT"": ""NCT03088540"", ""Name of ICI"": ""Cemiplimab"", ""Number of arms"": 2, ""Originial publication or Follow-up"": ""Original publication"", ""Priamry Multiple, composite, or co-primary endpoints?"": ""Multiple"", ""Primary endpoint"": ""OS+PFS"", ""PubMed ID"": ""33581821"", ""Secondary endpoint"": ""ORR; DoR; HRQOL; safety"", ""Total sample size"": 710, ""Treatment regimen"": ""Cemiplimab"", ""Trial name"": ""EMPOWER-Lung 1"", ""Trial phase"": ""Phase 3"", ""Type of combination"": null, ""Type of control"": ""Chemo"", ""Type of follow-up given"": ""Median"", ""Type of therapy"": ""Monotherapy"", ""Year"": 2021, ""__rowid__"": 155}"
row_182,182,"In Hodgkin Lymphoma trials, classify the ICI by target class from its generic name as PD-1, PD-L1, or CTLA-4.",Name of ICI,"[""class""]",sbert,tuple,19,0.6091868281364441,0,147,NCT02481830,33539946,CheckMate 331,Nivolumab,"{""Author"": ""Spigel DR et al"", ""Cancer type"": ""Small Cell Lung"", ""Class of ICI"": ""PD1"", ""Clincal setting in relation to surgery"": ""Metastatic+recurrent (unresectable)"", ""Clinical setting"": ""Metastatic+recurrent (unresectable)"", ""Control arm"": ""Chemo"", ""Control regimen"": ""Chemotherapy"", ""Follow-up duration for primary endpoint(s) in months | Control"": null, ""Follow-up duration for primary endpoint(s) in months | Overall"": ""15.8"", ""Follow-up duration for primary endpoint(s) in months | Rx"": null, ""Included in MA"": null, ""Is PD-L1 positivity inclusion criteria"": ""No"", ""Is any other biomarker used for inclusion"": ""No"", ""Lines of treatment"": ""Only 2nd or later line of treatment for metastatic disease"", ""Monotherapy/combination"": ""Monotherapy"", ""NCT"": ""NCT02481830"", ""Name of ICI"": ""Nivolumab"", ""Number of arms"": 2, ""Originial publication or Follow-up"": ""Original publication"", ""Priamry Multiple, composite, or co-primary endpoints?"": null, ""Primary endpoint"": ""OS"", ""PubMed ID"": ""33539946"", ""Secondary endpoint"": ""PFS; ORR; DoR"", ""Total sample size"": 569, ""Treatment regimen"": ""Nivolumab"", ""Trial name"": ""CheckMate 331"", ""Trial phase"": ""Phase 3"", ""Type of combination"": null, ""Type of control"": ""Chemo"", ""Type of follow-up given"": ""Minimum"", ""Type of therapy"": ""Monotherapy"", ""Year"": 2021, ""__rowid__"": 147}"
row_182,182,"In Hodgkin Lymphoma trials, classify the ICI by target class from its generic name as PD-1, PD-L1, or CTLA-4.",Name of ICI,"[""class""]",sbert,tuple,20,0.6090967655181885,0,54,NCT02142738,30620668,Keynote-024,Pembrolizumab,"{""Author"": ""Reck M et al"", ""Cancer type"": ""Non-Small Cell Lung"", ""Class of ICI"": ""PD1"", ""Clincal setting in relation to surgery"": ""Metastatic+recurrent (unresectable)"", ""Clinical setting"": ""Metastatic+recurrent (unresectable)"", ""Control arm"": ""Chemo"", ""Control regimen"": ""Platinum-based chemotherapy"", ""Follow-up duration for primary endpoint(s) in months | Control"": null, ""Follow-up duration for primary endpoint(s) in months | Overall"": ""25.2"", ""Follow-up duration for primary endpoint(s) in months | Rx"": null, ""Included in MA"": ""Yes"", ""Is PD-L1 positivity inclusion criteria"": ""Yes"", ""Is any other biomarker used for inclusion"": ""No"", ""Lines of treatment"": ""Only 1st line of treatment for metastatic disease"", ""Monotherapy/combination"": ""Monotherapy"", ""NCT"": ""NCT02142738"", ""Name of ICI"": ""Pembrolizumab"", ""Number of arms"": 2, ""Originial publication or Follow-up"": ""Follow-up"", ""Priamry Multiple, composite, or co-primary endpoints?"": null, ""Primary endpoint"": ""PFS"", ""PubMed ID"": ""30620668"", ""Secondary endpoint"": ""OS, ORR, safety"", ""Total sample size"": 305, ""Treatment regimen"": ""Pembrolizumab"", ""Trial name"": ""Keynote-024"", ""Trial phase"": ""Phase 3"", ""Type of combination"": null, ""Type of control"": ""Chemo"", ""Type of follow-up given"": ""Median"", ""Type of therapy"": ""Monotherapy"", ""Year"": 2019, ""__rowid__"": 54}"
row_182,182,"In Hodgkin Lymphoma trials, classify the ICI by target class from its generic name as PD-1, PD-L1, or CTLA-4.",Name of ICI,"[""class""]",bge,column,1,0.8344329595565796,0,19,NCT02231749,31427204,CheckMate 214,"Nivolumab, Ipilimumab","{""Author"": ""Motzer RJ et al"", ""Cancer type"": ""Renal cell"", ""Class of ICI"": ""PD1, CTLA-4"", ""Clincal setting in relation to surgery"": ""Metastatic+recurrent (unresectable)"", ""Clinical setting"": ""Metastatic+recurrent (unresectable)"", ""Control arm"": ""TKI"", ""Control regimen"": ""Sunitinib"", ""Follow-up duration for primary endpoint(s) in months | Control"": null, ""Follow-up duration for primary endpoint(s) in months | Overall"": ""32.4"", ""Follow-up duration for primary endpoint(s) in months | Rx"": null, ""Included in MA"": ""Yes"", ""Is PD-L1 positivity inclusion criteria"": ""No"", ""Is any other biomarker used for inclusion"": ""No"", ""Lines of treatment"": ""Only 1st line of treatment for metastatic disease"", ""Monotherapy/combination"": ""Combination"", ""NCT"": ""NCT02231749"", ""Name of ICI"": ""Nivolumab, Ipilimumab"", ""Number of arms"": 2, ""Originial publication or Follow-up"": ""Follow-up"", ""Priamry Multiple, composite, or co-primary endpoints?"": ""Co-primary"", ""Primary endpoint"": ""OS+PFS+ORR"", ""PubMed ID"": ""31427204"", ""Secondary endpoint"": ""ORR, PFS and OS in intention-to-treat population; incidence rate of adverse events among all treated patients."", ""Total sample size"": 1096, ""Treatment regimen"": ""Nivolumab+Ipilimumab"", ""Trial name"": ""CheckMate 214"", ""Trial phase"": ""Phase 3"", ""Type of combination"": ""ICI+ICI"", ""Type of control"": ""TKI"", ""Type of follow-up given"": ""Median"", ""Type of therapy"": ""Combination"", ""Year"": 2019, ""__rowid__"": 19}"
row_182,182,"In Hodgkin Lymphoma trials, classify the ICI by target class from its generic name as PD-1, PD-L1, or CTLA-4.",Name of ICI,"[""class""]",bge,column,2,0.8344329595565796,0,18,NCT02231749,29562145,CheckMate 214,"Nivolumab, Ipilimumab","{""Author"": ""Motzer RJ et al"", ""Cancer type"": ""Renal cell"", ""Class of ICI"": ""PD1, CTLA-4"", ""Clincal setting in relation to surgery"": ""Metastatic+recurrent (unresectable)"", ""Clinical setting"": ""Metastatic+recurrent (unresectable)"", ""Control arm"": ""TKI"", ""Control regimen"": ""Sunitinib"", ""Follow-up duration for primary endpoint(s) in months | Control"": null, ""Follow-up duration for primary endpoint(s) in months | Overall"": ""25.2"", ""Follow-up duration for primary endpoint(s) in months | Rx"": null, ""Included in MA"": ""Yes"", ""Is PD-L1 positivity inclusion criteria"": ""No"", ""Is any other biomarker used for inclusion"": ""No"", ""Lines of treatment"": ""Only 1st line of treatment for metastatic disease"", ""Monotherapy/combination"": ""Combination"", ""NCT"": ""NCT02231749"", ""Name of ICI"": ""Nivolumab, Ipilimumab"", ""Number of arms"": 2, ""Originial publication or Follow-up"": ""Original publication"", ""Priamry Multiple, composite, or co-primary endpoints?"": ""Co-primary"", ""Primary endpoint"": ""OS+PFS+ORR"", ""PubMed ID"": ""29562145"", ""Secondary endpoint"": ""ORR, PFS and OS in \nintention-to-treat population; incidence rate of adverse events among all treated patients."", ""Total sample size"": 1096, ""Treatment regimen"": ""Nivolumab+Ipilimumab"", ""Trial name"": ""CheckMate 214"", ""Trial phase"": ""Phase 3"", ""Type of combination"": ""ICI+ICI"", ""Type of control"": ""TKI"", ""Type of follow-up given"": ""Median"", ""Type of therapy"": ""Combination"", ""Year"": 2018, ""__rowid__"": 18}"
row_182,182,"In Hodgkin Lymphoma trials, classify the ICI by target class from its generic name as PD-1, PD-L1, or CTLA-4.",Name of ICI,"[""class""]",bge,column,3,0.8344329595565796,0,49,NCT02477826,31562796,Checkmate 227,"Nivolumab, Ipilimumab","{""Author"": ""Hellmann MD et al"", ""Cancer type"": ""Non-Small Cell Lung"", ""Class of ICI"": ""PD1, CTLA-4"", ""Clincal setting in relation to surgery"": ""Metastatic+recurrent (unresectable)"", ""Clinical setting"": ""Metastatic+recurrent (unresectable)"", ""Control arm"": ""Chemo"", ""Control regimen"": ""Chemotherapy"", ""Follow-up duration for primary endpoint(s) in months | Control"": null, ""Follow-up duration for primary endpoint(s) in months | Overall"": ""29.3"", ""Follow-up duration for primary endpoint(s) in months | Rx"": null, ""Included in MA"": ""Yes"", ""Is PD-L1 positivity inclusion criteria"": ""No"", ""Is any other biomarker used for inclusion"": ""Yes"", ""Lines of treatment"": ""Only 1st line of treatment for metastatic disease"", ""Monotherapy/combination"": ""Combination"", ""NCT"": ""NCT02477826"", ""Name of ICI"": ""Nivolumab, Ipilimumab"", ""Number of arms"": 4, ""Originial publication or Follow-up"": ""Follow-up"", ""Priamry Multiple, composite, or co-primary endpoints?"": null, ""Primary endpoint"": ""OS"", ""PubMed ID"": ""31562796"", ""Secondary endpoint"": ""PFS; OS with nivolumab+chemotherapy VS chemotherapy alone in patients with PD-L1 <1%; and OS with nivolumab monotherapy VS chemotherapy in patients with a PD-L1 >=50%"", ""Total sample size"": 1739, ""Treatment regimen"": ""Nivolumab+Ipilimumab"", ""Trial name"": ""Checkmate 227"", ""Trial phase"": ""Phase 3"", ""Type of combination"": ""ICI+ICI"", ""Type of control"": ""Chemo"", ""Type of follow-up given"": ""Minimum"", ""Type of therapy"": ""Combination"", ""Year"": 2019, ""__rowid__"": 49}"
row_182,182,"In Hodgkin Lymphoma trials, classify the ICI by target class from its generic name as PD-1, PD-L1, or CTLA-4.",Name of ICI,"[""class""]",bge,column,4,0.8344329595565796,0,47,NCT02477826,29658845,Checkmate 227,"Nivolumab, Ipilimumab","{""Author"": ""Hellmann MD et al"", ""Cancer type"": ""Non-Small Cell Lung"", ""Class of ICI"": ""PD1, CTLA-4"", ""Clincal setting in relation to surgery"": ""Metastatic+recurrent (unresectable)"", ""Clinical setting"": ""Metastatic+recurrent (unresectable)"", ""Control arm"": ""Chemo"", ""Control regimen"": ""Chemotherapy"", ""Follow-up duration for primary endpoint(s) in months | Control"": null, ""Follow-up duration for primary endpoint(s) in months | Overall"": ""11.2"", ""Follow-up duration for primary endpoint(s) in months | Rx"": null, ""Included in MA"": ""Yes"", ""Is PD-L1 positivity inclusion criteria"": ""No"", ""Is any other biomarker used for inclusion"": ""No"", ""Lines of treatment"": ""Only 1st line of treatment for metastatic disease"", ""Monotherapy/combination"": ""Combination"", ""NCT"": ""NCT02477826"", ""Name of ICI"": ""Nivolumab, Ipilimumab"", ""Number of arms"": 3, ""Originial publication or Follow-up"": ""Original publication"", ""Priamry Multiple, composite, or co-primary endpoints?"": ""Co-primary"", ""Primary endpoint"": ""OS+PFS"", ""PubMed ID"": ""29658845"", ""Secondary endpoint"": ""PFS with nivolumab VS chemotherapy among patients with a TMB of at least 13 mutations per megabase and a PD-L1 expression level of >= 1%; OS with nivolumab + ipilimumab VS platinum doublet chemotherapy among patients with a TMB of >=10 mutations per megabase"", ""Total sample size"": 1739, ""Treatment regimen"": ""Nivolumab+Ipilimumab"", ""Trial name"": ""Checkmate 227"", ""Trial phase"": ""Phase 3"", ""Type of combination"": ""ICI+ICI"", ""Type of control"": ""Chemo"", ""Type of follow-up given"": ""Minimum"", ""Type of therapy"": ""Combination"", ""Year"": 2018, ""__rowid__"": 47}"
row_182,182,"In Hodgkin Lymphoma trials, classify the ICI by target class from its generic name as PD-1, PD-L1, or CTLA-4.",Name of ICI,"[""class""]",bge,column,5,0.8344329595565796,0,101,NCT02231749,32661118,CheckMate 214,"Nivolumab, Ipilimumab","{""Author"": ""Motzer RJ et al"", ""Cancer type"": ""Renal cell"", ""Class of ICI"": ""PD1, CTLA-4"", ""Clincal setting in relation to surgery"": ""Metastatic+recurrent (unresectable)"", ""Clinical setting"": ""Metastatic+recurrent (unresectable)"", ""Control arm"": ""TKI"", ""Control regimen"": ""Sunitinib"", ""Follow-up duration for primary endpoint(s) in months | Control"": null, ""Follow-up duration for primary endpoint(s) in months | Overall"": ""42"", ""Follow-up duration for primary endpoint(s) in months | Rx"": null, ""Included in MA"": ""Yes"", ""Is PD-L1 positivity inclusion criteria"": ""No"", ""Is any other biomarker used for inclusion"": ""No"", ""Lines of treatment"": ""Only 1st line of treatment for metastatic disease"", ""Monotherapy/combination"": ""Combination"", ""NCT"": ""NCT02231749"", ""Name of ICI"": ""Nivolumab, Ipilimumab"", ""Number of arms"": 2, ""Originial publication or Follow-up"": ""Follow-up"", ""Priamry Multiple, composite, or co-primary endpoints?"": ""Co-primary"", ""Primary endpoint"": ""OS+PFS+ORR"", ""PubMed ID"": ""32661118"", ""Secondary endpoint"": ""ORR, PFS and OS in ITT population; incidence rate of AEs."", ""Total sample size"": 1096, ""Treatment regimen"": ""Nivolumab+Ipilimumab"", ""Trial name"": ""CheckMate 214"", ""Trial phase"": ""Phase 3"", ""Type of combination"": ""ICI+ICI"", ""Type of control"": ""TKI"", ""Type of follow-up given"": ""Minimum"", ""Type of therapy"": ""Combination"", ""Year"": 2020, ""__rowid__"": 101}"
row_182,182,"In Hodgkin Lymphoma trials, classify the ICI by target class from its generic name as PD-1, PD-L1, or CTLA-4.",Name of ICI,"[""class""]",bge,column,6,0.8344329595565796,0,128,NCT02899299,33485464,CheckMate 743,"Nivolumab, Ipilimumab","{""Author"": ""Baas P et al."", ""Cancer type"": ""Mesothelioma"", ""Class of ICI"": ""PD1, CTLA-4"", ""Clincal setting in relation to surgery"": ""Metastatic+recurrent (unresectable)"", ""Clinical setting"": ""Metastatic+recurrent (unresectable)"", ""Control arm"": ""Chemo"", ""Control regimen"": ""Pemetrexed+Cisplatin/Carboplatin"", ""Follow-up duration for primary endpoint(s) in months | Control"": null, ""Follow-up duration for primary endpoint(s) in months | Overall"": ""29.7"", ""Follow-up duration for primary endpoint(s) in months | Rx"": null, ""Included in MA"": null, ""Is PD-L1 positivity inclusion criteria"": ""No"", ""Is any other biomarker used for inclusion"": ""No"", ""Lines of treatment"": ""Only 1st line of treatment for metastatic disease"", ""Monotherapy/combination"": ""Combination"", ""NCT"": ""NCT02899299"", ""Name of ICI"": ""Nivolumab, Ipilimumab"", ""Number of arms"": 2, ""Originial publication or Follow-up"": ""Original publication"", ""Priamry Multiple, composite, or co-primary endpoints?"": null, ""Primary endpoint"": ""OS"", ""PubMed ID"": ""33485464"", ""Secondary endpoint"": ""PFS, ORR, time to response, DoR, DCR"", ""Total sample size"": 605, ""Treatment regimen"": ""Nivolumab+Ipilimumab"", ""Trial name"": ""CheckMate 743"", ""Trial phase"": ""Phase 3"", ""Type of combination"": ""ICI+ICI"", ""Type of control"": ""Chemo"", ""Type of follow-up given"": ""Median"", ""Type of therapy"": ""Combination"", ""Year"": 2021, ""__rowid__"": 128}"
row_182,182,"In Hodgkin Lymphoma trials, classify the ICI by target class from its generic name as PD-1, PD-L1, or CTLA-4.",Name of ICI,"[""class""]",bge,column,7,0.8344329595565796,0,96,NCT02523313,32416781,IMMUNED,"Nivolumab, Ipilimumab","{""Author"": ""Zimmer L et al (1)"", ""Cancer type"": ""Melanoma"", ""Class of ICI"": ""PD1, CTLA-4"", ""Clincal setting in relation to surgery"": ""Metastatic+recurrent (unresectable)"", ""Clinical setting"": ""Metastatic+recurrent (unresectable)"", ""Control arm"": ""Placebo"", ""Control regimen"": ""Placebo"", ""Follow-up duration for primary endpoint(s) in months | Control"": null, ""Follow-up duration for primary endpoint(s) in months | Overall"": ""28.4"", ""Follow-up duration for primary endpoint(s) in months | Rx"": null, ""Included in MA"": ""Yes"", ""Is PD-L1 positivity inclusion criteria"": ""No"", ""Is any other biomarker used for inclusion"": ""No"", ""Lines of treatment"": ""1st and later line of treatment for metastatic disease"", ""Monotherapy/combination"": ""Combination"", ""NCT"": ""NCT02523313"", ""Name of ICI"": ""Nivolumab, Ipilimumab"", ""Number of arms"": 3, ""Originial publication or Follow-up"": ""Original publication"", ""Priamry Multiple, composite, or co-primary endpoints?"": null, ""Primary endpoint"": ""RFS"", ""PubMed ID"": ""32416781"", ""Secondary endpoint"": ""OS; time to recurrence; safety; PFS or RFS 2."", ""Total sample size"": 167, ""Treatment regimen"": ""Nivolumab+Ipilimumab"", ""Trial name"": ""IMMUNED"", ""Trial phase"": ""Phase 2"", ""Type of combination"": ""ICI+ICI"", ""Type of control"": ""Placebo"", ""Type of follow-up given"": ""Median"", ""Type of therapy"": ""Combination"", ""Year"": 2020, ""__rowid__"": 96}"
row_182,182,"In Hodgkin Lymphoma trials, classify the ICI by target class from its generic name as PD-1, PD-L1, or CTLA-4.",Name of ICI,"[""class""]",bge,column,8,0.8344329595565796,0,149,NCT02538666,33683919,CheckMate 451,"Nivolumab, Ipilimumab","{""Author"": ""Owonikoko TK et al"", ""Cancer type"": ""Small Cell Lung"", ""Class of ICI"": ""PD1, CTLA-4"", ""Clincal setting in relation to surgery"": ""Maintenance"", ""Clinical setting"": ""Maintenance"", ""Control arm"": ""Placebo"", ""Control regimen"": ""Placebo"", ""Follow-up duration for primary endpoint(s) in months | Control"": ""9.1"", ""Follow-up duration for primary endpoint(s) in months | Overall"": null, ""Follow-up duration for primary endpoint(s) in months | Rx"": ""8.4"", ""Included in MA"": null, ""Is PD-L1 positivity inclusion criteria"": ""No"", ""Is any other biomarker used for inclusion"": ""No"", ""Lines of treatment"": ""Only 1st line of treatment for metastatic disease"", ""Monotherapy/combination"": ""Combination"", ""NCT"": ""NCT02538666"", ""Name of ICI"": ""Nivolumab, Ipilimumab"", ""Number of arms"": 3, ""Originial publication or Follow-up"": ""Original publication"", ""Priamry Multiple, composite, or co-primary endpoints?"": null, ""Primary endpoint"": ""OS"", ""PubMed ID"": ""33683919"", ""Secondary endpoint"": ""OS in Arm 2 vs Arm 3; PFS"", ""Total sample size"": 834, ""Treatment regimen"": ""Nivolumab+Ipilimumab"", ""Trial name"": ""CheckMate 451"", ""Trial phase"": ""Phase 3"", ""Type of combination"": ""ICI+ICI"", ""Type of control"": ""Placebo"", ""Type of follow-up given"": ""Median"", ""Type of therapy"": ""Combination"", ""Year"": 2021, ""__rowid__"": 149}"
row_182,182,"In Hodgkin Lymphoma trials, classify the ICI by target class from its generic name as PD-1, PD-L1, or CTLA-4.",Name of ICI,"[""class""]",bge,column,9,0.8344329595565796,0,146,NCT03215706,33476593,CheckMate 9LA,"Nivolumab, Ipilimumab","{""Author"": ""Paz-Ares L et al"", ""Cancer type"": ""Non-Small Cell Lung"", ""Class of ICI"": ""PD1, CTLA-4"", ""Clincal setting in relation to surgery"": ""Metastatic+recurrent (unresectable)"", ""Clinical setting"": ""Metastatic+recurrent (unresectable)"", ""Control arm"": ""Chemo"", ""Control regimen"": ""Chemotherapy"", ""Follow-up duration for primary endpoint(s) in months | Control"": null, ""Follow-up duration for primary endpoint(s) in months | Overall"": ""13.2"", ""Follow-up duration for primary endpoint(s) in months | Rx"": null, ""Included in MA"": null, ""Is PD-L1 positivity inclusion criteria"": ""No"", ""Is any other biomarker used for inclusion"": ""Yes"", ""Lines of treatment"": ""Only 1st line of treatment for metastatic disease"", ""Monotherapy/combination"": ""Combination"", ""NCT"": ""NCT03215706"", ""Name of ICI"": ""Nivolumab, Ipilimumab"", ""Number of arms"": 2, ""Originial publication or Follow-up"": ""Original publication"", ""Priamry Multiple, composite, or co-primary endpoints?"": null, ""Primary endpoint"": ""OS"", ""PubMed ID"": ""33476593"", ""Secondary endpoint"": ""PFS; ORR"", ""Total sample size"": 719, ""Treatment regimen"": ""Nivolumab+Ipilimumab+Chemotherapy"", ""Trial name"": ""CheckMate 9LA"", ""Trial phase"": ""Phase 3"", ""Type of combination"": ""ICI+ICI+Chemo"", ""Type of control"": ""Chemo"", ""Type of follow-up given"": ""Median"", ""Type of therapy"": ""Combination"", ""Year"": 2021, ""__rowid__"": 146}"
row_182,182,"In Hodgkin Lymphoma trials, classify the ICI by target class from its generic name as PD-1, PD-L1, or CTLA-4.",Name of ICI,"[""class""]",bge,column,10,0.822058916091919,0,52,NCT02220894,30955977,Keynote-042,Pembrolizumab,"{""Author"": ""Mok TSK et al"", ""Cancer type"": ""Non-Small Cell Lung"", ""Class of ICI"": ""PD1"", ""Clincal setting in relation to surgery"": ""Metastatic+recurrent (unresectable)"", ""Clinical setting"": ""Metastatic+recurrent (unresectable)"", ""Control arm"": ""Chemo"", ""Control regimen"": ""Carboplatin+Pemetrexed+Paclitaxel"", ""Follow-up duration for primary endpoint(s) in months | Control"": null, ""Follow-up duration for primary endpoint(s) in months | Overall"": ""12.8"", ""Follow-up duration for primary endpoint(s) in months | Rx"": null, ""Included in MA"": ""Yes"", ""Is PD-L1 positivity inclusion criteria"": ""Yes"", ""Is any other biomarker used for inclusion"": ""No"", ""Lines of treatment"": ""Only 1st line of treatment for metastatic disease"", ""Monotherapy/combination"": ""Monotherapy"", ""NCT"": ""NCT02220894"", ""Name of ICI"": ""Pembrolizumab"", ""Number of arms"": 2, ""Originial publication or Follow-up"": ""Original publication"", ""Priamry Multiple, composite, or co-primary endpoints?"": null, ""Primary endpoint"": ""OS"", ""PubMed ID"": ""30955977"", ""Secondary endpoint"": ""PFS, ORR in pts with PD-L1 TPS of >=50%; >=20%; >=1%"", ""Total sample size"": 1274, ""Treatment regimen"": ""Pembrolizumab"", ""Trial name"": ""Keynote-042"", ""Trial phase"": ""Phase 3"", ""Type of combination"": null, ""Type of control"": ""Chemo"", ""Type of follow-up given"": ""Median"", ""Type of therapy"": ""Monotherapy"", ""Year"": 2019, ""__rowid__"": 52}"
row_182,182,"In Hodgkin Lymphoma trials, classify the ICI by target class from its generic name as PD-1, PD-L1, or CTLA-4.",Name of ICI,"[""class""]",bge,column,11,0.822058916091919,0,29,NCT01905657,26712084,Keynote-010,Pembrolizumab,"{""Author"": ""Herbst RS et al"", ""Cancer type"": ""Non-Small Cell Lung"", ""Class of ICI"": ""PD1"", ""Clincal setting in relation to surgery"": ""Metastatic+recurrent (unresectable)"", ""Clinical setting"": ""Metastatic+recurrent (unresectable)"", ""Control arm"": ""Chemo"", ""Control regimen"": ""Docetaxel"", ""Follow-up duration for primary endpoint(s) in months | Control"": ""8.5"", ""Follow-up duration for primary endpoint(s) in months | Overall"": null, ""Follow-up duration for primary endpoint(s) in months | Rx"": ""10.4(Pembrolizumab 2mg/kg)"", ""Included in MA"": ""Yes"", ""Is PD-L1 positivity inclusion criteria"": ""Yes"", ""Is any other biomarker used for inclusion"": ""No"", ""Lines of treatment"": ""Only 2nd or later line of treatment for metastatic disease"", ""Monotherapy/combination"": ""Monotherapy"", ""NCT"": ""NCT01905657"", ""Name of ICI"": ""Pembrolizumab"", ""Number of arms"": 3, ""Originial publication or Follow-up"": ""Original publication"", ""Priamry Multiple, composite, or co-primary endpoints?"": ""Multiple"", ""Primary endpoint"": ""OS+PFS"", ""PubMed ID"": ""26712084"", ""Secondary endpoint"": ""RR, DOR"", ""Total sample size"": 1034, ""Treatment regimen"": ""Pembrolizumab"", ""Trial name"": ""Keynote-010"", ""Trial phase"": ""Phase 2"", ""Type of combination"": null, ""Type of control"": ""Chemo"", ""Type of follow-up given"": ""Median"", ""Type of therapy"": ""Monotherapy"", ""Year"": 2016, ""__rowid__"": 29}"
row_182,182,"In Hodgkin Lymphoma trials, classify the ICI by target class from its generic name as PD-1, PD-L1, or CTLA-4.",Name of ICI,"[""class""]",bge,column,12,0.822058916091919,0,44,NCT02775435,30280635,Keynote-407,Pembrolizumab,"{""Author"": ""Paz-Ares L et al"", ""Cancer type"": ""Non-Small Cell Lung"", ""Class of ICI"": ""PD1"", ""Clincal setting in relation to surgery"": ""Metastatic+recurrent (unresectable)"", ""Clinical setting"": ""Metastatic+recurrent (unresectable)"", ""Control arm"": ""Chemo"", ""Control regimen"": ""Placebo+Carboplatin+paclitaxel/nab-paclitaxel"", ""Follow-up duration for primary endpoint(s) in months | Control"": null, ""Follow-up duration for primary endpoint(s) in months | Overall"": ""7.8"", ""Follow-up duration for primary endpoint(s) in months | Rx"": null, ""Included in MA"": ""No"", ""Is PD-L1 positivity inclusion criteria"": ""No"", ""Is any other biomarker used for inclusion"": ""No"", ""Lines of treatment"": ""Only 1st line of treatment for metastatic disease"", ""Monotherapy/combination"": ""Combination"", ""NCT"": ""NCT02775435"", ""Name of ICI"": ""Pembrolizumab"", ""Number of arms"": 2, ""Originial publication or Follow-up"": ""Original publication"", ""Priamry Multiple, composite, or co-primary endpoints?"": ""Multiple"", ""Primary endpoint"": ""OS+PFS"", ""PubMed ID"": ""30280635"", ""Secondary endpoint"": ""ORR, DOR, safety"", ""Total sample size"": 559, ""Treatment regimen"": ""Pembrolizumab+Carboplatin+Paclitaxel/nab-paclitaxel"", ""Trial name"": ""Keynote-407"", ""Trial phase"": ""Phase 3"", ""Type of combination"": ""ICI+Chemo"", ""Type of control"": ""Chemo"", ""Type of follow-up given"": ""Median"", ""Type of therapy"": ""Combination"", ""Year"": 2018, ""__rowid__"": 44}"
row_182,182,"In Hodgkin Lymphoma trials, classify the ICI by target class from its generic name as PD-1, PD-L1, or CTLA-4.",Name of ICI,"[""class""]",bge,column,13,0.822058916091919,0,39,NCT02039674,30138764,Keynote-021,Pembrolizumab,"{""Author"": ""Borghaei  H et al"", ""Cancer type"": ""Non-Small Cell Lung"", ""Class of ICI"": ""PD1"", ""Clincal setting in relation to surgery"": ""Metastatic+recurrent (unresectable)"", ""Clinical setting"": ""Metastatic+recurrent (unresectable)"", ""Control arm"": ""Chemo"", ""Control regimen"": ""Pemetrexed+Carboplatin"", ""Follow-up duration for primary endpoint(s) in months | Control"": null, ""Follow-up duration for primary endpoint(s) in months | Overall"": ""23.9"", ""Follow-up duration for primary endpoint(s) in months | Rx"": null, ""Included in MA"": ""Yes"", ""Is PD-L1 positivity inclusion criteria"": ""Yes"", ""Is any other biomarker used for inclusion"": ""Yes"", ""Lines of treatment"": ""Only 1st line of treatment for metastatic disease"", ""Monotherapy/combination"": ""Combination"", ""NCT"": ""NCT02039674"", ""Name of ICI"": ""Pembrolizumab"", ""Number of arms"": 2, ""Originial publication or Follow-up"": ""Follow-up"", ""Priamry Multiple, composite, or co-primary endpoints?"": null, ""Primary endpoint"": ""ORR"", ""PubMed ID"": ""30138764"", ""Secondary endpoint"": ""PFS, DOR, OS"", ""Total sample size"": 123, ""Treatment regimen"": ""Pembrolizumab+Pemetrexed+Carboplatin"", ""Trial name"": ""Keynote-021"", ""Trial phase"": ""Phase 2"", ""Type of combination"": ""ICI+Chemo"", ""Type of control"": ""Chemo"", ""Type of follow-up given"": ""Median"", ""Type of therapy"": ""Combination"", ""Year"": 2018, ""__rowid__"": 39}"
row_182,182,"In Hodgkin Lymphoma trials, classify the ICI by target class from its generic name as PD-1, PD-L1, or CTLA-4.",Name of ICI,"[""class""]",bge,column,14,0.822058916091919,0,21,NCT02853331,30779529,KEYNOTE-426,Pembrolizumab,"{""Author"": ""Rini BI et al"", ""Cancer type"": ""Renal cell"", ""Class of ICI"": ""PD1"", ""Clincal setting in relation to surgery"": ""Metastatic+recurrent (unresectable)"", ""Clinical setting"": ""Metastatic+recurrent (unresectable)"", ""Control arm"": ""TKI"", ""Control regimen"": ""Sunitinib"", ""Follow-up duration for primary endpoint(s) in months | Control"": null, ""Follow-up duration for primary endpoint(s) in months | Overall"": ""12.8"", ""Follow-up duration for primary endpoint(s) in months | Rx"": null, ""Included in MA"": ""Yes"", ""Is PD-L1 positivity inclusion criteria"": ""No"", ""Is any other biomarker used for inclusion"": ""No"", ""Lines of treatment"": ""Only 1st line of treatment for metastatic disease"", ""Monotherapy/combination"": ""Combination"", ""NCT"": ""NCT02853331"", ""Name of ICI"": ""Pembrolizumab"", ""Number of arms"": 2, ""Originial publication or Follow-up"": ""Original publication"", ""Priamry Multiple, composite, or co-primary endpoints?"": ""Multiple"", ""Primary endpoint"": ""OS+PFS"", ""PubMed ID"": ""30779529"", ""Secondary endpoint"": ""ORR; duration of response; safety"", ""Total sample size"": 861, ""Treatment regimen"": ""Pembrolizumab+Axitinib"", ""Trial name"": ""KEYNOTE-426"", ""Trial phase"": ""Phase 3"", ""Type of combination"": ""ICI+TKI"", ""Type of control"": ""TKI"", ""Type of follow-up given"": ""Median"", ""Type of therapy"": ""Combination"", ""Year"": 2019, ""__rowid__"": 21}"
row_182,182,"In Hodgkin Lymphoma trials, classify the ICI by target class from its generic name as PD-1, PD-L1, or CTLA-4.",Name of ICI,"[""class""]",bge,column,15,0.822058916091919,0,54,NCT02142738,30620668,Keynote-024,Pembrolizumab,"{""Author"": ""Reck M et al"", ""Cancer type"": ""Non-Small Cell Lung"", ""Class of ICI"": ""PD1"", ""Clincal setting in relation to surgery"": ""Metastatic+recurrent (unresectable)"", ""Clinical setting"": ""Metastatic+recurrent (unresectable)"", ""Control arm"": ""Chemo"", ""Control regimen"": ""Platinum-based chemotherapy"", ""Follow-up duration for primary endpoint(s) in months | Control"": null, ""Follow-up duration for primary endpoint(s) in months | Overall"": ""25.2"", ""Follow-up duration for primary endpoint(s) in months | Rx"": null, ""Included in MA"": ""Yes"", ""Is PD-L1 positivity inclusion criteria"": ""Yes"", ""Is any other biomarker used for inclusion"": ""No"", ""Lines of treatment"": ""Only 1st line of treatment for metastatic disease"", ""Monotherapy/combination"": ""Monotherapy"", ""NCT"": ""NCT02142738"", ""Name of ICI"": ""Pembrolizumab"", ""Number of arms"": 2, ""Originial publication or Follow-up"": ""Follow-up"", ""Priamry Multiple, composite, or co-primary endpoints?"": null, ""Primary endpoint"": ""PFS"", ""PubMed ID"": ""30620668"", ""Secondary endpoint"": ""OS, ORR, safety"", ""Total sample size"": 305, ""Treatment regimen"": ""Pembrolizumab"", ""Trial name"": ""Keynote-024"", ""Trial phase"": ""Phase 3"", ""Type of combination"": null, ""Type of control"": ""Chemo"", ""Type of follow-up given"": ""Median"", ""Type of therapy"": ""Monotherapy"", ""Year"": 2019, ""__rowid__"": 54}"
row_182,182,"In Hodgkin Lymphoma trials, classify the ICI by target class from its generic name as PD-1, PD-L1, or CTLA-4.",Name of ICI,"[""class""]",bge,column,16,0.822058916091919,0,30,NCT01905657,26712084,Keynote-010,Pembrolizumab,"{""Author"": ""Herbst RS et al (1)"", ""Cancer type"": ""Non-Small Cell Lung"", ""Class of ICI"": ""PD1"", ""Clincal setting in relation to surgery"": ""Metastatic+recurrent (unresectable)"", ""Clinical setting"": ""Metastatic+recurrent (unresectable)"", ""Control arm"": ""Chemo"", ""Control regimen"": ""Docetaxel"", ""Follow-up duration for primary endpoint(s) in months | Control"": ""8.5"", ""Follow-up duration for primary endpoint(s) in months | Overall"": null, ""Follow-up duration for primary endpoint(s) in months | Rx"": ""12.7 (Pembrolizumab 10mg/kg)"", ""Included in MA"": ""Yes"", ""Is PD-L1 positivity inclusion criteria"": ""Yes"", ""Is any other biomarker used for inclusion"": ""No"", ""Lines of treatment"": ""Only 2nd or later line of treatment for metastatic disease"", ""Monotherapy/combination"": ""Monotherapy"", ""NCT"": ""NCT01905657"", ""Name of ICI"": ""Pembrolizumab"", ""Number of arms"": 3, ""Originial publication or Follow-up"": ""Original publication"", ""Priamry Multiple, composite, or co-primary endpoints?"": ""Multiple"", ""Primary endpoint"": ""OS+PFS"", ""PubMed ID"": ""26712084"", ""Secondary endpoint"": ""RR, DOR"", ""Total sample size"": 1034, ""Treatment regimen"": ""Pembrolizumab"", ""Trial name"": ""Keynote-010"", ""Trial phase"": ""Phase 2"", ""Type of combination"": null, ""Type of control"": ""Chemo"", ""Type of follow-up given"": ""Median"", ""Type of therapy"": ""Monotherapy"", ""Year"": 2016, ""__rowid__"": 30}"
row_182,182,"In Hodgkin Lymphoma trials, classify the ICI by target class from its generic name as PD-1, PD-L1, or CTLA-4.",Name of ICI,"[""class""]",bge,column,17,0.822058916091919,0,38,NCT02039674,27745820,Keynote-021,Pembrolizumab,"{""Author"": ""Langer JC et al"", ""Cancer type"": ""Non-Small Cell Lung"", ""Class of ICI"": ""PD1"", ""Clincal setting in relation to surgery"": ""Metastatic+recurrent (unresectable)"", ""Clinical setting"": ""Metastatic+recurrent (unresectable)"", ""Control arm"": ""Chemo"", ""Control regimen"": ""Pemetrexed+Carboplatin"", ""Follow-up duration for primary endpoint(s) in months | Control"": null, ""Follow-up duration for primary endpoint(s) in months | Overall"": ""10.6"", ""Follow-up duration for primary endpoint(s) in months | Rx"": null, ""Included in MA"": ""Yes"", ""Is PD-L1 positivity inclusion criteria"": ""Yes"", ""Is any other biomarker used for inclusion"": ""Yes"", ""Lines of treatment"": ""Only 1st line of treatment for metastatic disease"", ""Monotherapy/combination"": ""Combination"", ""NCT"": ""NCT02039674"", ""Name of ICI"": ""Pembrolizumab"", ""Number of arms"": 2, ""Originial publication or Follow-up"": ""Original publication"", ""Priamry Multiple, composite, or co-primary endpoints?"": null, ""Primary endpoint"": ""ORR"", ""PubMed ID"": ""27745820"", ""Secondary endpoint"": ""PFS, DOR, OS"", ""Total sample size"": 123, ""Treatment regimen"": ""Pembrolizumab+Pemetrexed+Carboplatin"", ""Trial name"": ""Keynote-021"", ""Trial phase"": ""Phase 2"", ""Type of combination"": ""ICI+Chemo"", ""Type of control"": ""Chemo"", ""Type of follow-up given"": ""Median"", ""Type of therapy"": ""Combination"", ""Year"": 2016, ""__rowid__"": 38}"
row_182,182,"In Hodgkin Lymphoma trials, classify the ICI by target class from its generic name as PD-1, PD-L1, or CTLA-4.",Name of ICI,"[""class""]",bge,column,18,0.822058916091919,0,62,NCT02362594,29658430,EORTC 1325-MG/KEYNOTE-054,Pembrolizumab,"{""Author"": ""Eggermont AMM et al"", ""Cancer type"": ""Melanoma"", ""Class of ICI"": ""PD1"", ""Clincal setting in relation to surgery"": ""Adjuvant"", ""Clinical setting"": ""Adjuvant"", ""Control arm"": ""Placebo"", ""Control regimen"": ""Placebo"", ""Follow-up duration for primary endpoint(s) in months | Control"": ""15.4"", ""Follow-up duration for primary endpoint(s) in months | Overall"": ""15.1"", ""Follow-up duration for primary endpoint(s) in months | Rx"": ""14.7"", ""Included in MA"": ""Yes"", ""Is PD-L1 positivity inclusion criteria"": ""No"", ""Is any other biomarker used for inclusion"": ""No"", ""Lines of treatment"": null, ""Monotherapy/combination"": ""Monotherapy"", ""NCT"": ""NCT02362594"", ""Name of ICI"": ""Pembrolizumab"", ""Number of arms"": 2, ""Originial publication or Follow-up"": ""Original publication"", ""Priamry Multiple, composite, or co-primary endpoints?"": null, ""Primary endpoint"": ""PFS"", ""PubMed ID"": ""29658430"", ""Secondary endpoint"": ""Distant metastasis-free survival; OS; safety measures; measures of health-related quality of life."", ""Total sample size"": 1019, ""Treatment regimen"": ""Pembrolizumab"", ""Trial name"": ""EORTC 1325-MG/KEYNOTE-054"", ""Trial phase"": ""Phase 3"", ""Type of combination"": null, ""Type of control"": ""Placebo"", ""Type of follow-up given"": ""Median"", ""Type of therapy"": ""Monotherapy"", ""Year"": 2018, ""__rowid__"": 62}"
row_182,182,"In Hodgkin Lymphoma trials, classify the ICI by target class from its generic name as PD-1, PD-L1, or CTLA-4.",Name of ICI,"[""class""]",bge,column,19,0.822058916091919,0,64,NCT01704287,26115796,KEYNOTE-002,Pembrolizumab,"{""Author"": ""Ribas A et al (1)"", ""Cancer type"": ""Melanoma"", ""Class of ICI"": ""PD1"", ""Clincal setting in relation to surgery"": ""Metastatic+recurrent (unresectable)"", ""Clinical setting"": ""Metastatic+recurrent (unresectable)"", ""Control arm"": ""Chemo"", ""Control regimen"": ""Investigator's choice chemotherapy"", ""Follow-up duration for primary endpoint(s) in months | Control"": null, ""Follow-up duration for primary endpoint(s) in months | Overall"": ""10"", ""Follow-up duration for primary endpoint(s) in months | Rx"": null, ""Included in MA"": ""Yes"", ""Is PD-L1 positivity inclusion criteria"": ""No"", ""Is any other biomarker used for inclusion"": ""No"", ""Lines of treatment"": ""1st and later line of treatment for metastatic disease"", ""Monotherapy/combination"": ""Monotherapy"", ""NCT"": ""NCT01704287"", ""Name of ICI"": ""Pembrolizumab"", ""Number of arms"": 3, ""Originial publication or Follow-up"": ""Original publication"", ""Priamry Multiple, composite, or co-primary endpoints?"": ""Co-primary"", ""Primary endpoint"": ""OS+PFS"", ""PubMed ID"": ""26115796"", ""Secondary endpoint"": ""ORR; response duration; time from best overall response of complete or partial response until disease progression; safety."", ""Total sample size"": 540, ""Treatment regimen"": ""Pembrolizumab 10 mg/kg"", ""Trial name"": ""KEYNOTE-002"", ""Trial phase"": ""Phase 2"", ""Type of combination"": null, ""Type of control"": ""Chemo"", ""Type of follow-up given"": ""Median"", ""Type of therapy"": ""Monotherapy"", ""Year"": 2015, ""__rowid__"": 64}"
row_182,182,"In Hodgkin Lymphoma trials, classify the ICI by target class from its generic name as PD-1, PD-L1, or CTLA-4.",Name of ICI,"[""class""]",bge,column,20,0.822058916091919,0,63,NCT01704287,26115796,KEYNOTE-002,Pembrolizumab,"{""Author"": ""Ribas A et al"", ""Cancer type"": ""Melanoma"", ""Class of ICI"": ""PD1"", ""Clincal setting in relation to surgery"": ""Metastatic+recurrent (unresectable)"", ""Clinical setting"": ""Metastatic+recurrent (unresectable)"", ""Control arm"": ""Chemo"", ""Control regimen"": ""Investigator's choice chemotherapy"", ""Follow-up duration for primary endpoint(s) in months | Control"": null, ""Follow-up duration for primary endpoint(s) in months | Overall"": ""10"", ""Follow-up duration for primary endpoint(s) in months | Rx"": null, ""Included in MA"": ""Yes"", ""Is PD-L1 positivity inclusion criteria"": ""No"", ""Is any other biomarker used for inclusion"": ""No"", ""Lines of treatment"": ""1st and later line of treatment for metastatic disease"", ""Monotherapy/combination"": ""Monotherapy"", ""NCT"": ""NCT01704287"", ""Name of ICI"": ""Pembrolizumab"", ""Number of arms"": 3, ""Originial publication or Follow-up"": ""Original publication"", ""Priamry Multiple, composite, or co-primary endpoints?"": ""Co-primary"", ""Primary endpoint"": ""OS+PFS"", ""PubMed ID"": ""26115796"", ""Secondary endpoint"": ""ORR; response duration; time from best overall response of complete or partial response until disease progression; safety."", ""Total sample size"": 540, ""Treatment regimen"": ""Pembrolizumab 2 mg/kg"", ""Trial name"": ""KEYNOTE-002"", ""Trial phase"": ""Phase 2"", ""Type of combination"": null, ""Type of control"": ""Chemo"", ""Type of follow-up given"": ""Median"", ""Type of therapy"": ""Monotherapy"", ""Year"": 2015, ""__rowid__"": 63}"
row_182,182,"In Hodgkin Lymphoma trials, classify the ICI by target class from its generic name as PD-1, PD-L1, or CTLA-4.",Name of ICI,"[""class""]",bge,row,1,0.8003836870193481,1,152,NCT02684292,33721562,Keynote-204,Brentuximab-vedotin,"{""Author"": ""Kuruvilla J et al"", ""Cancer type"": ""Hodgkin Lymphoma"", ""Class of ICI"": ""PD1"", ""Clincal setting in relation to surgery"": ""Relapsed/refractory"", ""Clinical setting"": ""Relapsed/refractory"", ""Control arm"": ""Antibody-drug conjugate"", ""Control regimen"": ""Brentuximab vedotin"", ""Follow-up duration for primary endpoint(s) in months | Control"": null, ""Follow-up duration for primary endpoint(s) in months | Overall"": ""25.7"", ""Follow-up duration for primary endpoint(s) in months | Rx"": null, ""Included in MA"": null, ""Is PD-L1 positivity inclusion criteria"": ""No"", ""Is any other biomarker used for inclusion"": ""No"", ""Lines of treatment"": ""Only 2nd or later line of treatment for metastatic disease"", ""Monotherapy/combination"": ""Monotherapy"", ""NCT"": ""NCT02684292"", ""Name of ICI"": ""Brentuximab-vedotin"", ""Number of arms"": 2, ""Originial publication or Follow-up"": ""Original publication"", ""Priamry Multiple, composite, or co-primary endpoints?"": ""Dual, unspecified"", ""Primary endpoint"": ""PFS+OS"", ""PubMed ID"": ""33721562"", ""Secondary endpoint"": ""PFS; ORR; CR; investigator-assessed PFS, ORR, CR; safety"", ""Total sample size"": 304, ""Treatment regimen"": ""Pembrolizumab"", ""Trial name"": ""Keynote-204"", ""Trial phase"": ""Phase 3"", ""Type of combination"": null, ""Type of control"": ""Antibody-drug conjugate"", ""Type of follow-up given"": ""Median"", ""Type of therapy"": ""Monotherapy"", ""Year"": 2021, ""__rowid__"": 152}"
row_182,182,"In Hodgkin Lymphoma trials, classify the ICI by target class from its generic name as PD-1, PD-L1, or CTLA-4.",Name of ICI,"[""class""]",bge,row,2,0.7966657876968384,0,49,NCT02477826,31562796,Checkmate 227,"Nivolumab, Ipilimumab","{""Author"": ""Hellmann MD et al"", ""Cancer type"": ""Non-Small Cell Lung"", ""Class of ICI"": ""PD1, CTLA-4"", ""Clincal setting in relation to surgery"": ""Metastatic+recurrent (unresectable)"", ""Clinical setting"": ""Metastatic+recurrent (unresectable)"", ""Control arm"": ""Chemo"", ""Control regimen"": ""Chemotherapy"", ""Follow-up duration for primary endpoint(s) in months | Control"": null, ""Follow-up duration for primary endpoint(s) in months | Overall"": ""29.3"", ""Follow-up duration for primary endpoint(s) in months | Rx"": null, ""Included in MA"": ""Yes"", ""Is PD-L1 positivity inclusion criteria"": ""No"", ""Is any other biomarker used for inclusion"": ""Yes"", ""Lines of treatment"": ""Only 1st line of treatment for metastatic disease"", ""Monotherapy/combination"": ""Combination"", ""NCT"": ""NCT02477826"", ""Name of ICI"": ""Nivolumab, Ipilimumab"", ""Number of arms"": 4, ""Originial publication or Follow-up"": ""Follow-up"", ""Priamry Multiple, composite, or co-primary endpoints?"": null, ""Primary endpoint"": ""OS"", ""PubMed ID"": ""31562796"", ""Secondary endpoint"": ""PFS; OS with nivolumab+chemotherapy VS chemotherapy alone in patients with PD-L1 <1%; and OS with nivolumab monotherapy VS chemotherapy in patients with a PD-L1 >=50%"", ""Total sample size"": 1739, ""Treatment regimen"": ""Nivolumab+Ipilimumab"", ""Trial name"": ""Checkmate 227"", ""Trial phase"": ""Phase 3"", ""Type of combination"": ""ICI+ICI"", ""Type of control"": ""Chemo"", ""Type of follow-up given"": ""Minimum"", ""Type of therapy"": ""Combination"", ""Year"": 2019, ""__rowid__"": 49}"
row_182,182,"In Hodgkin Lymphoma trials, classify the ICI by target class from its generic name as PD-1, PD-L1, or CTLA-4.",Name of ICI,"[""class""]",bge,row,3,0.7954756617546082,0,47,NCT02477826,29658845,Checkmate 227,"Nivolumab, Ipilimumab","{""Author"": ""Hellmann MD et al"", ""Cancer type"": ""Non-Small Cell Lung"", ""Class of ICI"": ""PD1, CTLA-4"", ""Clincal setting in relation to surgery"": ""Metastatic+recurrent (unresectable)"", ""Clinical setting"": ""Metastatic+recurrent (unresectable)"", ""Control arm"": ""Chemo"", ""Control regimen"": ""Chemotherapy"", ""Follow-up duration for primary endpoint(s) in months | Control"": null, ""Follow-up duration for primary endpoint(s) in months | Overall"": ""11.2"", ""Follow-up duration for primary endpoint(s) in months | Rx"": null, ""Included in MA"": ""Yes"", ""Is PD-L1 positivity inclusion criteria"": ""No"", ""Is any other biomarker used for inclusion"": ""No"", ""Lines of treatment"": ""Only 1st line of treatment for metastatic disease"", ""Monotherapy/combination"": ""Combination"", ""NCT"": ""NCT02477826"", ""Name of ICI"": ""Nivolumab, Ipilimumab"", ""Number of arms"": 3, ""Originial publication or Follow-up"": ""Original publication"", ""Priamry Multiple, composite, or co-primary endpoints?"": ""Co-primary"", ""Primary endpoint"": ""OS+PFS"", ""PubMed ID"": ""29658845"", ""Secondary endpoint"": ""PFS with nivolumab VS chemotherapy among patients with a TMB of at least 13 mutations per megabase and a PD-L1 expression level of >= 1%; OS with nivolumab + ipilimumab VS platinum doublet chemotherapy among patients with a TMB of >=10 mutations per megabase"", ""Total sample size"": 1739, ""Treatment regimen"": ""Nivolumab+Ipilimumab"", ""Trial name"": ""Checkmate 227"", ""Trial phase"": ""Phase 3"", ""Type of combination"": ""ICI+ICI"", ""Type of control"": ""Chemo"", ""Type of follow-up given"": ""Minimum"", ""Type of therapy"": ""Combination"", ""Year"": 2018, ""__rowid__"": 47}"
row_182,182,"In Hodgkin Lymphoma trials, classify the ICI by target class from its generic name as PD-1, PD-L1, or CTLA-4.",Name of ICI,"[""class""]",bge,row,4,0.7889757752418518,0,100,NCT02453282,32271377,MYSTIC,"Durvalumab, Tremelimumab","{""Author"": ""Rizvi NA et al (1)"", ""Cancer type"": ""Non-Small Cell Lung"", ""Class of ICI"": ""PD-L1, CTLA-4"", ""Clincal setting in relation to surgery"": ""Metastatic+recurrent (unresectable)"", ""Clinical setting"": ""Metastatic+recurrent (unresectable)"", ""Control arm"": ""Chemo"", ""Control regimen"": ""Investigator's choice chemotherapy"", ""Follow-up duration for primary endpoint(s) in months | Control"": null, ""Follow-up duration for primary endpoint(s) in months | Overall"": ""30.2, 10.6"", ""Follow-up duration for primary endpoint(s) in months | Rx"": null, ""Included in MA"": ""Yes"", ""Is PD-L1 positivity inclusion criteria"": ""No"", ""Is any other biomarker used for inclusion"": ""Yes"", ""Lines of treatment"": ""Only 1st line of treatment for metastatic disease"", ""Monotherapy/combination"": ""Combination"", ""NCT"": ""NCT02453282"", ""Name of ICI"": ""Durvalumab, Tremelimumab"", ""Number of arms"": 3, ""Originial publication or Follow-up"": ""Original publication"", ""Priamry Multiple, composite, or co-primary endpoints?"": ""Multiple"", ""Primary endpoint"": ""OS+PFS"", ""PubMed ID"": ""32271377"", ""Secondary endpoint"": ""PFS for durvalumab vs. chemotherapy; ORR and DOR in patients with PD-L1 TC ≥25%; safety and tolerability."", ""Total sample size"": 1118, ""Treatment regimen"": ""Durvalumab+Tremelimumab"", ""Trial name"": ""MYSTIC"", ""Trial phase"": ""Phase 3"", ""Type of combination"": ""ICI+ICI"", ""Type of control"": ""Chemo"", ""Type of follow-up given"": ""Median"", ""Type of therapy"": ""Combination"", ""Year"": 2020, ""__rowid__"": 100}"
row_182,182,"In Hodgkin Lymphoma trials, classify the ICI by target class from its generic name as PD-1, PD-L1, or CTLA-4.",Name of ICI,"[""class""]",bge,row,5,0.7881832122802734,0,137,NCT03043872,33285097,CASPIAN,"Durvalumab, Tremelimumab","{""Author"": ""Goldman JW et al"", ""Cancer type"": ""Small Cell Lung"", ""Class of ICI"": ""PD-L1, CTLA-4"", ""Clincal setting in relation to surgery"": ""Metastatic+recurrent (unresectable)"", ""Clinical setting"": ""Metastatic+recurrent (unresectable)"", ""Control arm"": ""Chemo"", ""Control regimen"": ""Platinum+Etoposide"", ""Follow-up duration for primary endpoint(s) in months | Control"": null, ""Follow-up duration for primary endpoint(s) in months | Overall"": ""25.1"", ""Follow-up duration for primary endpoint(s) in months | Rx"": null, ""Included in MA"": null, ""Is PD-L1 positivity inclusion criteria"": ""No"", ""Is any other biomarker used for inclusion"": ""No"", ""Lines of treatment"": ""Only 1st line of treatment for metastatic disease"", ""Monotherapy/combination"": ""Combination"", ""NCT"": ""NCT03043872"", ""Name of ICI"": ""Durvalumab, Tremelimumab"", ""Number of arms"": 3, ""Originial publication or Follow-up"": ""Follow-up"", ""Priamry Multiple, composite, or co-primary endpoints?"": null, ""Primary endpoint"": ""OS"", ""PubMed ID"": ""33285097"", ""Secondary endpoint"": ""PFS, ORR, OS at 18 months, PFS, safety, pharmacokinetics, immunogenicity, HRQOL"", ""Total sample size"": 805, ""Treatment regimen"": ""Durvalumab+Tremelimumab+Etoposide+Platinum agent"", ""Trial name"": ""CASPIAN"", ""Trial phase"": ""Phase 3"", ""Type of combination"": ""ICI+ICI+Chemo"", ""Type of control"": ""Chemo"", ""Type of follow-up given"": ""Median"", ""Type of therapy"": ""Combination"", ""Year"": 2020, ""__rowid__"": 137}"
row_182,182,"In Hodgkin Lymphoma trials, classify the ICI by target class from its generic name as PD-1, PD-L1, or CTLA-4.",Name of ICI,"[""class""]",bge,row,6,0.7846322059631348,0,146,NCT03215706,33476593,CheckMate 9LA,"Nivolumab, Ipilimumab","{""Author"": ""Paz-Ares L et al"", ""Cancer type"": ""Non-Small Cell Lung"", ""Class of ICI"": ""PD1, CTLA-4"", ""Clincal setting in relation to surgery"": ""Metastatic+recurrent (unresectable)"", ""Clinical setting"": ""Metastatic+recurrent (unresectable)"", ""Control arm"": ""Chemo"", ""Control regimen"": ""Chemotherapy"", ""Follow-up duration for primary endpoint(s) in months | Control"": null, ""Follow-up duration for primary endpoint(s) in months | Overall"": ""13.2"", ""Follow-up duration for primary endpoint(s) in months | Rx"": null, ""Included in MA"": null, ""Is PD-L1 positivity inclusion criteria"": ""No"", ""Is any other biomarker used for inclusion"": ""Yes"", ""Lines of treatment"": ""Only 1st line of treatment for metastatic disease"", ""Monotherapy/combination"": ""Combination"", ""NCT"": ""NCT03215706"", ""Name of ICI"": ""Nivolumab, Ipilimumab"", ""Number of arms"": 2, ""Originial publication or Follow-up"": ""Original publication"", ""Priamry Multiple, composite, or co-primary endpoints?"": null, ""Primary endpoint"": ""OS"", ""PubMed ID"": ""33476593"", ""Secondary endpoint"": ""PFS; ORR"", ""Total sample size"": 719, ""Treatment regimen"": ""Nivolumab+Ipilimumab+Chemotherapy"", ""Trial name"": ""CheckMate 9LA"", ""Trial phase"": ""Phase 3"", ""Type of combination"": ""ICI+ICI+Chemo"", ""Type of control"": ""Chemo"", ""Type of follow-up given"": ""Median"", ""Type of therapy"": ""Combination"", ""Year"": 2021, ""__rowid__"": 146}"
row_182,182,"In Hodgkin Lymphoma trials, classify the ICI by target class from its generic name as PD-1, PD-L1, or CTLA-4.",Name of ICI,"[""class""]",bge,row,7,0.7831755876541138,0,111,NCT02369874,32294530,EAGLE,"Durvalumab, Tremelimumab","{""Author"": ""Ferris RL et al (1)"", ""Cancer type"": ""Head and Neck"", ""Class of ICI"": ""PD-L1, CTLA-4"", ""Clincal setting in relation to surgery"": ""Metastatic+recurrent (unresectable)"", ""Clinical setting"": ""Metastatic+recurrent (unresectable)"", ""Control arm"": ""Chemo+Anti-EGFR"", ""Control regimen"": ""Cetuximab+Taxane+Methotrexate+Fluoropyrimidine"", ""Follow-up duration for primary endpoint(s) in months | Control"": ""8.3"", ""Follow-up duration for primary endpoint(s) in months | Overall"": null, ""Follow-up duration for primary endpoint(s) in months | Rx"": ""6.5"", ""Included in MA"": ""Yes"", ""Is PD-L1 positivity inclusion criteria"": ""Yes"", ""Is any other biomarker used for inclusion"": ""No"", ""Lines of treatment"": ""Only 2nd or later line of treatment for metastatic disease"", ""Monotherapy/combination"": ""Combination"", ""NCT"": ""NCT02369874"", ""Name of ICI"": ""Durvalumab, Tremelimumab"", ""Number of arms"": 3, ""Originial publication or Follow-up"": ""Original publication"", ""Priamry Multiple, composite, or co-primary endpoints?"": null, ""Primary endpoint"": ""OS"", ""PubMed ID"": ""32294530"", ""Secondary endpoint"": ""PFS, ORR, DOR"", ""Total sample size"": 736, ""Treatment regimen"": ""Durvalumab+Tremelimumab"", ""Trial name"": ""EAGLE"", ""Trial phase"": ""Phase 3"", ""Type of combination"": ""ICI+ICI"", ""Type of control"": ""Chemo+Anti-EGFR"", ""Type of follow-up given"": ""Median"", ""Type of therapy"": ""Combination"", ""Year"": 2020, ""__rowid__"": 111}"
row_182,182,"In Hodgkin Lymphoma trials, classify the ICI by target class from its generic name as PD-1, PD-L1, or CTLA-4.",Name of ICI,"[""class""]",bge,row,8,0.7826212048530579,0,51,NCT02477826,31562796,Checkmate 227,Nivolumab,"{""Author"": ""Hellmann MD et al (2)"", ""Cancer type"": ""Non-Small Cell Lung"", ""Class of ICI"": ""PD1"", ""Clincal setting in relation to surgery"": ""Metastatic+recurrent (unresectable)"", ""Clinical setting"": ""Metastatic+recurrent (unresectable)"", ""Control arm"": ""Chemo"", ""Control regimen"": ""Chemotherapy"", ""Follow-up duration for primary endpoint(s) in months | Control"": null, ""Follow-up duration for primary endpoint(s) in months | Overall"": ""29.3"", ""Follow-up duration for primary endpoint(s) in months | Rx"": null, ""Included in MA"": ""Yes"", ""Is PD-L1 positivity inclusion criteria"": ""No"", ""Is any other biomarker used for inclusion"": ""Yes"", ""Lines of treatment"": ""Only 1st line of treatment for metastatic disease"", ""Monotherapy/combination"": ""Combination"", ""NCT"": ""NCT02477826"", ""Name of ICI"": ""Nivolumab"", ""Number of arms"": 4, ""Originial publication or Follow-up"": ""Follow-up"", ""Priamry Multiple, composite, or co-primary endpoints?"": null, ""Primary endpoint"": ""OS"", ""PubMed ID"": ""31562796"", ""Secondary endpoint"": ""PFS; OS with nivolumab+chemotherapy VS chemotherapy alone in patients with PD-L1 <1%; and OS with nivolumab monotherapy VS chemotherapy in patients with a PD-L1 >=50%"", ""Total sample size"": 1739, ""Treatment regimen"": ""Nivolumab+Chemotherapy"", ""Trial name"": ""Checkmate 227"", ""Trial phase"": ""Phase 3"", ""Type of combination"": ""ICI+Chemo"", ""Type of control"": ""Chemo"", ""Type of follow-up given"": ""Minimum"", ""Type of therapy"": ""Combination"", ""Year"": 2019, ""__rowid__"": 51}"
row_182,182,"In Hodgkin Lymphoma trials, classify the ICI by target class from its generic name as PD-1, PD-L1, or CTLA-4.",Name of ICI,"[""class""]",bge,row,9,0.7805954813957214,0,40,NCT02008227,27979383,OAK,Atezolizumab,"{""Author"": ""Rittmeyer A et al"", ""Cancer type"": ""Non-Small Cell Lung"", ""Class of ICI"": ""PD-L1"", ""Clincal setting in relation to surgery"": ""Metastatic+recurrent (unresectable)"", ""Clinical setting"": ""Metastatic+recurrent (unresectable)"", ""Control arm"": ""Chemo"", ""Control regimen"": ""Docetaxel"", ""Follow-up duration for primary endpoint(s) in months | Control"": null, ""Follow-up duration for primary endpoint(s) in months | Overall"": ""21"", ""Follow-up duration for primary endpoint(s) in months | Rx"": null, ""Included in MA"": ""No"", ""Is PD-L1 positivity inclusion criteria"": ""No"", ""Is any other biomarker used for inclusion"": ""Yes"", ""Lines of treatment"": ""Only 2nd or later line of treatment for metastatic disease"", ""Monotherapy/combination"": ""Monotherapy"", ""NCT"": ""NCT02008227"", ""Name of ICI"": ""Atezolizumab"", ""Number of arms"": 2, ""Originial publication or Follow-up"": ""Original publication"", ""Priamry Multiple, composite, or co-primary endpoints?"": null, ""Primary endpoint"": ""OS"", ""PubMed ID"": ""27979383"", ""Secondary endpoint"": ""PFS, ORR, DoR"", ""Total sample size"": 1225, ""Treatment regimen"": ""Atezolizumab"", ""Trial name"": ""OAK"", ""Trial phase"": ""Phase 3"", ""Type of combination"": null, ""Type of control"": ""Chemo"", ""Type of follow-up given"": ""Median"", ""Type of therapy"": ""Monotherapy"", ""Year"": 2017, ""__rowid__"": 40}"
row_182,182,"In Hodgkin Lymphoma trials, classify the ICI by target class from its generic name as PD-1, PD-L1, or CTLA-4.",Name of ICI,"[""class""]",bge,row,10,0.780372679233551,0,60,NCT00094653,20525992,MDX010-20,Ipilimumab,"{""Author"": ""Hodi FS et al (1)"", ""Cancer type"": ""Melanoma"", ""Class of ICI"": ""CTLA-4"", ""Clincal setting in relation to surgery"": ""Metastatic+recurrent (unresectable)"", ""Clinical setting"": ""Metastatic+recurrent (unresectable)"", ""Control arm"": ""Vaccine"", ""Control regimen"": ""Gp100 vaccine"", ""Follow-up duration for primary endpoint(s) in months | Control"": ""17.2"", ""Follow-up duration for primary endpoint(s) in months | Overall"": null, ""Follow-up duration for primary endpoint(s) in months | Rx"": ""21"", ""Included in MA"": ""Yes"", ""Is PD-L1 positivity inclusion criteria"": ""No"", ""Is any other biomarker used for inclusion"": ""Yes"", ""Lines of treatment"": ""Only 2nd or later line of treatment for metastatic disease"", ""Monotherapy/combination"": ""Combination"", ""NCT"": ""NCT00094653"", ""Name of ICI"": ""Ipilimumab"", ""Number of arms"": 3, ""Originial publication or Follow-up"": ""Original publication"", ""Priamry Multiple, composite, or co-primary endpoints?"": null, ""Primary endpoint"": ""OS"", ""PubMed ID"": ""20525992"", ""Secondary endpoint"": ""Comparison of OS between ipilimumab-alone and gp100-alone groups and between the two ipilimumab groups; best ORR; duration of response; PFS."", ""Total sample size"": 676, ""Treatment regimen"": ""Ipilimumab+Gp100 Vaccine"", ""Trial name"": ""MDX010-20"", ""Trial phase"": ""Phase 3"", ""Type of combination"": ""ICI+Vaccine"", ""Type of control"": ""Vaccine"", ""Type of follow-up given"": ""Median"", ""Type of therapy"": ""Combination"", ""Year"": 2010, ""__rowid__"": 60}"
row_182,182,"In Hodgkin Lymphoma trials, classify the ICI by target class from its generic name as PD-1, PD-L1, or CTLA-4.",Name of ICI,"[""class""]",bge,row,11,0.7790390849113464,0,50,NCT02477826,31562796,Checkmate 227,Nivolumab,"{""Author"": ""Hellmann MD et al (1)"", ""Cancer type"": ""Non-Small Cell Lung"", ""Class of ICI"": ""PD1"", ""Clincal setting in relation to surgery"": ""Metastatic+recurrent (unresectable)"", ""Clinical setting"": ""Metastatic+recurrent (unresectable)"", ""Control arm"": ""Chemo"", ""Control regimen"": ""Chemotherapy"", ""Follow-up duration for primary endpoint(s) in months | Control"": null, ""Follow-up duration for primary endpoint(s) in months | Overall"": ""29.3"", ""Follow-up duration for primary endpoint(s) in months | Rx"": null, ""Included in MA"": ""Yes"", ""Is PD-L1 positivity inclusion criteria"": ""No"", ""Is any other biomarker used for inclusion"": ""Yes"", ""Lines of treatment"": ""Only 1st line of treatment for metastatic disease"", ""Monotherapy/combination"": ""Monotherapy"", ""NCT"": ""NCT02477826"", ""Name of ICI"": ""Nivolumab"", ""Number of arms"": 4, ""Originial publication or Follow-up"": ""Follow-up"", ""Priamry Multiple, composite, or co-primary endpoints?"": null, ""Primary endpoint"": ""OS"", ""PubMed ID"": ""31562796"", ""Secondary endpoint"": ""PFS; OS with nivolumab+chemotherapy VS chemotherapy alone in patients with PD-L1 <1%; and OS with nivolumab monotherapy VS chemotherapy in patients with a PD-L1 >=50%"", ""Total sample size"": 1739, ""Treatment regimen"": ""Nivolumab"", ""Trial name"": ""Checkmate 227"", ""Trial phase"": ""Phase 3"", ""Type of combination"": null, ""Type of control"": ""Chemo"", ""Type of follow-up given"": ""Minimum"", ""Type of therapy"": ""Monotherapy"", ""Year"": 2019, ""__rowid__"": 50}"
row_182,182,"In Hodgkin Lymphoma trials, classify the ICI by target class from its generic name as PD-1, PD-L1, or CTLA-4.",Name of ICI,"[""class""]",bge,row,12,0.7789748907089233,0,19,NCT02231749,31427204,CheckMate 214,"Nivolumab, Ipilimumab","{""Author"": ""Motzer RJ et al"", ""Cancer type"": ""Renal cell"", ""Class of ICI"": ""PD1, CTLA-4"", ""Clincal setting in relation to surgery"": ""Metastatic+recurrent (unresectable)"", ""Clinical setting"": ""Metastatic+recurrent (unresectable)"", ""Control arm"": ""TKI"", ""Control regimen"": ""Sunitinib"", ""Follow-up duration for primary endpoint(s) in months | Control"": null, ""Follow-up duration for primary endpoint(s) in months | Overall"": ""32.4"", ""Follow-up duration for primary endpoint(s) in months | Rx"": null, ""Included in MA"": ""Yes"", ""Is PD-L1 positivity inclusion criteria"": ""No"", ""Is any other biomarker used for inclusion"": ""No"", ""Lines of treatment"": ""Only 1st line of treatment for metastatic disease"", ""Monotherapy/combination"": ""Combination"", ""NCT"": ""NCT02231749"", ""Name of ICI"": ""Nivolumab, Ipilimumab"", ""Number of arms"": 2, ""Originial publication or Follow-up"": ""Follow-up"", ""Priamry Multiple, composite, or co-primary endpoints?"": ""Co-primary"", ""Primary endpoint"": ""OS+PFS+ORR"", ""PubMed ID"": ""31427204"", ""Secondary endpoint"": ""ORR, PFS and OS in intention-to-treat population; incidence rate of adverse events among all treated patients."", ""Total sample size"": 1096, ""Treatment regimen"": ""Nivolumab+Ipilimumab"", ""Trial name"": ""CheckMate 214"", ""Trial phase"": ""Phase 3"", ""Type of combination"": ""ICI+ICI"", ""Type of control"": ""TKI"", ""Type of follow-up given"": ""Median"", ""Type of therapy"": ""Combination"", ""Year"": 2019, ""__rowid__"": 19}"
row_182,182,"In Hodgkin Lymphoma trials, classify the ICI by target class from its generic name as PD-1, PD-L1, or CTLA-4.",Name of ICI,"[""class""]",bge,row,13,0.7787621021270752,0,101,NCT02231749,32661118,CheckMate 214,"Nivolumab, Ipilimumab","{""Author"": ""Motzer RJ et al"", ""Cancer type"": ""Renal cell"", ""Class of ICI"": ""PD1, CTLA-4"", ""Clincal setting in relation to surgery"": ""Metastatic+recurrent (unresectable)"", ""Clinical setting"": ""Metastatic+recurrent (unresectable)"", ""Control arm"": ""TKI"", ""Control regimen"": ""Sunitinib"", ""Follow-up duration for primary endpoint(s) in months | Control"": null, ""Follow-up duration for primary endpoint(s) in months | Overall"": ""42"", ""Follow-up duration for primary endpoint(s) in months | Rx"": null, ""Included in MA"": ""Yes"", ""Is PD-L1 positivity inclusion criteria"": ""No"", ""Is any other biomarker used for inclusion"": ""No"", ""Lines of treatment"": ""Only 1st line of treatment for metastatic disease"", ""Monotherapy/combination"": ""Combination"", ""NCT"": ""NCT02231749"", ""Name of ICI"": ""Nivolumab, Ipilimumab"", ""Number of arms"": 2, ""Originial publication or Follow-up"": ""Follow-up"", ""Priamry Multiple, composite, or co-primary endpoints?"": ""Co-primary"", ""Primary endpoint"": ""OS+PFS+ORR"", ""PubMed ID"": ""32661118"", ""Secondary endpoint"": ""ORR, PFS and OS in ITT population; incidence rate of AEs."", ""Total sample size"": 1096, ""Treatment regimen"": ""Nivolumab+Ipilimumab"", ""Trial name"": ""CheckMate 214"", ""Trial phase"": ""Phase 3"", ""Type of combination"": ""ICI+ICI"", ""Type of control"": ""TKI"", ""Type of follow-up given"": ""Minimum"", ""Type of therapy"": ""Combination"", ""Year"": 2020, ""__rowid__"": 101}"
row_182,182,"In Hodgkin Lymphoma trials, classify the ICI by target class from its generic name as PD-1, PD-L1, or CTLA-4.",Name of ICI,"[""class""]",bge,row,14,0.7781330347061157,0,138,NCT03043872,33285097,CASPIAN,Durvalumab,"{""Author"": ""Goldman JW et al (1)"", ""Cancer type"": ""Small Cell Lung"", ""Class of ICI"": ""PD-L1"", ""Clincal setting in relation to surgery"": ""Metastatic+recurrent (unresectable)"", ""Clinical setting"": ""Metastatic+recurrent (unresectable)"", ""Control arm"": ""Chemo"", ""Control regimen"": ""Platinum+Etoposide"", ""Follow-up duration for primary endpoint(s) in months | Control"": null, ""Follow-up duration for primary endpoint(s) in months | Overall"": ""25.1"", ""Follow-up duration for primary endpoint(s) in months | Rx"": null, ""Included in MA"": null, ""Is PD-L1 positivity inclusion criteria"": ""No"", ""Is any other biomarker used for inclusion"": ""No"", ""Lines of treatment"": ""Only 1st line of treatment for metastatic disease"", ""Monotherapy/combination"": ""Combination"", ""NCT"": ""NCT03043872"", ""Name of ICI"": ""Durvalumab"", ""Number of arms"": 3, ""Originial publication or Follow-up"": ""Follow-up"", ""Priamry Multiple, composite, or co-primary endpoints?"": null, ""Primary endpoint"": ""OS"", ""PubMed ID"": ""33285097"", ""Secondary endpoint"": ""PFS, ORR, OS at 18 months, PFS, safety, pharmacokinetics, immunogenicity, HRQOL"", ""Total sample size"": 805, ""Treatment regimen"": ""Durvalumab+Etoposide+Platinum agent"", ""Trial name"": ""CASPIAN"", ""Trial phase"": ""Phase 3"", ""Type of combination"": ""ICI+Chemo"", ""Type of control"": ""Chemo"", ""Type of follow-up given"": ""Median"", ""Type of therapy"": ""Combination"", ""Year"": 2020, ""__rowid__"": 138}"
row_182,182,"In Hodgkin Lymphoma trials, classify the ICI by target class from its generic name as PD-1, PD-L1, or CTLA-4.",Name of ICI,"[""class""]",bge,row,15,0.7779163718223572,0,12,NCT02252042,30509740,KEYNOTE-040,Pembrolizumab,"{""Author"": ""Cohen EEW et al"", ""Cancer type"": ""Head and Neck"", ""Class of ICI"": ""PD1"", ""Clincal setting in relation to surgery"": ""Metastatic+recurrent (unresectable)"", ""Clinical setting"": ""Metastatic+recurrent (unresectable)"", ""Control arm"": ""Chemo/Anti-EGFR"", ""Control regimen"": ""Methotrexate/Docetaxel/Cetuximab"", ""Follow-up duration for primary endpoint(s) in months | Control"": ""7.1"", ""Follow-up duration for primary endpoint(s) in months | Overall"": null, ""Follow-up duration for primary endpoint(s) in months | Rx"": ""7.5"", ""Included in MA"": ""Yes"", ""Is PD-L1 positivity inclusion criteria"": ""No"", ""Is any other biomarker used for inclusion"": ""No"", ""Lines of treatment"": ""1st and later line of treatment for metastatic disease"", ""Monotherapy/combination"": ""Monotherapy"", ""NCT"": ""NCT02252042"", ""Name of ICI"": ""Pembrolizumab"", ""Number of arms"": 2, ""Originial publication or Follow-up"": ""Original publication"", ""Priamry Multiple, composite, or co-primary endpoints?"": null, ""Primary endpoint"": ""OS"", ""PubMed ID"": ""30509740"", ""Secondary endpoint"": ""OS in the population with \na PD-L1 combined positive \nscore of 1 or higher; safety, \nPFS,ORR, duration of \nconfirmed response in all \nparticipants and those with a PD-L1 combined positive score of 1 or higher."", ""Total sample size"": 495, ""Treatment regimen"": ""Pembrolizumab"", ""Trial name"": ""KEYNOTE-040"", ""Trial phase"": ""Phase 3"", ""Type of combination"": null, ""Type of control"": ""Chemo/Anti-EGFR"", ""Type of follow-up given"": ""Median"", ""Type of therapy"": ""Monotherapy"", ""Year"": 2018, ""__rowid__"": 12}"
row_182,182,"In Hodgkin Lymphoma trials, classify the ICI by target class from its generic name as PD-1, PD-L1, or CTLA-4.",Name of ICI,"[""class""]",bge,row,16,0.7776914238929749,0,83,NCT03043872,31590988,CASPIAN,"Durvalumab, Tremelimumab","{""Author"": ""Paz-Ares L et al (1)"", ""Cancer type"": ""Small Cell Lung"", ""Class of ICI"": ""PD-L1, CTLA-4"", ""Clincal setting in relation to surgery"": ""Metastatic+recurrent (unresectable)"", ""Clinical setting"": ""Metastatic+recurrent (unresectable)"", ""Control arm"": ""Chemo"", ""Control regimen"": ""Platinum+Etoposide"", ""Follow-up duration for primary endpoint(s) in months | Control"": null, ""Follow-up duration for primary endpoint(s) in months | Overall"": ""14.2"", ""Follow-up duration for primary endpoint(s) in months | Rx"": null, ""Included in MA"": ""Yes"", ""Is PD-L1 positivity inclusion criteria"": ""No"", ""Is any other biomarker used for inclusion"": ""No"", ""Lines of treatment"": ""Only 1st line of treatment for metastatic disease"", ""Monotherapy/combination"": ""Combination"", ""NCT"": ""NCT03043872"", ""Name of ICI"": ""Durvalumab, Tremelimumab"", ""Number of arms"": 3, ""Originial publication or Follow-up"": ""Original publication"", ""Priamry Multiple, composite, or co-primary endpoints?"": null, ""Primary endpoint"": ""OS"", ""PubMed ID"": ""31590988"", ""Secondary endpoint"": ""PFS; objective response; OS at 18 months; PFS at 6 and 12 months; safety; pharmacokinetics; immunogenicity; symptoms and health-related quality of life assessments."", ""Total sample size"": 805, ""Treatment regimen"": ""Durvalumab+Tremelimumab+Etoposide+Platinum agent"", ""Trial name"": ""CASPIAN"", ""Trial phase"": ""Phase 3"", ""Type of combination"": ""ICI+ICI+Chemo"", ""Type of control"": ""Chemo"", ""Type of follow-up given"": ""Median"", ""Type of therapy"": ""Combination"", ""Year"": 2019, ""__rowid__"": 83}"
row_182,182,"In Hodgkin Lymphoma trials, classify the ICI by target class from its generic name as PD-1, PD-L1, or CTLA-4.",Name of ICI,"[""class""]",bge,row,17,0.7775307893753052,0,42,NCT02578680,29658856,Keynote-189,Pembrolizumab,"{""Author"": ""Gandhi L et al"", ""Cancer type"": ""Non-Small Cell Lung"", ""Class of ICI"": ""PD1"", ""Clincal setting in relation to surgery"": ""Metastatic+recurrent (unresectable)"", ""Clinical setting"": ""Metastatic+recurrent (unresectable)"", ""Control arm"": ""Chemo"", ""Control regimen"": ""Placebo+Pemetrexed+Platinum agent"", ""Follow-up duration for primary endpoint(s) in months | Control"": null, ""Follow-up duration for primary endpoint(s) in months | Overall"": ""10.5"", ""Follow-up duration for primary endpoint(s) in months | Rx"": null, ""Included in MA"": ""Yes"", ""Is PD-L1 positivity inclusion criteria"": ""No"", ""Is any other biomarker used for inclusion"": ""No"", ""Lines of treatment"": ""Only 1st line of treatment for metastatic disease"", ""Monotherapy/combination"": ""Combination"", ""NCT"": ""NCT02578680"", ""Name of ICI"": ""Pembrolizumab"", ""Number of arms"": 2, ""Originial publication or Follow-up"": ""Original publication"", ""Priamry Multiple, composite, or co-primary endpoints?"": ""Multiple"", ""Primary endpoint"": ""OS+PFS"", ""PubMed ID"": ""29658856"", ""Secondary endpoint"": ""ORR, DOR, safety"", ""Total sample size"": 616, ""Treatment regimen"": ""Pembrolizumab+Platinum agent"", ""Trial name"": ""Keynote-189"", ""Trial phase"": ""Phase 3"", ""Type of combination"": ""ICI+Chemo"", ""Type of control"": ""Chemo"", ""Type of follow-up given"": ""Median"", ""Type of therapy"": ""Combination"", ""Year"": 2018, ""__rowid__"": 42}"
row_182,182,"In Hodgkin Lymphoma trials, classify the ICI by target class from its generic name as PD-1, PD-L1, or CTLA-4.",Name of ICI,"[""class""]",bge,row,18,0.7772623300552368,0,96,NCT02523313,32416781,IMMUNED,"Nivolumab, Ipilimumab","{""Author"": ""Zimmer L et al (1)"", ""Cancer type"": ""Melanoma"", ""Class of ICI"": ""PD1, CTLA-4"", ""Clincal setting in relation to surgery"": ""Metastatic+recurrent (unresectable)"", ""Clinical setting"": ""Metastatic+recurrent (unresectable)"", ""Control arm"": ""Placebo"", ""Control regimen"": ""Placebo"", ""Follow-up duration for primary endpoint(s) in months | Control"": null, ""Follow-up duration for primary endpoint(s) in months | Overall"": ""28.4"", ""Follow-up duration for primary endpoint(s) in months | Rx"": null, ""Included in MA"": ""Yes"", ""Is PD-L1 positivity inclusion criteria"": ""No"", ""Is any other biomarker used for inclusion"": ""No"", ""Lines of treatment"": ""1st and later line of treatment for metastatic disease"", ""Monotherapy/combination"": ""Combination"", ""NCT"": ""NCT02523313"", ""Name of ICI"": ""Nivolumab, Ipilimumab"", ""Number of arms"": 3, ""Originial publication or Follow-up"": ""Original publication"", ""Priamry Multiple, composite, or co-primary endpoints?"": null, ""Primary endpoint"": ""RFS"", ""PubMed ID"": ""32416781"", ""Secondary endpoint"": ""OS; time to recurrence; safety; PFS or RFS 2."", ""Total sample size"": 167, ""Treatment regimen"": ""Nivolumab+Ipilimumab"", ""Trial name"": ""IMMUNED"", ""Trial phase"": ""Phase 2"", ""Type of combination"": ""ICI+ICI"", ""Type of control"": ""Placebo"", ""Type of follow-up given"": ""Median"", ""Type of therapy"": ""Combination"", ""Year"": 2020, ""__rowid__"": 96}"
row_182,182,"In Hodgkin Lymphoma trials, classify the ICI by target class from its generic name as PD-1, PD-L1, or CTLA-4.",Name of ICI,"[""class""]",bge,row,19,0.7771894335746765,0,43,NCT02763579,30280641,IMPower 133,Atezolizumab,"{""Author"": ""Horn L et al"", ""Cancer type"": ""Small Cell Lung"", ""Class of ICI"": ""PD-L1"", ""Clincal setting in relation to surgery"": ""Metastatic+recurrent (unresectable)"", ""Clinical setting"": ""Metastatic+recurrent (unresectable)"", ""Control arm"": ""Placebo"", ""Control regimen"": ""Placebo"", ""Follow-up duration for primary endpoint(s) in months | Control"": null, ""Follow-up duration for primary endpoint(s) in months | Overall"": ""13.9"", ""Follow-up duration for primary endpoint(s) in months | Rx"": null, ""Included in MA"": ""Yes"", ""Is PD-L1 positivity inclusion criteria"": ""No"", ""Is any other biomarker used for inclusion"": ""No"", ""Lines of treatment"": ""Only 1st line of treatment for metastatic disease"", ""Monotherapy/combination"": ""Combination"", ""NCT"": ""NCT02763579"", ""Name of ICI"": ""Atezolizumab"", ""Number of arms"": 2, ""Originial publication or Follow-up"": ""Original publication"", ""Priamry Multiple, composite, or co-primary endpoints?"": ""Multiple"", ""Primary endpoint"": ""OS+PFS"", ""PubMed ID"": ""30280641"", ""Secondary endpoint"": ""ORR, DOR"", ""Total sample size"": 403, ""Treatment regimen"": ""Atezolizumab+Etoposide+Carboplatin"", ""Trial name"": ""IMPower 133"", ""Trial phase"": ""Phase 3"", ""Type of combination"": ""ICI+Chemo"", ""Type of control"": ""Placebo"", ""Type of follow-up given"": ""Median"", ""Type of therapy"": ""Combination"", ""Year"": 2018, ""__rowid__"": 43}"
row_182,182,"In Hodgkin Lymphoma trials, classify the ICI by target class from its generic name as PD-1, PD-L1, or CTLA-4.",Name of ICI,"[""class""]",bge,row,20,0.7758505344390869,0,27,NCT01673867,26412456,Checkmate 057,Nivolumab,"{""Author"": ""Borghaei  H et al"", ""Cancer type"": ""Non-Small Cell Lung"", ""Class of ICI"": ""PD1"", ""Clincal setting in relation to surgery"": ""Metastatic+recurrent (unresectable)"", ""Clinical setting"": ""Metastatic+recurrent (unresectable)"", ""Control arm"": ""Chemo"", ""Control regimen"": ""Docetaxel"", ""Follow-up duration for primary endpoint(s) in months | Control"": ""9.4"", ""Follow-up duration for primary endpoint(s) in months | Overall"": null, ""Follow-up duration for primary endpoint(s) in months | Rx"": ""12.2"", ""Included in MA"": ""Yes"", ""Is PD-L1 positivity inclusion criteria"": ""No"", ""Is any other biomarker used for inclusion"": ""No"", ""Lines of treatment"": ""Only 2nd or later line of treatment for metastatic disease"", ""Monotherapy/combination"": ""Monotherapy"", ""NCT"": ""NCT01673867"", ""Name of ICI"": ""Nivolumab"", ""Number of arms"": 2, ""Originial publication or Follow-up"": ""Original publication"", ""Priamry Multiple, composite, or co-primary endpoints?"": null, ""Primary endpoint"": ""OS"", ""PubMed ID"": ""26412456"", ""Secondary endpoint"": ""OR, PFS, PRO"", ""Total sample size"": 582, ""Treatment regimen"": ""Nivolumab"", ""Trial name"": ""Checkmate 057"", ""Trial phase"": ""Phase 3"", ""Type of combination"": null, ""Type of control"": ""Chemo"", ""Type of follow-up given"": ""Median"", ""Type of therapy"": ""Monotherapy"", ""Year"": 2015, ""__rowid__"": 27}"
row_182,182,"In Hodgkin Lymphoma trials, classify the ICI by target class from its generic name as PD-1, PD-L1, or CTLA-4.",Name of ICI,"[""class""]",bge,tuple,1,0.9176269769668579,0,124,NCT02516241,32971005,DANUBE,"Durvalumab, Tremelimumab","{""Author"": ""Powles T et al (1)"", ""Cancer type"": ""Urothelial"", ""Class of ICI"": ""PD-L1, CTLA-4"", ""Clincal setting in relation to surgery"": ""Metastatic+recurrent (unresectable)"", ""Clinical setting"": ""Metastatic+recurrent (unresectable)"", ""Control arm"": ""Chemo"", ""Control regimen"": ""Gemcitabine+Cisplatin/Carboplatin"", ""Follow-up duration for primary endpoint(s) in months | Control"": null, ""Follow-up duration for primary endpoint(s) in months | Overall"": ""41.2"", ""Follow-up duration for primary endpoint(s) in months | Rx"": null, ""Included in MA"": null, ""Is PD-L1 positivity inclusion criteria"": ""No"", ""Is any other biomarker used for inclusion"": ""No"", ""Lines of treatment"": ""Only 1st line of treatment for metastatic disease"", ""Monotherapy/combination"": ""Combination"", ""NCT"": ""NCT02516241"", ""Name of ICI"": ""Durvalumab, Tremelimumab"", ""Number of arms"": 3, ""Originial publication or Follow-up"": ""Original publication"", ""Priamry Multiple, composite, or co-primary endpoints?"": ""Co-primary"", ""Primary endpoint"": ""OS"", ""PubMed ID"": ""32971005"", ""Secondary endpoint"": ""OS, PFS, ORR, DoR, DCR"", ""Total sample size"": 1032, ""Treatment regimen"": ""Durvalumab+Tremelimumab"", ""Trial name"": ""DANUBE"", ""Trial phase"": ""Phase 3"", ""Type of combination"": ""ICI+ICI"", ""Type of control"": ""Chemo"", ""Type of follow-up given"": ""Median"", ""Type of therapy"": ""Combination"", ""Year"": 2020, ""__rowid__"": 124}"
row_182,182,"In Hodgkin Lymphoma trials, classify the ICI by target class from its generic name as PD-1, PD-L1, or CTLA-4.",Name of ICI,"[""class""]",bge,tuple,2,0.916910707950592,0,96,NCT02523313,32416781,IMMUNED,"Nivolumab, Ipilimumab","{""Author"": ""Zimmer L et al (1)"", ""Cancer type"": ""Melanoma"", ""Class of ICI"": ""PD1, CTLA-4"", ""Clincal setting in relation to surgery"": ""Metastatic+recurrent (unresectable)"", ""Clinical setting"": ""Metastatic+recurrent (unresectable)"", ""Control arm"": ""Placebo"", ""Control regimen"": ""Placebo"", ""Follow-up duration for primary endpoint(s) in months | Control"": null, ""Follow-up duration for primary endpoint(s) in months | Overall"": ""28.4"", ""Follow-up duration for primary endpoint(s) in months | Rx"": null, ""Included in MA"": ""Yes"", ""Is PD-L1 positivity inclusion criteria"": ""No"", ""Is any other biomarker used for inclusion"": ""No"", ""Lines of treatment"": ""1st and later line of treatment for metastatic disease"", ""Monotherapy/combination"": ""Combination"", ""NCT"": ""NCT02523313"", ""Name of ICI"": ""Nivolumab, Ipilimumab"", ""Number of arms"": 3, ""Originial publication or Follow-up"": ""Original publication"", ""Priamry Multiple, composite, or co-primary endpoints?"": null, ""Primary endpoint"": ""RFS"", ""PubMed ID"": ""32416781"", ""Secondary endpoint"": ""OS; time to recurrence; safety; PFS or RFS 2."", ""Total sample size"": 167, ""Treatment regimen"": ""Nivolumab+Ipilimumab"", ""Trial name"": ""IMMUNED"", ""Trial phase"": ""Phase 2"", ""Type of combination"": ""ICI+ICI"", ""Type of control"": ""Placebo"", ""Type of follow-up given"": ""Median"", ""Type of therapy"": ""Combination"", ""Year"": 2020, ""__rowid__"": 96}"
row_182,182,"In Hodgkin Lymphoma trials, classify the ICI by target class from its generic name as PD-1, PD-L1, or CTLA-4.",Name of ICI,"[""class""]",bge,tuple,3,0.9168646335601807,0,112,NCT02870920,32379280,,"Durvalumab, Tremelimumab","{""Author"": ""Chen EX et al"", ""Cancer type"": ""Colorectal"", ""Class of ICI"": ""PD-L1, CTLA-4"", ""Clincal setting in relation to surgery"": ""Metastatic+recurrent (unresectable)"", ""Clinical setting"": ""Metastatic+recurrent (unresectable)"", ""Control arm"": ""Best supportive care"", ""Control regimen"": ""Best supportive care"", ""Follow-up duration for primary endpoint(s) in months | Control"": ""4.1"", ""Follow-up duration for primary endpoint(s) in months | Overall"": null, ""Follow-up duration for primary endpoint(s) in months | Rx"": ""6.6"", ""Included in MA"": ""No"", ""Is PD-L1 positivity inclusion criteria"": ""No"", ""Is any other biomarker used for inclusion"": ""No"", ""Lines of treatment"": ""Only 2nd or later line of treatment for metastatic disease"", ""Monotherapy/combination"": ""Combination"", ""NCT"": ""NCT02870920"", ""Name of ICI"": ""Durvalumab, Tremelimumab"", ""Number of arms"": 2, ""Originial publication or Follow-up"": ""Original publication"", ""Priamry Multiple, composite, or co-primary endpoints?"": null, ""Primary endpoint"": ""OS"", ""PubMed ID"": ""32379280"", ""Secondary endpoint"": ""PFS, ORR"", ""Total sample size"": 180, ""Treatment regimen"": ""Durvalumab+Tremelimumab+Best supportive care"", ""Trial name"": null, ""Trial phase"": ""Phase 2"", ""Type of combination"": ""ICI+ICI+Chemo"", ""Type of control"": ""Best supportive care"", ""Type of follow-up given"": ""Median"", ""Type of therapy"": ""Combination"", ""Year"": 2020, ""__rowid__"": 112}"
row_182,182,"In Hodgkin Lymphoma trials, classify the ICI by target class from its generic name as PD-1, PD-L1, or CTLA-4.",Name of ICI,"[""class""]",bge,tuple,4,0.9165945053100586,0,8,NCT01585987,28655793,,Ipilimumab,"{""Author"": ""Bang YJ et al"", ""Cancer type"": ""Gastric/GEJ"", ""Class of ICI"": ""CTLA-4"", ""Clincal setting in relation to surgery"": ""Metastatic+recurrent (unresectable)"", ""Clinical setting"": ""Metastatic+recurrent (unresectable)"", ""Control arm"": ""Best supportive care"", ""Control regimen"": ""Best supportive care (+/-fluoropyrimidine)"", ""Follow-up duration for primary endpoint(s) in months | Control"": null, ""Follow-up duration for primary endpoint(s) in months | Overall"": null, ""Follow-up duration for primary endpoint(s) in months | Rx"": null, ""Included in MA"": ""Yes"", ""Is PD-L1 positivity inclusion criteria"": ""No"", ""Is any other biomarker used for inclusion"": ""No"", ""Lines of treatment"": ""Only 2nd or later line of treatment for metastatic disease"", ""Monotherapy/combination"": ""Monotherapy"", ""NCT"": ""NCT01585987"", ""Name of ICI"": ""Ipilimumab"", ""Number of arms"": 2, ""Originial publication or Follow-up"": ""Original publication"", ""Priamry Multiple, composite, or co-primary endpoints?"": null, ""Primary endpoint"": ""PFS"", ""PubMed ID"": ""28655793"", ""Secondary endpoint"": ""PFS by mWHO criteria, OS, immune-related best overall response rate (irBORR)"", ""Total sample size"": 114, ""Treatment regimen"": ""Ipilimumab"", ""Trial name"": null, ""Trial phase"": ""Phase 2"", ""Type of combination"": null, ""Type of control"": ""Best supportive care"", ""Type of follow-up given"": null, ""Type of therapy"": ""Monotherapy"", ""Year"": 2017, ""__rowid__"": 8}"
row_182,182,"In Hodgkin Lymphoma trials, classify the ICI by target class from its generic name as PD-1, PD-L1, or CTLA-4.",Name of ICI,"[""class""]",bge,tuple,5,0.9159119129180908,0,94,NCT01274338,31880964,E1609,Ipilimumab,"{""Author"": ""Tarhini AA et al (1)"", ""Cancer type"": ""Melanoma"", ""Class of ICI"": ""CTLA-4"", ""Clincal setting in relation to surgery"": ""Adjuvant"", ""Clinical setting"": ""Adjuvant"", ""Control arm"": ""Interferon"", ""Control regimen"": ""High-dose Interferon alfa-2b"", ""Follow-up duration for primary endpoint(s) in months | Control"": null, ""Follow-up duration for primary endpoint(s) in months | Overall"": ""57.4"", ""Follow-up duration for primary endpoint(s) in months | Rx"": null, ""Included in MA"": ""No"", ""Is PD-L1 positivity inclusion criteria"": ""No"", ""Is any other biomarker used for inclusion"": ""No"", ""Lines of treatment"": null, ""Monotherapy/combination"": ""Monotherapy"", ""NCT"": ""NCT01274338"", ""Name of ICI"": ""Ipilimumab"", ""Number of arms"": 3, ""Originial publication or Follow-up"": ""Original publication"", ""Priamry Multiple, composite, or co-primary endpoints?"": ""Co-primary"", ""Primary endpoint"": ""OS+RFS"", ""PubMed ID"": ""31880964"", ""Secondary endpoint"": ""Safety, tolerability and quality-of-life with adjuvant ipilimumab"", ""Total sample size"": 1670, ""Treatment regimen"": ""Ipilimumab"", ""Trial name"": ""E1609"", ""Trial phase"": ""Phase 3"", ""Type of combination"": null, ""Type of control"": ""Interferon"", ""Type of follow-up given"": ""Median"", ""Type of therapy"": ""Monotherapy"", ""Year"": 2020, ""__rowid__"": 94}"
row_182,182,"In Hodgkin Lymphoma trials, classify the ICI by target class from its generic name as PD-1, PD-L1, or CTLA-4.",Name of ICI,"[""class""]",bge,tuple,6,0.9157965183258057,0,39,NCT02039674,30138764,Keynote-021,Pembrolizumab,"{""Author"": ""Borghaei  H et al"", ""Cancer type"": ""Non-Small Cell Lung"", ""Class of ICI"": ""PD1"", ""Clincal setting in relation to surgery"": ""Metastatic+recurrent (unresectable)"", ""Clinical setting"": ""Metastatic+recurrent (unresectable)"", ""Control arm"": ""Chemo"", ""Control regimen"": ""Pemetrexed+Carboplatin"", ""Follow-up duration for primary endpoint(s) in months | Control"": null, ""Follow-up duration for primary endpoint(s) in months | Overall"": ""23.9"", ""Follow-up duration for primary endpoint(s) in months | Rx"": null, ""Included in MA"": ""Yes"", ""Is PD-L1 positivity inclusion criteria"": ""Yes"", ""Is any other biomarker used for inclusion"": ""Yes"", ""Lines of treatment"": ""Only 1st line of treatment for metastatic disease"", ""Monotherapy/combination"": ""Combination"", ""NCT"": ""NCT02039674"", ""Name of ICI"": ""Pembrolizumab"", ""Number of arms"": 2, ""Originial publication or Follow-up"": ""Follow-up"", ""Priamry Multiple, composite, or co-primary endpoints?"": null, ""Primary endpoint"": ""ORR"", ""PubMed ID"": ""30138764"", ""Secondary endpoint"": ""PFS, DOR, OS"", ""Total sample size"": 123, ""Treatment regimen"": ""Pembrolizumab+Pemetrexed+Carboplatin"", ""Trial name"": ""Keynote-021"", ""Trial phase"": ""Phase 2"", ""Type of combination"": ""ICI+Chemo"", ""Type of control"": ""Chemo"", ""Type of follow-up given"": ""Median"", ""Type of therapy"": ""Combination"", ""Year"": 2018, ""__rowid__"": 39}"
row_182,182,"In Hodgkin Lymphoma trials, classify the ICI by target class from its generic name as PD-1, PD-L1, or CTLA-4.",Name of ICI,"[""class""]",bge,tuple,7,0.9155295491218567,1,152,NCT02684292,33721562,Keynote-204,Brentuximab-vedotin,"{""Author"": ""Kuruvilla J et al"", ""Cancer type"": ""Hodgkin Lymphoma"", ""Class of ICI"": ""PD1"", ""Clincal setting in relation to surgery"": ""Relapsed/refractory"", ""Clinical setting"": ""Relapsed/refractory"", ""Control arm"": ""Antibody-drug conjugate"", ""Control regimen"": ""Brentuximab vedotin"", ""Follow-up duration for primary endpoint(s) in months | Control"": null, ""Follow-up duration for primary endpoint(s) in months | Overall"": ""25.7"", ""Follow-up duration for primary endpoint(s) in months | Rx"": null, ""Included in MA"": null, ""Is PD-L1 positivity inclusion criteria"": ""No"", ""Is any other biomarker used for inclusion"": ""No"", ""Lines of treatment"": ""Only 2nd or later line of treatment for metastatic disease"", ""Monotherapy/combination"": ""Monotherapy"", ""NCT"": ""NCT02684292"", ""Name of ICI"": ""Brentuximab-vedotin"", ""Number of arms"": 2, ""Originial publication or Follow-up"": ""Original publication"", ""Priamry Multiple, composite, or co-primary endpoints?"": ""Dual, unspecified"", ""Primary endpoint"": ""PFS+OS"", ""PubMed ID"": ""33721562"", ""Secondary endpoint"": ""PFS; ORR; CR; investigator-assessed PFS, ORR, CR; safety"", ""Total sample size"": 304, ""Treatment regimen"": ""Pembrolizumab"", ""Trial name"": ""Keynote-204"", ""Trial phase"": ""Phase 3"", ""Type of combination"": null, ""Type of control"": ""Antibody-drug conjugate"", ""Type of follow-up given"": ""Median"", ""Type of therapy"": ""Monotherapy"", ""Year"": 2021, ""__rowid__"": 152}"
row_182,182,"In Hodgkin Lymphoma trials, classify the ICI by target class from its generic name as PD-1, PD-L1, or CTLA-4.",Name of ICI,"[""class""]",bge,tuple,8,0.9151769280433655,0,137,NCT03043872,33285097,CASPIAN,"Durvalumab, Tremelimumab","{""Author"": ""Goldman JW et al"", ""Cancer type"": ""Small Cell Lung"", ""Class of ICI"": ""PD-L1, CTLA-4"", ""Clincal setting in relation to surgery"": ""Metastatic+recurrent (unresectable)"", ""Clinical setting"": ""Metastatic+recurrent (unresectable)"", ""Control arm"": ""Chemo"", ""Control regimen"": ""Platinum+Etoposide"", ""Follow-up duration for primary endpoint(s) in months | Control"": null, ""Follow-up duration for primary endpoint(s) in months | Overall"": ""25.1"", ""Follow-up duration for primary endpoint(s) in months | Rx"": null, ""Included in MA"": null, ""Is PD-L1 positivity inclusion criteria"": ""No"", ""Is any other biomarker used for inclusion"": ""No"", ""Lines of treatment"": ""Only 1st line of treatment for metastatic disease"", ""Monotherapy/combination"": ""Combination"", ""NCT"": ""NCT03043872"", ""Name of ICI"": ""Durvalumab, Tremelimumab"", ""Number of arms"": 3, ""Originial publication or Follow-up"": ""Follow-up"", ""Priamry Multiple, composite, or co-primary endpoints?"": null, ""Primary endpoint"": ""OS"", ""PubMed ID"": ""33285097"", ""Secondary endpoint"": ""PFS, ORR, OS at 18 months, PFS, safety, pharmacokinetics, immunogenicity, HRQOL"", ""Total sample size"": 805, ""Treatment regimen"": ""Durvalumab+Tremelimumab+Etoposide+Platinum agent"", ""Trial name"": ""CASPIAN"", ""Trial phase"": ""Phase 3"", ""Type of combination"": ""ICI+ICI+Chemo"", ""Type of control"": ""Chemo"", ""Type of follow-up given"": ""Median"", ""Type of therapy"": ""Combination"", ""Year"": 2020, ""__rowid__"": 137}"
row_182,182,"In Hodgkin Lymphoma trials, classify the ICI by target class from its generic name as PD-1, PD-L1, or CTLA-4.",Name of ICI,"[""class""]",bge,tuple,9,0.9150940179824829,0,123,NCT02516241,32971005,DANUBE,Durvalumab,"{""Author"": ""Powles T et al"", ""Cancer type"": ""Urothelial"", ""Class of ICI"": ""PD-L1"", ""Clincal setting in relation to surgery"": ""Metastatic+recurrent (unresectable)"", ""Clinical setting"": ""Metastatic+recurrent (unresectable)"", ""Control arm"": ""Chemo"", ""Control regimen"": ""Gemcitabine+Cisplatin/Carboplatin"", ""Follow-up duration for primary endpoint(s) in months | Control"": null, ""Follow-up duration for primary endpoint(s) in months | Overall"": ""41.2"", ""Follow-up duration for primary endpoint(s) in months | Rx"": null, ""Included in MA"": null, ""Is PD-L1 positivity inclusion criteria"": ""No"", ""Is any other biomarker used for inclusion"": ""No"", ""Lines of treatment"": ""Only 1st line of treatment for metastatic disease"", ""Monotherapy/combination"": ""Monotherapy"", ""NCT"": ""NCT02516241"", ""Name of ICI"": ""Durvalumab"", ""Number of arms"": 3, ""Originial publication or Follow-up"": ""Original publication"", ""Priamry Multiple, composite, or co-primary endpoints?"": ""Co-primary"", ""Primary endpoint"": ""OS"", ""PubMed ID"": ""32971005"", ""Secondary endpoint"": ""OS, PFS, ORR, DoR, DCR"", ""Total sample size"": 1032, ""Treatment regimen"": ""Durvalumab"", ""Trial name"": ""DANUBE"", ""Trial phase"": ""Phase 3"", ""Type of combination"": null, ""Type of control"": ""Chemo"", ""Type of follow-up given"": ""Median"", ""Type of therapy"": ""Monotherapy"", ""Year"": 2020, ""__rowid__"": 123}"
row_182,182,"In Hodgkin Lymphoma trials, classify the ICI by target class from its generic name as PD-1, PD-L1, or CTLA-4.",Name of ICI,"[""class""]",bge,tuple,10,0.9147799611091614,0,158,NCT02743494,33789008,CheckMate 577,Nivolumab,"{""Author"": ""Kelly RJ"", ""Cancer type"": null, ""Class of ICI"": ""PD1"", ""Clincal setting in relation to surgery"": ""Adjuvant"", ""Clinical setting"": ""Adjuvant"", ""Control arm"": ""Placebo"", ""Control regimen"": ""Placebo"", ""Follow-up duration for primary endpoint(s) in months | Control"": null, ""Follow-up duration for primary endpoint(s) in months | Overall"": ""24.4"", ""Follow-up duration for primary endpoint(s) in months | Rx"": null, ""Included in MA"": null, ""Is PD-L1 positivity inclusion criteria"": ""No"", ""Is any other biomarker used for inclusion"": ""No"", ""Lines of treatment"": null, ""Monotherapy/combination"": ""Monotherapy"", ""NCT"": ""NCT02743494"", ""Name of ICI"": ""Nivolumab"", ""Number of arms"": 2, ""Originial publication or Follow-up"": ""Original publication"", ""Priamry Multiple, composite, or co-primary endpoints?"": null, ""Primary endpoint"": ""DFS"", ""PubMed ID"": ""33789008"", ""Secondary endpoint"": ""OS; survival at 1, 2 and 3 y"", ""Total sample size"": null, ""Treatment regimen"": ""Nivolumab"", ""Trial name"": ""CheckMate 577"", ""Trial phase"": ""Phase 3"", ""Type of combination"": null, ""Type of control"": ""Placebo"", ""Type of follow-up given"": ""Median"", ""Type of therapy"": ""Monotherapy"", ""Year"": 2021, ""__rowid__"": 158}"
row_182,182,"In Hodgkin Lymphoma trials, classify the ICI by target class from its generic name as PD-1, PD-L1, or CTLA-4.",Name of ICI,"[""class""]",bge,tuple,11,0.9146003723144531,0,128,NCT02899299,33485464,CheckMate 743,"Nivolumab, Ipilimumab","{""Author"": ""Baas P et al."", ""Cancer type"": ""Mesothelioma"", ""Class of ICI"": ""PD1, CTLA-4"", ""Clincal setting in relation to surgery"": ""Metastatic+recurrent (unresectable)"", ""Clinical setting"": ""Metastatic+recurrent (unresectable)"", ""Control arm"": ""Chemo"", ""Control regimen"": ""Pemetrexed+Cisplatin/Carboplatin"", ""Follow-up duration for primary endpoint(s) in months | Control"": null, ""Follow-up duration for primary endpoint(s) in months | Overall"": ""29.7"", ""Follow-up duration for primary endpoint(s) in months | Rx"": null, ""Included in MA"": null, ""Is PD-L1 positivity inclusion criteria"": ""No"", ""Is any other biomarker used for inclusion"": ""No"", ""Lines of treatment"": ""Only 1st line of treatment for metastatic disease"", ""Monotherapy/combination"": ""Combination"", ""NCT"": ""NCT02899299"", ""Name of ICI"": ""Nivolumab, Ipilimumab"", ""Number of arms"": 2, ""Originial publication or Follow-up"": ""Original publication"", ""Priamry Multiple, composite, or co-primary endpoints?"": null, ""Primary endpoint"": ""OS"", ""PubMed ID"": ""33485464"", ""Secondary endpoint"": ""PFS, ORR, time to response, DoR, DCR"", ""Total sample size"": 605, ""Treatment regimen"": ""Nivolumab+Ipilimumab"", ""Trial name"": ""CheckMate 743"", ""Trial phase"": ""Phase 3"", ""Type of combination"": ""ICI+ICI"", ""Type of control"": ""Chemo"", ""Type of follow-up given"": ""Median"", ""Type of therapy"": ""Combination"", ""Year"": 2021, ""__rowid__"": 128}"
row_182,182,"In Hodgkin Lymphoma trials, classify the ICI by target class from its generic name as PD-1, PD-L1, or CTLA-4.",Name of ICI,"[""class""]",bge,tuple,12,0.9141568541526794,0,19,NCT02231749,31427204,CheckMate 214,"Nivolumab, Ipilimumab","{""Author"": ""Motzer RJ et al"", ""Cancer type"": ""Renal cell"", ""Class of ICI"": ""PD1, CTLA-4"", ""Clincal setting in relation to surgery"": ""Metastatic+recurrent (unresectable)"", ""Clinical setting"": ""Metastatic+recurrent (unresectable)"", ""Control arm"": ""TKI"", ""Control regimen"": ""Sunitinib"", ""Follow-up duration for primary endpoint(s) in months | Control"": null, ""Follow-up duration for primary endpoint(s) in months | Overall"": ""32.4"", ""Follow-up duration for primary endpoint(s) in months | Rx"": null, ""Included in MA"": ""Yes"", ""Is PD-L1 positivity inclusion criteria"": ""No"", ""Is any other biomarker used for inclusion"": ""No"", ""Lines of treatment"": ""Only 1st line of treatment for metastatic disease"", ""Monotherapy/combination"": ""Combination"", ""NCT"": ""NCT02231749"", ""Name of ICI"": ""Nivolumab, Ipilimumab"", ""Number of arms"": 2, ""Originial publication or Follow-up"": ""Follow-up"", ""Priamry Multiple, composite, or co-primary endpoints?"": ""Co-primary"", ""Primary endpoint"": ""OS+PFS+ORR"", ""PubMed ID"": ""31427204"", ""Secondary endpoint"": ""ORR, PFS and OS in intention-to-treat population; incidence rate of adverse events among all treated patients."", ""Total sample size"": 1096, ""Treatment regimen"": ""Nivolumab+Ipilimumab"", ""Trial name"": ""CheckMate 214"", ""Trial phase"": ""Phase 3"", ""Type of combination"": ""ICI+ICI"", ""Type of control"": ""TKI"", ""Type of follow-up given"": ""Median"", ""Type of therapy"": ""Combination"", ""Year"": 2019, ""__rowid__"": 19}"
row_182,182,"In Hodgkin Lymphoma trials, classify the ICI by target class from its generic name as PD-1, PD-L1, or CTLA-4.",Name of ICI,"[""class""]",bge,tuple,13,0.9139038324356079,0,135,NCT01721772,32997575,CheckMate 066,Nivolumab,"{""Author"": ""Robert C et al"", ""Cancer type"": ""Melanoma"", ""Class of ICI"": ""PD1"", ""Clincal setting in relation to surgery"": ""Metastatic+recurrent (unresectable)"", ""Clinical setting"": ""Metastatic+recurrent (unresectable)"", ""Control arm"": ""Chemo"", ""Control regimen"": ""Dacarbazine"", ""Follow-up duration for primary endpoint(s) in months | Control"": ""10.9"", ""Follow-up duration for primary endpoint(s) in months | Overall"": null, ""Follow-up duration for primary endpoint(s) in months | Rx"": ""32"", ""Included in MA"": null, ""Is PD-L1 positivity inclusion criteria"": ""No"", ""Is any other biomarker used for inclusion"": ""Yes"", ""Lines of treatment"": ""Only 1st line of treatment for metastatic disease"", ""Monotherapy/combination"": ""Monotherapy"", ""NCT"": ""NCT01721772"", ""Name of ICI"": ""Nivolumab"", ""Number of arms"": 2, ""Originial publication or Follow-up"": ""Follow-up"", ""Priamry Multiple, composite, or co-primary endpoints?"": null, ""Primary endpoint"": ""OS"", ""PubMed ID"": ""32997575"", ""Secondary endpoint"": ""Investigator-assessed PFS and objective response; tumor PD-L1 expression as a predictive biomarker of OS."", ""Total sample size"": 418, ""Treatment regimen"": ""Nivolumab"", ""Trial name"": ""CheckMate 066"", ""Trial phase"": ""Phase 3"", ""Type of combination"": null, ""Type of control"": ""Chemo"", ""Type of follow-up given"": ""Median"", ""Type of therapy"": ""Monotherapy"", ""Year"": 2020, ""__rowid__"": 135}"
row_182,182,"In Hodgkin Lymphoma trials, classify the ICI by target class from its generic name as PD-1, PD-L1, or CTLA-4.",Name of ICI,"[""class""]",bge,tuple,14,0.9137251377105713,0,18,NCT02231749,29562145,CheckMate 214,"Nivolumab, Ipilimumab","{""Author"": ""Motzer RJ et al"", ""Cancer type"": ""Renal cell"", ""Class of ICI"": ""PD1, CTLA-4"", ""Clincal setting in relation to surgery"": ""Metastatic+recurrent (unresectable)"", ""Clinical setting"": ""Metastatic+recurrent (unresectable)"", ""Control arm"": ""TKI"", ""Control regimen"": ""Sunitinib"", ""Follow-up duration for primary endpoint(s) in months | Control"": null, ""Follow-up duration for primary endpoint(s) in months | Overall"": ""25.2"", ""Follow-up duration for primary endpoint(s) in months | Rx"": null, ""Included in MA"": ""Yes"", ""Is PD-L1 positivity inclusion criteria"": ""No"", ""Is any other biomarker used for inclusion"": ""No"", ""Lines of treatment"": ""Only 1st line of treatment for metastatic disease"", ""Monotherapy/combination"": ""Combination"", ""NCT"": ""NCT02231749"", ""Name of ICI"": ""Nivolumab, Ipilimumab"", ""Number of arms"": 2, ""Originial publication or Follow-up"": ""Original publication"", ""Priamry Multiple, composite, or co-primary endpoints?"": ""Co-primary"", ""Primary endpoint"": ""OS+PFS+ORR"", ""PubMed ID"": ""29562145"", ""Secondary endpoint"": ""ORR, PFS and OS in \nintention-to-treat population; incidence rate of adverse events among all treated patients."", ""Total sample size"": 1096, ""Treatment regimen"": ""Nivolumab+Ipilimumab"", ""Trial name"": ""CheckMate 214"", ""Trial phase"": ""Phase 3"", ""Type of combination"": ""ICI+ICI"", ""Type of control"": ""TKI"", ""Type of follow-up given"": ""Median"", ""Type of therapy"": ""Combination"", ""Year"": 2018, ""__rowid__"": 18}"
row_182,182,"In Hodgkin Lymphoma trials, classify the ICI by target class from its generic name as PD-1, PD-L1, or CTLA-4.",Name of ICI,"[""class""]",bge,tuple,15,0.9137088060379028,0,93,NCT01274338,31880964,E1609,Ipilimumab,"{""Author"": ""Tarhini AA et al"", ""Cancer type"": ""Melanoma"", ""Class of ICI"": ""CTLA-4"", ""Clincal setting in relation to surgery"": ""Adjuvant"", ""Clinical setting"": ""Adjuvant"", ""Control arm"": ""Interferon"", ""Control regimen"": ""High-dose Interferon alfa-2b"", ""Follow-up duration for primary endpoint(s) in months | Control"": null, ""Follow-up duration for primary endpoint(s) in months | Overall"": ""57.4"", ""Follow-up duration for primary endpoint(s) in months | Rx"": null, ""Included in MA"": ""No"", ""Is PD-L1 positivity inclusion criteria"": ""No"", ""Is any other biomarker used for inclusion"": ""No"", ""Lines of treatment"": null, ""Monotherapy/combination"": ""Monotherapy"", ""NCT"": ""NCT01274338"", ""Name of ICI"": ""Ipilimumab"", ""Number of arms"": 3, ""Originial publication or Follow-up"": ""Original publication"", ""Priamry Multiple, composite, or co-primary endpoints?"": ""Co-primary"", ""Primary endpoint"": ""OS+RFS"", ""PubMed ID"": ""31880964"", ""Secondary endpoint"": ""Safety, tolerability and quality-of-life with adjuvant ipilimumab"", ""Total sample size"": 1670, ""Treatment regimen"": ""Ipilimumab"", ""Trial name"": ""E1609"", ""Trial phase"": ""Phase 3"", ""Type of combination"": null, ""Type of control"": ""Interferon"", ""Type of follow-up given"": ""Median"", ""Type of therapy"": ""Monotherapy"", ""Year"": 2020, ""__rowid__"": 93}"
row_182,182,"In Hodgkin Lymphoma trials, classify the ICI by target class from its generic name as PD-1, PD-L1, or CTLA-4.",Name of ICI,"[""class""]",bge,tuple,16,0.9135475754737854,0,59,NCT00094653,20525992,MDX010-20,Ipilimumab,"{""Author"": ""Hodi FS et al"", ""Cancer type"": ""Melanoma"", ""Class of ICI"": ""CTLA-4"", ""Clincal setting in relation to surgery"": ""Metastatic+recurrent (unresectable)"", ""Clinical setting"": ""Metastatic+recurrent (unresectable)"", ""Control arm"": ""Vaccine"", ""Control regimen"": ""Gp100 vaccine"", ""Follow-up duration for primary endpoint(s) in months | Control"": ""17.2"", ""Follow-up duration for primary endpoint(s) in months | Overall"": null, ""Follow-up duration for primary endpoint(s) in months | Rx"": ""27.8"", ""Included in MA"": ""Yes"", ""Is PD-L1 positivity inclusion criteria"": ""No"", ""Is any other biomarker used for inclusion"": ""Yes"", ""Lines of treatment"": ""Only 2nd or later line of treatment for metastatic disease"", ""Monotherapy/combination"": ""Monotherapy"", ""NCT"": ""NCT00094653"", ""Name of ICI"": ""Ipilimumab"", ""Number of arms"": 3, ""Originial publication or Follow-up"": ""Original publication"", ""Priamry Multiple, composite, or co-primary endpoints?"": null, ""Primary endpoint"": ""OS"", ""PubMed ID"": ""20525992"", ""Secondary endpoint"": ""Comparison of OS between ipilimumab-alone and gp100-alone groups and between the two ipilimumab groups; best ORR; duration of response; PFS."", ""Total sample size"": 676, ""Treatment regimen"": ""Ipilimumab"", ""Trial name"": ""MDX010-20"", ""Trial phase"": ""Phase 3"", ""Type of combination"": null, ""Type of control"": ""Vaccine"", ""Type of follow-up given"": ""Median"", ""Type of therapy"": ""Monotherapy"", ""Year"": 2010, ""__rowid__"": 59}"
row_182,182,"In Hodgkin Lymphoma trials, classify the ICI by target class from its generic name as PD-1, PD-L1, or CTLA-4.",Name of ICI,"[""class""]",bge,tuple,17,0.9135119915008545,0,21,NCT02853331,30779529,KEYNOTE-426,Pembrolizumab,"{""Author"": ""Rini BI et al"", ""Cancer type"": ""Renal cell"", ""Class of ICI"": ""PD1"", ""Clincal setting in relation to surgery"": ""Metastatic+recurrent (unresectable)"", ""Clinical setting"": ""Metastatic+recurrent (unresectable)"", ""Control arm"": ""TKI"", ""Control regimen"": ""Sunitinib"", ""Follow-up duration for primary endpoint(s) in months | Control"": null, ""Follow-up duration for primary endpoint(s) in months | Overall"": ""12.8"", ""Follow-up duration for primary endpoint(s) in months | Rx"": null, ""Included in MA"": ""Yes"", ""Is PD-L1 positivity inclusion criteria"": ""No"", ""Is any other biomarker used for inclusion"": ""No"", ""Lines of treatment"": ""Only 1st line of treatment for metastatic disease"", ""Monotherapy/combination"": ""Combination"", ""NCT"": ""NCT02853331"", ""Name of ICI"": ""Pembrolizumab"", ""Number of arms"": 2, ""Originial publication or Follow-up"": ""Original publication"", ""Priamry Multiple, composite, or co-primary endpoints?"": ""Multiple"", ""Primary endpoint"": ""OS+PFS"", ""PubMed ID"": ""30779529"", ""Secondary endpoint"": ""ORR; duration of response; safety"", ""Total sample size"": 861, ""Treatment regimen"": ""Pembrolizumab+Axitinib"", ""Trial name"": ""KEYNOTE-426"", ""Trial phase"": ""Phase 3"", ""Type of combination"": ""ICI+TKI"", ""Type of control"": ""TKI"", ""Type of follow-up given"": ""Median"", ""Type of therapy"": ""Combination"", ""Year"": 2019, ""__rowid__"": 21}"
row_182,182,"In Hodgkin Lymphoma trials, classify the ICI by target class from its generic name as PD-1, PD-L1, or CTLA-4.",Name of ICI,"[""class""]",bge,tuple,18,0.9133614301681519,0,7,NCT02788279,31003911,IMblaze130,Atezolizumab,"{""Author"": ""Eng C et al (1)"", ""Cancer type"": ""Colorectal"", ""Class of ICI"": ""PD-L1"", ""Clincal setting in relation to surgery"": ""Metastatic+recurrent (unresectable)"", ""Clinical setting"": ""Metastatic+recurrent (unresectable)"", ""Control arm"": ""Multikinase inhibitor"", ""Control regimen"": ""Regorafenib"", ""Follow-up duration for primary endpoint(s) in months | Control"": null, ""Follow-up duration for primary endpoint(s) in months | Overall"": ""7.3"", ""Follow-up duration for primary endpoint(s) in months | Rx"": null, ""Included in MA"": ""No"", ""Is PD-L1 positivity inclusion criteria"": ""No"", ""Is any other biomarker used for inclusion"": ""No"", ""Lines of treatment"": ""Only 2nd or later line of treatment for metastatic disease"", ""Monotherapy/combination"": ""Monotherapy"", ""NCT"": ""NCT02788279"", ""Name of ICI"": ""Atezolizumab"", ""Number of arms"": 3, ""Originial publication or Follow-up"": ""Original publication"", ""Priamry Multiple, composite, or co-primary endpoints?"": null, ""Primary endpoint"": ""OS"", ""PubMed ID"": ""31003911"", ""Secondary endpoint"": ""investigator-assessed RECIST v1.1 ORR, PFS, DoR"", ""Total sample size"": 363, ""Treatment regimen"": ""Atezolizumab"", ""Trial name"": ""IMblaze130"", ""Trial phase"": ""Phase 3"", ""Type of combination"": null, ""Type of control"": ""Multikinase inhibitor"", ""Type of follow-up given"": ""Median"", ""Type of therapy"": ""Monotherapy"", ""Year"": 2019, ""__rowid__"": 7}"
row_182,182,"In Hodgkin Lymphoma trials, classify the ICI by target class from its generic name as PD-1, PD-L1, or CTLA-4.",Name of ICI,"[""class""]",bge,tuple,19,0.9132909774780273,0,91,NCT02352948,32201234,ARCTIC,"Durvalumab, Tremelimumab","{""Author"": ""Planchard D et al (2)"", ""Cancer type"": ""Non-Small Cell Lung"", ""Class of ICI"": ""PD-L1, CTLA-4"", ""Clincal setting in relation to surgery"": ""Metastatic+recurrent (unresectable)"", ""Clinical setting"": ""Metastatic+recurrent (unresectable)"", ""Control arm"": ""Chemo/TKI"", ""Control regimen"": ""Erlotinib/gemcitabine/vinorelbine"", ""Follow-up duration for primary endpoint(s) in months | Control"": null, ""Follow-up duration for primary endpoint(s) in months | Overall"": ""9.1"", ""Follow-up duration for primary endpoint(s) in months | Rx"": null, ""Included in MA"": ""Yes"", ""Is PD-L1 positivity inclusion criteria"": ""No"", ""Is any other biomarker used for inclusion"": ""No"", ""Lines of treatment"": ""Only 2nd or later line of treatment for metastatic disease"", ""Monotherapy/combination"": ""Combination"", ""NCT"": ""NCT02352948"", ""Name of ICI"": ""Durvalumab, Tremelimumab"", ""Number of arms"": 4, ""Originial publication or Follow-up"": ""Original publication"", ""Priamry Multiple, composite, or co-primary endpoints?"": ""Multiple"", ""Primary endpoint"": ""OS+PFS"", ""PubMed ID"": ""32201234"", ""Secondary endpoint"": ""OS rate at 12 months; proportion of patients alive and progression-free at 6 and 12 months; ORR; DoR."", ""Total sample size"": 595, ""Treatment regimen"": ""Durvalumab+Tremelimumab"", ""Trial name"": ""ARCTIC"", ""Trial phase"": ""Phase 3"", ""Type of combination"": ""ICI+ICI"", ""Type of control"": ""Chemo/TKI"", ""Type of follow-up given"": ""Median"", ""Type of therapy"": ""Combination"", ""Year"": 2020, ""__rowid__"": 91}"
row_182,182,"In Hodgkin Lymphoma trials, classify the ICI by target class from its generic name as PD-1, PD-L1, or CTLA-4.",Name of ICI,"[""class""]",bge,tuple,20,0.9132741689682007,0,139,NCT02991482,32976938,PROMISE-meso,Pembrolizumab,"{""Author"": ""Popat S et al."", ""Cancer type"": ""Mesothelioma"", ""Class of ICI"": ""PD1"", ""Clincal setting in relation to surgery"": ""Metastatic+recurrent (unresectable)"", ""Clinical setting"": ""Metastatic+recurrent (unresectable)"", ""Control arm"": ""Chemo"", ""Control regimen"": ""Gemcitabine/Vinorelbine"", ""Follow-up duration for primary endpoint(s) in months | Control"": null, ""Follow-up duration for primary endpoint(s) in months | Overall"": ""11.8"", ""Follow-up duration for primary endpoint(s) in months | Rx"": null, ""Included in MA"": null, ""Is PD-L1 positivity inclusion criteria"": ""No"", ""Is any other biomarker used for inclusion"": ""No"", ""Lines of treatment"": ""Only 2nd or later line of treatment for metastatic disease"", ""Monotherapy/combination"": ""Monotherapy"", ""NCT"": ""NCT02991482"", ""Name of ICI"": ""Pembrolizumab"", ""Number of arms"": 2, ""Originial publication or Follow-up"": ""Original publication"", ""Priamry Multiple, composite, or co-primary endpoints?"": null, ""Primary endpoint"": ""PFS"", ""PubMed ID"": ""32976938"", ""Secondary endpoint"": ""investigator-assessed PFS, OS, ORR, time to treatment failure, safety"", ""Total sample size"": 144, ""Treatment regimen"": ""Pembrolizumab"", ""Trial name"": ""PROMISE-meso"", ""Trial phase"": ""Phase 3"", ""Type of combination"": null, ""Type of control"": ""Chemo"", ""Type of follow-up given"": ""Median"", ""Type of therapy"": ""Monotherapy"", ""Year"": 2020, ""__rowid__"": 139}"
