item_id,csv_row_number,expected_key,question,status,error,question_dir,ground_truth_table_csv
row_123,123,added_agents,"For Tremelimumab combination therapy trials, list additional agents in the treatment regimen beyond the ICI.",ok,,/mnt/data1/srchowd3/FD-NL2SQL/data/table_derivation_ground_truths_table24/questions/added_agents__row_123__For_Tremelimumab_combination_therapy_trials_list_additional_agents_in_the_treatment_regime,/mnt/data1/srchowd3/FD-NL2SQL/data/table_derivation_ground_truths_table24/questions/added_agents__row_123__For_Tremelimumab_combination_therapy_trials_list_additional_agents_in_the_treatment_regime/ground_truth_table.csv
row_153,153,added_agents,"For Atezolizumab combination therapy trials, list additional agents in the treatment regimen beyond the ICI.",ok,,/mnt/data1/srchowd3/FD-NL2SQL/data/table_derivation_ground_truths_table24/questions/added_agents__row_153__For_Atezolizumab_combination_therapy_trials_list_additional_agents_in_the_treatment_regime,/mnt/data1/srchowd3/FD-NL2SQL/data/table_derivation_ground_truths_table24/questions/added_agents__row_153__For_Atezolizumab_combination_therapy_trials_list_additional_agents_in_the_treatment_regime/ground_truth_table.csv
row_170,170,added_agents,"For Pembrolizumab combination therapy trials, list additional agents in the treatment regimen beyond the ICI.",ok,,/mnt/data1/srchowd3/FD-NL2SQL/data/table_derivation_ground_truths_table24/questions/added_agents__row_170__For_Pembrolizumab_combination_therapy_trials_list_additional_agents_in_the_treatment_regim,/mnt/data1/srchowd3/FD-NL2SQL/data/table_derivation_ground_truths_table24/questions/added_agents__row_170__For_Pembrolizumab_combination_therapy_trials_list_additional_agents_in_the_treatment_regim/ground_truth_table.csv
row_196,196,added_agents,"For Chemotherapy combination therapy trials, list additional agents in the treatment regimen beyond the ICI.",ok,,/mnt/data1/srchowd3/FD-NL2SQL/data/table_derivation_ground_truths_table24/questions/added_agents__row_196__For_Chemotherapy_combination_therapy_trials_list_additional_agents_in_the_treatment_regime,/mnt/data1/srchowd3/FD-NL2SQL/data/table_derivation_ground_truths_table24/questions/added_agents__row_196__For_Chemotherapy_combination_therapy_trials_list_additional_agents_in_the_treatment_regime/ground_truth_table.csv
row_197,197,added_agents,"For Durvalumab combination therapy trials, list additional agents in the treatment regimen beyond the ICI.",ok,,/mnt/data1/srchowd3/FD-NL2SQL/data/table_derivation_ground_truths_table24/questions/added_agents__row_197__For_Durvalumab_combination_therapy_trials_list_additional_agents_in_the_treatment_regimen,/mnt/data1/srchowd3/FD-NL2SQL/data/table_derivation_ground_truths_table24/questions/added_agents__row_197__For_Durvalumab_combination_therapy_trials_list_additional_agents_in_the_treatment_regimen/ground_truth_table.csv
row_274,274,added_agents,"For Brentuximab-vedotin combination therapy trials, list additional agents in the treatment regimen beyond the ICI.",ok,,/mnt/data1/srchowd3/FD-NL2SQL/data/table_derivation_ground_truths_table24/questions/added_agents__row_274__For_Brentuximab_vedotin_combination_therapy_trials_list_additional_agents_in_the_treatment,/mnt/data1/srchowd3/FD-NL2SQL/data/table_derivation_ground_truths_table24/questions/added_agents__row_274__For_Brentuximab_vedotin_combination_therapy_trials_list_additional_agents_in_the_treatment/ground_truth_table.csv
row_278,278,added_agents,"For Ipilimumab combination therapy trials, list additional agents in the treatment regimen beyond the ICI.",ok,,/mnt/data1/srchowd3/FD-NL2SQL/data/table_derivation_ground_truths_table24/questions/added_agents__row_278__For_Ipilimumab_combination_therapy_trials_list_additional_agents_in_the_treatment_regimen,/mnt/data1/srchowd3/FD-NL2SQL/data/table_derivation_ground_truths_table24/questions/added_agents__row_278__For_Ipilimumab_combination_therapy_trials_list_additional_agents_in_the_treatment_regimen/ground_truth_table.csv
row_288,288,added_agents,"For Nivolumab, Ipilimumab combination therapy trials, list additional agents in the treatment regimen beyond the ICI.",ok,,/mnt/data1/srchowd3/FD-NL2SQL/data/table_derivation_ground_truths_table24/questions/added_agents__row_288__For_Nivolumab_Ipilimumab_combination_therapy_trials_list_additional_agents_in_the_treatmen,/mnt/data1/srchowd3/FD-NL2SQL/data/table_derivation_ground_truths_table24/questions/added_agents__row_288__For_Nivolumab_Ipilimumab_combination_therapy_trials_list_additional_agents_in_the_treatmen/ground_truth_table.csv
row_315,315,added_agents,"For Cemiplimab combination therapy trials, list additional agents in the treatment regimen beyond the ICI.",ok,,/mnt/data1/srchowd3/FD-NL2SQL/data/table_derivation_ground_truths_table24/questions/added_agents__row_315__For_Cemiplimab_combination_therapy_trials_list_additional_agents_in_the_treatment_regimen,/mnt/data1/srchowd3/FD-NL2SQL/data/table_derivation_ground_truths_table24/questions/added_agents__row_315__For_Cemiplimab_combination_therapy_trials_list_additional_agents_in_the_treatment_regimen/ground_truth_table.csv
row_365,365,added_agents,"For Durvalumab, Tremelimumab combination therapy trials, list additional agents in the treatment regimen beyond the ICI.",ok,,/mnt/data1/srchowd3/FD-NL2SQL/data/table_derivation_ground_truths_table24/questions/added_agents__row_365__For_Durvalumab_Tremelimumab_combination_therapy_trials_list_additional_agents_in_the_treat,/mnt/data1/srchowd3/FD-NL2SQL/data/table_derivation_ground_truths_table24/questions/added_agents__row_365__For_Durvalumab_Tremelimumab_combination_therapy_trials_list_additional_agents_in_the_treat/ground_truth_table.csv
row_367,367,added_agents,"For Atezolizumab+Trastuzumab emtansine+Placebo combination therapy trials, list additional agents in the treatment regimen beyond the ICI.",ok,,/mnt/data1/srchowd3/FD-NL2SQL/data/table_derivation_ground_truths_table24/questions/added_agents__row_367__For_Atezolizumab_Trastuzumab_emtansine_Placebo_combination_therapy_trials_list_additional,/mnt/data1/srchowd3/FD-NL2SQL/data/table_derivation_ground_truths_table24/questions/added_agents__row_367__For_Atezolizumab_Trastuzumab_emtansine_Placebo_combination_therapy_trials_list_additional/ground_truth_table.csv
row_422,422,added_agents,"For Avelumab combination therapy trials, list additional agents in the treatment regimen beyond the ICI.",ok,,/mnt/data1/srchowd3/FD-NL2SQL/data/table_derivation_ground_truths_table24/questions/added_agents__row_422__For_Avelumab_combination_therapy_trials_list_additional_agents_in_the_treatment_regimen_be,/mnt/data1/srchowd3/FD-NL2SQL/data/table_derivation_ground_truths_table24/questions/added_agents__row_422__For_Avelumab_combination_therapy_trials_list_additional_agents_in_the_treatment_regimen_be/ground_truth_table.csv
row_496,496,added_agents,"For Nivolumab combination therapy trials, list additional agents in the treatment regimen beyond the ICI.",ok,,/mnt/data1/srchowd3/FD-NL2SQL/data/table_derivation_ground_truths_table24/questions/added_agents__row_496__For_Nivolumab_combination_therapy_trials_list_additional_agents_in_the_treatment_regimen_b,/mnt/data1/srchowd3/FD-NL2SQL/data/table_derivation_ground_truths_table24/questions/added_agents__row_496__For_Nivolumab_combination_therapy_trials_list_additional_agents_in_the_treatment_regimen_b/ground_truth_table.csv
row_102,102,anti_vegf_agents,"In renal cell carcinoma studies using ICI+Anti-VEGF, list the specific anti-VEGF agent(s) from the treatment regimen.",ok,,/mnt/data1/srchowd3/FD-NL2SQL/data/table_derivation_ground_truths_table24/questions/anti_vegf_agents__row_102__In_renal_cell_carcinoma_studies_using_ICI_Anti_VEGF_list_the_specific_anti_VEGF_agent_s_fr,/mnt/data1/srchowd3/FD-NL2SQL/data/table_derivation_ground_truths_table24/questions/anti_vegf_agents__row_102__In_renal_cell_carcinoma_studies_using_ICI_Anti_VEGF_list_the_specific_anti_VEGF_agent_s_fr/ground_truth_table.csv
row_20,20,arm_category,"In Mesothelioma trials, categorize number of arms as 1-arm, 2-arm, or ≥3-arm.",ok,,/mnt/data1/srchowd3/FD-NL2SQL/data/table_derivation_ground_truths_table24/questions/arm_category__row_20__In_Mesothelioma_trials_categorize_number_of_arms_as_1_arm_2_arm_or_3_arm,/mnt/data1/srchowd3/FD-NL2SQL/data/table_derivation_ground_truths_table24/questions/arm_category__row_20__In_Mesothelioma_trials_categorize_number_of_arms_as_1_arm_2_arm_or_3_arm/ground_truth_table.csv
row_155,155,arm_category,"In Head and Neck trials, categorize number of arms as 1-arm, 2-arm, or ≥3-arm.",ok,,/mnt/data1/srchowd3/FD-NL2SQL/data/table_derivation_ground_truths_table24/questions/arm_category__row_155__In_Head_and_Neck_trials_categorize_number_of_arms_as_1_arm_2_arm_or_3_arm,/mnt/data1/srchowd3/FD-NL2SQL/data/table_derivation_ground_truths_table24/questions/arm_category__row_155__In_Head_and_Neck_trials_categorize_number_of_arms_as_1_arm_2_arm_or_3_arm/ground_truth_table.csv
row_161,161,arm_category,"In Renal cell trials, categorize number of arms as 1-arm, 2-arm, or ≥3-arm.",ok,,/mnt/data1/srchowd3/FD-NL2SQL/data/table_derivation_ground_truths_table24/questions/arm_category__row_161__In_Renal_cell_trials_categorize_number_of_arms_as_1_arm_2_arm_or_3_arm,/mnt/data1/srchowd3/FD-NL2SQL/data/table_derivation_ground_truths_table24/questions/arm_category__row_161__In_Renal_cell_trials_categorize_number_of_arms_as_1_arm_2_arm_or_3_arm/ground_truth_table.csv
row_185,185,arm_category,"In Breast trials, categorize number of arms as 1-arm, 2-arm, or ≥3-arm.",ok,,/mnt/data1/srchowd3/FD-NL2SQL/data/table_derivation_ground_truths_table24/questions/arm_category__row_185__In_Breast_trials_categorize_number_of_arms_as_1_arm_2_arm_or_3_arm,/mnt/data1/srchowd3/FD-NL2SQL/data/table_derivation_ground_truths_table24/questions/arm_category__row_185__In_Breast_trials_categorize_number_of_arms_as_1_arm_2_arm_or_3_arm/ground_truth_table.csv
row_189,189,arm_category,"In Multiple Myeloma trials, categorize number of arms as 1-arm, 2-arm, or ≥3-arm.",ok,,/mnt/data1/srchowd3/FD-NL2SQL/data/table_derivation_ground_truths_table24/questions/arm_category__row_189__In_Multiple_Myeloma_trials_categorize_number_of_arms_as_1_arm_2_arm_or_3_arm,/mnt/data1/srchowd3/FD-NL2SQL/data/table_derivation_ground_truths_table24/questions/arm_category__row_189__In_Multiple_Myeloma_trials_categorize_number_of_arms_as_1_arm_2_arm_or_3_arm/ground_truth_table.csv
row_229,229,arm_category,"In Gastric/GEJ trials, categorize number of arms as 1-arm, 2-arm, or ≥3-arm.",ok,,/mnt/data1/srchowd3/FD-NL2SQL/data/table_derivation_ground_truths_table24/questions/arm_category__row_229__In_Gastric_GEJ_trials_categorize_number_of_arms_as_1_arm_2_arm_or_3_arm,/mnt/data1/srchowd3/FD-NL2SQL/data/table_derivation_ground_truths_table24/questions/arm_category__row_229__In_Gastric_GEJ_trials_categorize_number_of_arms_as_1_arm_2_arm_or_3_arm/ground_truth_table.csv
row_250,250,arm_category,"In Hepatocellular trials, categorize number of arms as 1-arm, 2-arm, or ≥3-arm.",ok,,/mnt/data1/srchowd3/FD-NL2SQL/data/table_derivation_ground_truths_table24/questions/arm_category__row_250__In_Hepatocellular_trials_categorize_number_of_arms_as_1_arm_2_arm_or_3_arm,/mnt/data1/srchowd3/FD-NL2SQL/data/table_derivation_ground_truths_table24/questions/arm_category__row_250__In_Hepatocellular_trials_categorize_number_of_arms_as_1_arm_2_arm_or_3_arm/ground_truth_table.csv
row_280,280,arm_category,"In Small Cell Lung trials, categorize number of arms as 1-arm, 2-arm, or ≥3-arm.",ok,,/mnt/data1/srchowd3/FD-NL2SQL/data/table_derivation_ground_truths_table24/questions/arm_category__row_280__In_Small_Cell_Lung_trials_categorize_number_of_arms_as_1_arm_2_arm_or_3_arm,/mnt/data1/srchowd3/FD-NL2SQL/data/table_derivation_ground_truths_table24/questions/arm_category__row_280__In_Small_Cell_Lung_trials_categorize_number_of_arms_as_1_arm_2_arm_or_3_arm/ground_truth_table.csv
row_287,287,arm_category,"In NSCLC trials, categorize number of arms as 1-arm, 2-arm, or ≥3-arm.",ok,,/mnt/data1/srchowd3/FD-NL2SQL/data/table_derivation_ground_truths_table24/questions/arm_category__row_287__In_NSCLC_trials_categorize_number_of_arms_as_1_arm_2_arm_or_3_arm,/mnt/data1/srchowd3/FD-NL2SQL/data/table_derivation_ground_truths_table24/questions/arm_category__row_287__In_NSCLC_trials_categorize_number_of_arms_as_1_arm_2_arm_or_3_arm/ground_truth_table.csv
row_310,310,arm_category,"In Urothelial trials, categorize number of arms as 1-arm, 2-arm, or ≥3-arm.",ok,,/mnt/data1/srchowd3/FD-NL2SQL/data/table_derivation_ground_truths_table24/questions/arm_category__row_310__In_Urothelial_trials_categorize_number_of_arms_as_1_arm_2_arm_or_3_arm,/mnt/data1/srchowd3/FD-NL2SQL/data/table_derivation_ground_truths_table24/questions/arm_category__row_310__In_Urothelial_trials_categorize_number_of_arms_as_1_arm_2_arm_or_3_arm/ground_truth_table.csv
row_349,349,arm_category,"In Esophageal/GEJ trials, categorize number of arms as 1-arm, 2-arm, or ≥3-arm.",ok,,/mnt/data1/srchowd3/FD-NL2SQL/data/table_derivation_ground_truths_table24/questions/arm_category__row_349__In_Esophageal_GEJ_trials_categorize_number_of_arms_as_1_arm_2_arm_or_3_arm,/mnt/data1/srchowd3/FD-NL2SQL/data/table_derivation_ground_truths_table24/questions/arm_category__row_349__In_Esophageal_GEJ_trials_categorize_number_of_arms_as_1_arm_2_arm_or_3_arm/ground_truth_table.csv
row_383,383,arm_category,"In Bladder trials, categorize number of arms as 1-arm, 2-arm, or ≥3-arm.",ok,,/mnt/data1/srchowd3/FD-NL2SQL/data/table_derivation_ground_truths_table24/questions/arm_category__row_383__In_Bladder_trials_categorize_number_of_arms_as_1_arm_2_arm_or_3_arm,/mnt/data1/srchowd3/FD-NL2SQL/data/table_derivation_ground_truths_table24/questions/arm_category__row_383__In_Bladder_trials_categorize_number_of_arms_as_1_arm_2_arm_or_3_arm/ground_truth_table.csv
row_425,425,arm_category,"In Pancreatic trials, categorize number of arms as 1-arm, 2-arm, or ≥3-arm.",ok,,/mnt/data1/srchowd3/FD-NL2SQL/data/table_derivation_ground_truths_table24/questions/arm_category__row_425__In_Pancreatic_trials_categorize_number_of_arms_as_1_arm_2_arm_or_3_arm,/mnt/data1/srchowd3/FD-NL2SQL/data/table_derivation_ground_truths_table24/questions/arm_category__row_425__In_Pancreatic_trials_categorize_number_of_arms_as_1_arm_2_arm_or_3_arm/ground_truth_table.csv
row_431,431,arm_category,"In Hodgkin Lymphoma trials, categorize number of arms as 1-arm, 2-arm, or ≥3-arm.",ok,,/mnt/data1/srchowd3/FD-NL2SQL/data/table_derivation_ground_truths_table24/questions/arm_category__row_431__In_Hodgkin_Lymphoma_trials_categorize_number_of_arms_as_1_arm_2_arm_or_3_arm,/mnt/data1/srchowd3/FD-NL2SQL/data/table_derivation_ground_truths_table24/questions/arm_category__row_431__In_Hodgkin_Lymphoma_trials_categorize_number_of_arms_as_1_arm_2_arm_or_3_arm/ground_truth_table.csv
row_434,434,arm_category,"In Non-Small Cell Lung trials, categorize number of arms as 1-arm, 2-arm, or ≥3-arm.",ok,,/mnt/data1/srchowd3/FD-NL2SQL/data/table_derivation_ground_truths_table24/questions/arm_category__row_434__In_Non_Small_Cell_Lung_trials_categorize_number_of_arms_as_1_arm_2_arm_or_3_arm,/mnt/data1/srchowd3/FD-NL2SQL/data/table_derivation_ground_truths_table24/questions/arm_category__row_434__In_Non_Small_Cell_Lung_trials_categorize_number_of_arms_as_1_arm_2_arm_or_3_arm/ground_truth_table.csv
row_479,479,arm_category,"In Melanoma trials, categorize number of arms as 1-arm, 2-arm, or ≥3-arm.",ok,,/mnt/data1/srchowd3/FD-NL2SQL/data/table_derivation_ground_truths_table24/questions/arm_category__row_479__In_Melanoma_trials_categorize_number_of_arms_as_1_arm_2_arm_or_3_arm,/mnt/data1/srchowd3/FD-NL2SQL/data/table_derivation_ground_truths_table24/questions/arm_category__row_479__In_Melanoma_trials_categorize_number_of_arms_as_1_arm_2_arm_or_3_arm/ground_truth_table.csv
row_484,484,arm_category,"In Prostate trials, categorize number of arms as 1-arm, 2-arm, or ≥3-arm.",ok,,/mnt/data1/srchowd3/FD-NL2SQL/data/table_derivation_ground_truths_table24/questions/arm_category__row_484__In_Prostate_trials_categorize_number_of_arms_as_1_arm_2_arm_or_3_arm,/mnt/data1/srchowd3/FD-NL2SQL/data/table_derivation_ground_truths_table24/questions/arm_category__row_484__In_Prostate_trials_categorize_number_of_arms_as_1_arm_2_arm_or_3_arm/ground_truth_table.csv
row_45,45,braf_inhibitor,"In melanoma trials using ICI plus BRAFi+MEKi, list the BRAF and MEK inhibitors used in the regimen.",ok,,/mnt/data1/srchowd3/FD-NL2SQL/data/table_derivation_ground_truths_table24/questions/braf_inhibitor__row_45__In_melanoma_trials_using_ICI_plus_BRAFi_MEKi_list_the_BRAF_and_MEK_inhibitors_used_in_the,/mnt/data1/srchowd3/FD-NL2SQL/data/table_derivation_ground_truths_table24/questions/braf_inhibitor__row_45__In_melanoma_trials_using_ICI_plus_BRAFi_MEKi_list_the_BRAF_and_MEK_inhibitors_used_in_the/ground_truth_table.csv
row_76,76,brand_name,"In Melanoma trials with PD-L1 agents included in the meta-analysis, map the generic ICI name to its brand name.",ok,,/mnt/data1/srchowd3/FD-NL2SQL/data/table_derivation_ground_truths_table24/questions/brand_name__row_76__In_Melanoma_trials_with_PD_L1_agents_included_in_the_meta_analysis_map_the_generic_ICI_nam,/mnt/data1/srchowd3/FD-NL2SQL/data/table_derivation_ground_truths_table24/questions/brand_name__row_76__In_Melanoma_trials_with_PD_L1_agents_included_in_the_meta_analysis_map_the_generic_ICI_nam/ground_truth_table.csv
row_88,88,brand_name,"In Renal cell trials with PD-L1 agents included in the meta-analysis, map the generic ICI name to its brand name.",ok,,/mnt/data1/srchowd3/FD-NL2SQL/data/table_derivation_ground_truths_table24/questions/brand_name__row_88__In_Renal_cell_trials_with_PD_L1_agents_included_in_the_meta_analysis_map_the_generic_ICI_n,/mnt/data1/srchowd3/FD-NL2SQL/data/table_derivation_ground_truths_table24/questions/brand_name__row_88__In_Renal_cell_trials_with_PD_L1_agents_included_in_the_meta_analysis_map_the_generic_ICI_n/ground_truth_table.csv
row_91,91,brand_name,"In Gastric/GEJ trials with PD-L1 agents included in the meta-analysis, map the generic ICI name to its brand name.",ok,,/mnt/data1/srchowd3/FD-NL2SQL/data/table_derivation_ground_truths_table24/questions/brand_name__row_91__In_Gastric_GEJ_trials_with_PD_L1_agents_included_in_the_meta_analysis_map_the_generic_ICI,/mnt/data1/srchowd3/FD-NL2SQL/data/table_derivation_ground_truths_table24/questions/brand_name__row_91__In_Gastric_GEJ_trials_with_PD_L1_agents_included_in_the_meta_analysis_map_the_generic_ICI/ground_truth_table.csv
row_95,95,brand_name,"In Small Cell Lung trials with PD-L1 agents included in the meta-analysis, map the generic ICI name to its brand name.",ok,,/mnt/data1/srchowd3/FD-NL2SQL/data/table_derivation_ground_truths_table24/questions/brand_name__row_95__In_Small_Cell_Lung_trials_with_PD_L1_agents_included_in_the_meta_analysis_map_the_generic,/mnt/data1/srchowd3/FD-NL2SQL/data/table_derivation_ground_truths_table24/questions/brand_name__row_95__In_Small_Cell_Lung_trials_with_PD_L1_agents_included_in_the_meta_analysis_map_the_generic/ground_truth_table.csv
row_156,156,brand_name,"In Multiple Myeloma trials with PD-L1 agents included in the meta-analysis, map the generic ICI name to its brand name.",ok,,/mnt/data1/srchowd3/FD-NL2SQL/data/table_derivation_ground_truths_table24/questions/brand_name__row_156__In_Multiple_Myeloma_trials_with_PD_L1_agents_included_in_the_meta_analysis_map_the_generic,/mnt/data1/srchowd3/FD-NL2SQL/data/table_derivation_ground_truths_table24/questions/brand_name__row_156__In_Multiple_Myeloma_trials_with_PD_L1_agents_included_in_the_meta_analysis_map_the_generic/ground_truth_table.csv
row_252,252,brand_name,"In Hodgkin Lymphoma trials with PD-L1 agents included in the meta-analysis, map the generic ICI name to its brand name.",ok,,/mnt/data1/srchowd3/FD-NL2SQL/data/table_derivation_ground_truths_table24/questions/brand_name__row_252__In_Hodgkin_Lymphoma_trials_with_PD_L1_agents_included_in_the_meta_analysis_map_the_generic,/mnt/data1/srchowd3/FD-NL2SQL/data/table_derivation_ground_truths_table24/questions/brand_name__row_252__In_Hodgkin_Lymphoma_trials_with_PD_L1_agents_included_in_the_meta_analysis_map_the_generic/ground_truth_table.csv
row_276,276,brand_name,"In Head and Neck trials with PD-L1 agents included in the meta-analysis, map the generic ICI name to its brand name.",ok,,/mnt/data1/srchowd3/FD-NL2SQL/data/table_derivation_ground_truths_table24/questions/brand_name__row_276__In_Head_and_Neck_trials_with_PD_L1_agents_included_in_the_meta_analysis_map_the_generic_IC,/mnt/data1/srchowd3/FD-NL2SQL/data/table_derivation_ground_truths_table24/questions/brand_name__row_276__In_Head_and_Neck_trials_with_PD_L1_agents_included_in_the_meta_analysis_map_the_generic_IC/ground_truth_table.csv
row_279,279,brand_name,"In Pancreatic trials with PD-L1 agents included in the meta-analysis, map the generic ICI name to its brand name.",ok,,/mnt/data1/srchowd3/FD-NL2SQL/data/table_derivation_ground_truths_table24/questions/brand_name__row_279__In_Pancreatic_trials_with_PD_L1_agents_included_in_the_meta_analysis_map_the_generic_ICI_n,/mnt/data1/srchowd3/FD-NL2SQL/data/table_derivation_ground_truths_table24/questions/brand_name__row_279__In_Pancreatic_trials_with_PD_L1_agents_included_in_the_meta_analysis_map_the_generic_ICI_n/ground_truth_table.csv
row_282,282,brand_name,"In Non-Small Cell Lung trials with PD-L1 agents included in the meta-analysis, map the generic ICI name to its brand name.",ok,,/mnt/data1/srchowd3/FD-NL2SQL/data/table_derivation_ground_truths_table24/questions/brand_name__row_282__In_Non_Small_Cell_Lung_trials_with_PD_L1_agents_included_in_the_meta_analysis_map_the_gene,/mnt/data1/srchowd3/FD-NL2SQL/data/table_derivation_ground_truths_table24/questions/brand_name__row_282__In_Non_Small_Cell_Lung_trials_with_PD_L1_agents_included_in_the_meta_analysis_map_the_gene/ground_truth_table.csv
row_319,319,brand_name,"In Colorectal trials with PD-L1 agents included in the meta-analysis, map the generic ICI name to its brand name.",ok,,/mnt/data1/srchowd3/FD-NL2SQL/data/table_derivation_ground_truths_table24/questions/brand_name__row_319__In_Colorectal_trials_with_PD_L1_agents_included_in_the_meta_analysis_map_the_generic_ICI_n,/mnt/data1/srchowd3/FD-NL2SQL/data/table_derivation_ground_truths_table24/questions/brand_name__row_319__In_Colorectal_trials_with_PD_L1_agents_included_in_the_meta_analysis_map_the_generic_ICI_n/ground_truth_table.csv
row_363,363,brand_name,"In Breast trials with PD-L1 agents included in the meta-analysis, map the generic ICI name to its brand name.",ok,,/mnt/data1/srchowd3/FD-NL2SQL/data/table_derivation_ground_truths_table24/questions/brand_name__row_363__In_Breast_trials_with_PD_L1_agents_included_in_the_meta_analysis_map_the_generic_ICI_name,/mnt/data1/srchowd3/FD-NL2SQL/data/table_derivation_ground_truths_table24/questions/brand_name__row_363__In_Breast_trials_with_PD_L1_agents_included_in_the_meta_analysis_map_the_generic_ICI_name/ground_truth_table.csv
row_377,377,brand_name,"In Urothelial trials with PD-L1 agents included in the meta-analysis, map the generic ICI name to its brand name.",ok,,/mnt/data1/srchowd3/FD-NL2SQL/data/table_derivation_ground_truths_table24/questions/brand_name__row_377__In_Urothelial_trials_with_PD_L1_agents_included_in_the_meta_analysis_map_the_generic_ICI_n,/mnt/data1/srchowd3/FD-NL2SQL/data/table_derivation_ground_truths_table24/questions/brand_name__row_377__In_Urothelial_trials_with_PD_L1_agents_included_in_the_meta_analysis_map_the_generic_ICI_n/ground_truth_table.csv
row_381,381,brand_name,"In Esophageal/GEJ trials with PD-L1 agents included in the meta-analysis, map the generic ICI name to its brand name.",ok,,/mnt/data1/srchowd3/FD-NL2SQL/data/table_derivation_ground_truths_table24/questions/brand_name__row_381__In_Esophageal_GEJ_trials_with_PD_L1_agents_included_in_the_meta_analysis_map_the_generic_I,/mnt/data1/srchowd3/FD-NL2SQL/data/table_derivation_ground_truths_table24/questions/brand_name__row_381__In_Esophageal_GEJ_trials_with_PD_L1_agents_included_in_the_meta_analysis_map_the_generic_I/ground_truth_table.csv
row_397,397,brand_name,"In Mesothelioma trials with PD-L1 agents included in the meta-analysis, map the generic ICI name to its brand name.",ok,,/mnt/data1/srchowd3/FD-NL2SQL/data/table_derivation_ground_truths_table24/questions/brand_name__row_397__In_Mesothelioma_trials_with_PD_L1_agents_included_in_the_meta_analysis_map_the_generic_ICI,/mnt/data1/srchowd3/FD-NL2SQL/data/table_derivation_ground_truths_table24/questions/brand_name__row_397__In_Mesothelioma_trials_with_PD_L1_agents_included_in_the_meta_analysis_map_the_generic_ICI/ground_truth_table.csv
row_408,408,brand_name,"In Bladder trials with PD-L1 agents included in the meta-analysis, map the generic ICI name to its brand name.",ok,,/mnt/data1/srchowd3/FD-NL2SQL/data/table_derivation_ground_truths_table24/questions/brand_name__row_408__In_Bladder_trials_with_PD_L1_agents_included_in_the_meta_analysis_map_the_generic_ICI_name,/mnt/data1/srchowd3/FD-NL2SQL/data/table_derivation_ground_truths_table24/questions/brand_name__row_408__In_Bladder_trials_with_PD_L1_agents_included_in_the_meta_analysis_map_the_generic_ICI_name/ground_truth_table.csv
row_429,429,brand_name,"In Hepatocellular trials with PD-L1 agents included in the meta-analysis, map the generic ICI name to its brand name.",ok,,/mnt/data1/srchowd3/FD-NL2SQL/data/table_derivation_ground_truths_table24/questions/brand_name__row_429__In_Hepatocellular_trials_with_PD_L1_agents_included_in_the_meta_analysis_map_the_generic_I,/mnt/data1/srchowd3/FD-NL2SQL/data/table_derivation_ground_truths_table24/questions/brand_name__row_429__In_Hepatocellular_trials_with_PD_L1_agents_included_in_the_meta_analysis_map_the_generic_I/ground_truth_table.csv
row_450,450,brand_name,"In Prostate trials with PD-L1 agents included in the meta-analysis, map the generic ICI name to its brand name.",ok,,/mnt/data1/srchowd3/FD-NL2SQL/data/table_derivation_ground_truths_table24/questions/brand_name__row_450__In_Prostate_trials_with_PD_L1_agents_included_in_the_meta_analysis_map_the_generic_ICI_nam,/mnt/data1/srchowd3/FD-NL2SQL/data/table_derivation_ground_truths_table24/questions/brand_name__row_450__In_Prostate_trials_with_PD_L1_agents_included_in_the_meta_analysis_map_the_generic_ICI_nam/ground_truth_table.csv
row_471,471,brand_name,"In NSCLC trials with PD-L1 agents included in the meta-analysis, map the generic ICI name to its brand name.",ok,,/mnt/data1/srchowd3/FD-NL2SQL/data/table_derivation_ground_truths_table24/questions/brand_name__row_471__In_NSCLC_trials_with_PD_L1_agents_included_in_the_meta_analysis_map_the_generic_ICI_name_t,/mnt/data1/srchowd3/FD-NL2SQL/data/table_derivation_ground_truths_table24/questions/brand_name__row_471__In_NSCLC_trials_with_PD_L1_agents_included_in_the_meta_analysis_map_the_generic_ICI_name_t/ground_truth_table.csv
row_2,2,class,"In Small Cell Lung trials, classify the ICI by target class from its generic name as PD-1, PD-L1, or CTLA-4.",ok,,/mnt/data1/srchowd3/FD-NL2SQL/data/table_derivation_ground_truths_table24/questions/class__row_2__In_Small_Cell_Lung_trials_classify_the_ICI_by_target_class_from_its_generic_name_as_PD_1_P,/mnt/data1/srchowd3/FD-NL2SQL/data/table_derivation_ground_truths_table24/questions/class__row_2__In_Small_Cell_Lung_trials_classify_the_ICI_by_target_class_from_its_generic_name_as_PD_1_P/ground_truth_table.csv
row_36,36,class,"In Gastric/GEJ trials, classify the ICI by target class from its generic name as PD-1, PD-L1, or CTLA-4.",ok,,/mnt/data1/srchowd3/FD-NL2SQL/data/table_derivation_ground_truths_table24/questions/class__row_36__In_Gastric_GEJ_trials_classify_the_ICI_by_target_class_from_its_generic_name_as_PD_1_PD_L1,/mnt/data1/srchowd3/FD-NL2SQL/data/table_derivation_ground_truths_table24/questions/class__row_36__In_Gastric_GEJ_trials_classify_the_ICI_by_target_class_from_its_generic_name_as_PD_1_PD_L1/ground_truth_table.csv
row_71,71,class,"In Bladder trials, classify the ICI by target class from its generic name as PD-1, PD-L1, or CTLA-4.",ok,,/mnt/data1/srchowd3/FD-NL2SQL/data/table_derivation_ground_truths_table24/questions/class__row_71__In_Bladder_trials_classify_the_ICI_by_target_class_from_its_generic_name_as_PD_1_PD_L1_or,/mnt/data1/srchowd3/FD-NL2SQL/data/table_derivation_ground_truths_table24/questions/class__row_71__In_Bladder_trials_classify_the_ICI_by_target_class_from_its_generic_name_as_PD_1_PD_L1_or/ground_truth_table.csv
row_83,83,class,"In Multiple Myeloma trials, classify the ICI by target class from its generic name as PD-1, PD-L1, or CTLA-4.",ok,,/mnt/data1/srchowd3/FD-NL2SQL/data/table_derivation_ground_truths_table24/questions/class__row_83__In_Multiple_Myeloma_trials_classify_the_ICI_by_target_class_from_its_generic_name_as_PD_1,/mnt/data1/srchowd3/FD-NL2SQL/data/table_derivation_ground_truths_table24/questions/class__row_83__In_Multiple_Myeloma_trials_classify_the_ICI_by_target_class_from_its_generic_name_as_PD_1/ground_truth_table.csv
row_119,119,class,"In Urothelial trials, classify the ICI by target class from its generic name as PD-1, PD-L1, or CTLA-4.",ok,,/mnt/data1/srchowd3/FD-NL2SQL/data/table_derivation_ground_truths_table24/questions/class__row_119__In_Urothelial_trials_classify_the_ICI_by_target_class_from_its_generic_name_as_PD_1_PD_L1,/mnt/data1/srchowd3/FD-NL2SQL/data/table_derivation_ground_truths_table24/questions/class__row_119__In_Urothelial_trials_classify_the_ICI_by_target_class_from_its_generic_name_as_PD_1_PD_L1/ground_truth_table.csv
row_128,128,class,"In NSCLC trials, classify the ICI by target class from its generic name as PD-1, PD-L1, or CTLA-4.",ok,,/mnt/data1/srchowd3/FD-NL2SQL/data/table_derivation_ground_truths_table24/questions/class__row_128__In_NSCLC_trials_classify_the_ICI_by_target_class_from_its_generic_name_as_PD_1_PD_L1_or_CT,/mnt/data1/srchowd3/FD-NL2SQL/data/table_derivation_ground_truths_table24/questions/class__row_128__In_NSCLC_trials_classify_the_ICI_by_target_class_from_its_generic_name_as_PD_1_PD_L1_or_CT/ground_truth_table.csv
row_144,144,class,"In Non-Small Cell Lung trials, classify the ICI by target class from its generic name as PD-1, PD-L1, or CTLA-4.",ok,,/mnt/data1/srchowd3/FD-NL2SQL/data/table_derivation_ground_truths_table24/questions/class__row_144__In_Non_Small_Cell_Lung_trials_classify_the_ICI_by_target_class_from_its_generic_name_as_PD,/mnt/data1/srchowd3/FD-NL2SQL/data/table_derivation_ground_truths_table24/questions/class__row_144__In_Non_Small_Cell_Lung_trials_classify_the_ICI_by_target_class_from_its_generic_name_as_PD/ground_truth_table.csv
row_182,182,class,"In Hodgkin Lymphoma trials, classify the ICI by target class from its generic name as PD-1, PD-L1, or CTLA-4.",ok,,/mnt/data1/srchowd3/FD-NL2SQL/data/table_derivation_ground_truths_table24/questions/class__row_182__In_Hodgkin_Lymphoma_trials_classify_the_ICI_by_target_class_from_its_generic_name_as_PD_1,/mnt/data1/srchowd3/FD-NL2SQL/data/table_derivation_ground_truths_table24/questions/class__row_182__In_Hodgkin_Lymphoma_trials_classify_the_ICI_by_target_class_from_its_generic_name_as_PD_1/ground_truth_table.csv
row_213,213,class,"In Renal cell trials, classify the ICI by target class from its generic name as PD-1, PD-L1, or CTLA-4.",ok,,/mnt/data1/srchowd3/FD-NL2SQL/data/table_derivation_ground_truths_table24/questions/class__row_213__In_Renal_cell_trials_classify_the_ICI_by_target_class_from_its_generic_name_as_PD_1_PD_L1,/mnt/data1/srchowd3/FD-NL2SQL/data/table_derivation_ground_truths_table24/questions/class__row_213__In_Renal_cell_trials_classify_the_ICI_by_target_class_from_its_generic_name_as_PD_1_PD_L1/ground_truth_table.csv
row_218,218,class,"In Colorectal trials, classify the ICI by target class from its generic name as PD-1, PD-L1, or CTLA-4.",ok,,/mnt/data1/srchowd3/FD-NL2SQL/data/table_derivation_ground_truths_table24/questions/class__row_218__In_Colorectal_trials_classify_the_ICI_by_target_class_from_its_generic_name_as_PD_1_PD_L1,/mnt/data1/srchowd3/FD-NL2SQL/data/table_derivation_ground_truths_table24/questions/class__row_218__In_Colorectal_trials_classify_the_ICI_by_target_class_from_its_generic_name_as_PD_1_PD_L1/ground_truth_table.csv
row_228,228,class,"In Breast trials, classify the ICI by target class from its generic name as PD-1, PD-L1, or CTLA-4.",ok,,/mnt/data1/srchowd3/FD-NL2SQL/data/table_derivation_ground_truths_table24/questions/class__row_228__In_Breast_trials_classify_the_ICI_by_target_class_from_its_generic_name_as_PD_1_PD_L1_or_C,/mnt/data1/srchowd3/FD-NL2SQL/data/table_derivation_ground_truths_table24/questions/class__row_228__In_Breast_trials_classify_the_ICI_by_target_class_from_its_generic_name_as_PD_1_PD_L1_or_C/ground_truth_table.csv
row_242,242,class,"In Head and Neck trials, classify the ICI by target class from its generic name as PD-1, PD-L1, or CTLA-4.",ok,,/mnt/data1/srchowd3/FD-NL2SQL/data/table_derivation_ground_truths_table24/questions/class__row_242__In_Head_and_Neck_trials_classify_the_ICI_by_target_class_from_its_generic_name_as_PD_1_PD,/mnt/data1/srchowd3/FD-NL2SQL/data/table_derivation_ground_truths_table24/questions/class__row_242__In_Head_and_Neck_trials_classify_the_ICI_by_target_class_from_its_generic_name_as_PD_1_PD/ground_truth_table.csv
row_295,295,class,"In Prostate trials, classify the ICI by target class from its generic name as PD-1, PD-L1, or CTLA-4.",ok,,/mnt/data1/srchowd3/FD-NL2SQL/data/table_derivation_ground_truths_table24/questions/class__row_295__In_Prostate_trials_classify_the_ICI_by_target_class_from_its_generic_name_as_PD_1_PD_L1_or,/mnt/data1/srchowd3/FD-NL2SQL/data/table_derivation_ground_truths_table24/questions/class__row_295__In_Prostate_trials_classify_the_ICI_by_target_class_from_its_generic_name_as_PD_1_PD_L1_or/ground_truth_table.csv
row_297,297,class,"In Esophageal/GEJ trials, classify the ICI by target class from its generic name as PD-1, PD-L1, or CTLA-4.",ok,,/mnt/data1/srchowd3/FD-NL2SQL/data/table_derivation_ground_truths_table24/questions/class__row_297__In_Esophageal_GEJ_trials_classify_the_ICI_by_target_class_from_its_generic_name_as_PD_1_PD,/mnt/data1/srchowd3/FD-NL2SQL/data/table_derivation_ground_truths_table24/questions/class__row_297__In_Esophageal_GEJ_trials_classify_the_ICI_by_target_class_from_its_generic_name_as_PD_1_PD/ground_truth_table.csv
row_338,338,class,"In Mesothelioma trials, classify the ICI by target class from its generic name as PD-1, PD-L1, or CTLA-4.",ok,,/mnt/data1/srchowd3/FD-NL2SQL/data/table_derivation_ground_truths_table24/questions/class__row_338__In_Mesothelioma_trials_classify_the_ICI_by_target_class_from_its_generic_name_as_PD_1_PD_L,/mnt/data1/srchowd3/FD-NL2SQL/data/table_derivation_ground_truths_table24/questions/class__row_338__In_Mesothelioma_trials_classify_the_ICI_by_target_class_from_its_generic_name_as_PD_1_PD_L/ground_truth_table.csv
row_364,364,class,"In Pancreatic trials, classify the ICI by target class from its generic name as PD-1, PD-L1, or CTLA-4.",ok,,/mnt/data1/srchowd3/FD-NL2SQL/data/table_derivation_ground_truths_table24/questions/class__row_364__In_Pancreatic_trials_classify_the_ICI_by_target_class_from_its_generic_name_as_PD_1_PD_L1,/mnt/data1/srchowd3/FD-NL2SQL/data/table_derivation_ground_truths_table24/questions/class__row_364__In_Pancreatic_trials_classify_the_ICI_by_target_class_from_its_generic_name_as_PD_1_PD_L1/ground_truth_table.csv
row_380,380,class,"In Hepatocellular trials, classify the ICI by target class from its generic name as PD-1, PD-L1, or CTLA-4.",ok,,/mnt/data1/srchowd3/FD-NL2SQL/data/table_derivation_ground_truths_table24/questions/class__row_380__In_Hepatocellular_trials_classify_the_ICI_by_target_class_from_its_generic_name_as_PD_1_PD,/mnt/data1/srchowd3/FD-NL2SQL/data/table_derivation_ground_truths_table24/questions/class__row_380__In_Hepatocellular_trials_classify_the_ICI_by_target_class_from_its_generic_name_as_PD_1_PD/ground_truth_table.csv
row_398,398,class,"In Melanoma trials, classify the ICI by target class from its generic name as PD-1, PD-L1, or CTLA-4.",ok,,/mnt/data1/srchowd3/FD-NL2SQL/data/table_derivation_ground_truths_table24/questions/class__row_398__In_Melanoma_trials_classify_the_ICI_by_target_class_from_its_generic_name_as_PD_1_PD_L1_or,/mnt/data1/srchowd3/FD-NL2SQL/data/table_derivation_ground_truths_table24/questions/class__row_398__In_Melanoma_trials_classify_the_ICI_by_target_class_from_its_generic_name_as_PD_1_PD_L1_or/ground_truth_table.csv
row_22,22,combo_type_norm,"In Esophageal/GEJ combination therapy trials, normalize the combination type to standardized labels (e.g., ICI+Chemo, ICI+TKI, ICI+ICI).",ok,,/mnt/data1/srchowd3/FD-NL2SQL/data/table_derivation_ground_truths_table24/questions/combo_type_norm__row_22__In_Esophageal_GEJ_combination_therapy_trials_normalize_the_combination_type_to_standardize,/mnt/data1/srchowd3/FD-NL2SQL/data/table_derivation_ground_truths_table24/questions/combo_type_norm__row_22__In_Esophageal_GEJ_combination_therapy_trials_normalize_the_combination_type_to_standardize/ground_truth_table.csv
row_37,37,combo_type_norm,"In Gastric/GEJ combination therapy trials, normalize the combination type to standardized labels (e.g., ICI+Chemo, ICI+TKI, ICI+ICI).",ok,,/mnt/data1/srchowd3/FD-NL2SQL/data/table_derivation_ground_truths_table24/questions/combo_type_norm__row_37__In_Gastric_GEJ_combination_therapy_trials_normalize_the_combination_type_to_standardized_l,/mnt/data1/srchowd3/FD-NL2SQL/data/table_derivation_ground_truths_table24/questions/combo_type_norm__row_37__In_Gastric_GEJ_combination_therapy_trials_normalize_the_combination_type_to_standardized_l/ground_truth_table.csv
row_58,58,combo_type_norm,"In Melanoma combination therapy trials, normalize the combination type to standardized labels (e.g., ICI+Chemo, ICI+TKI, ICI+ICI).",ok,,/mnt/data1/srchowd3/FD-NL2SQL/data/table_derivation_ground_truths_table24/questions/combo_type_norm__row_58__In_Melanoma_combination_therapy_trials_normalize_the_combination_type_to_standardized_labe,/mnt/data1/srchowd3/FD-NL2SQL/data/table_derivation_ground_truths_table24/questions/combo_type_norm__row_58__In_Melanoma_combination_therapy_trials_normalize_the_combination_type_to_standardized_labe/ground_truth_table.csv
row_80,80,combo_type_norm,"In Head and Neck combination therapy trials, normalize the combination type to standardized labels (e.g., ICI+Chemo, ICI+TKI, ICI+ICI).",ok,,/mnt/data1/srchowd3/FD-NL2SQL/data/table_derivation_ground_truths_table24/questions/combo_type_norm__row_80__In_Head_and_Neck_combination_therapy_trials_normalize_the_combination_type_to_standardized,/mnt/data1/srchowd3/FD-NL2SQL/data/table_derivation_ground_truths_table24/questions/combo_type_norm__row_80__In_Head_and_Neck_combination_therapy_trials_normalize_the_combination_type_to_standardized/ground_truth_table.csv
row_96,96,combo_type_norm,"In Prostate combination therapy trials, normalize the combination type to standardized labels (e.g., ICI+Chemo, ICI+TKI, ICI+ICI).",ok,,/mnt/data1/srchowd3/FD-NL2SQL/data/table_derivation_ground_truths_table24/questions/combo_type_norm__row_96__In_Prostate_combination_therapy_trials_normalize_the_combination_type_to_standardized_labe,/mnt/data1/srchowd3/FD-NL2SQL/data/table_derivation_ground_truths_table24/questions/combo_type_norm__row_96__In_Prostate_combination_therapy_trials_normalize_the_combination_type_to_standardized_labe/ground_truth_table.csv
row_132,132,combo_type_norm,"In NSCLC combination therapy trials, normalize the combination type to standardized labels (e.g., ICI+Chemo, ICI+TKI, ICI+ICI).",ok,,/mnt/data1/srchowd3/FD-NL2SQL/data/table_derivation_ground_truths_table24/questions/combo_type_norm__row_132__In_NSCLC_combination_therapy_trials_normalize_the_combination_type_to_standardized_labels,/mnt/data1/srchowd3/FD-NL2SQL/data/table_derivation_ground_truths_table24/questions/combo_type_norm__row_132__In_NSCLC_combination_therapy_trials_normalize_the_combination_type_to_standardized_labels/ground_truth_table.csv
row_145,145,combo_type_norm,"In Renal cell combination therapy trials, normalize the combination type to standardized labels (e.g., ICI+Chemo, ICI+TKI, ICI+ICI).",ok,,/mnt/data1/srchowd3/FD-NL2SQL/data/table_derivation_ground_truths_table24/questions/combo_type_norm__row_145__In_Renal_cell_combination_therapy_trials_normalize_the_combination_type_to_standardized_la,/mnt/data1/srchowd3/FD-NL2SQL/data/table_derivation_ground_truths_table24/questions/combo_type_norm__row_145__In_Renal_cell_combination_therapy_trials_normalize_the_combination_type_to_standardized_la/ground_truth_table.csv
row_158,158,combo_type_norm,"In Non-Small Cell Lung combination therapy trials, normalize the combination type to standardized labels (e.g., ICI+Chemo, ICI+TKI, ICI+ICI).",ok,,/mnt/data1/srchowd3/FD-NL2SQL/data/table_derivation_ground_truths_table24/questions/combo_type_norm__row_158__In_Non_Small_Cell_Lung_combination_therapy_trials_normalize_the_combination_type_to_standa,/mnt/data1/srchowd3/FD-NL2SQL/data/table_derivation_ground_truths_table24/questions/combo_type_norm__row_158__In_Non_Small_Cell_Lung_combination_therapy_trials_normalize_the_combination_type_to_standa/ground_truth_table.csv
row_187,187,combo_type_norm,"In Colorectal combination therapy trials, normalize the combination type to standardized labels (e.g., ICI+Chemo, ICI+TKI, ICI+ICI).",ok,,/mnt/data1/srchowd3/FD-NL2SQL/data/table_derivation_ground_truths_table24/questions/combo_type_norm__row_187__In_Colorectal_combination_therapy_trials_normalize_the_combination_type_to_standardized_la,/mnt/data1/srchowd3/FD-NL2SQL/data/table_derivation_ground_truths_table24/questions/combo_type_norm__row_187__In_Colorectal_combination_therapy_trials_normalize_the_combination_type_to_standardized_la/ground_truth_table.csv
row_236,236,combo_type_norm,"In Multiple Myeloma combination therapy trials, normalize the combination type to standardized labels (e.g., ICI+Chemo, ICI+TKI, ICI+ICI).",ok,,/mnt/data1/srchowd3/FD-NL2SQL/data/table_derivation_ground_truths_table24/questions/combo_type_norm__row_236__In_Multiple_Myeloma_combination_therapy_trials_normalize_the_combination_type_to_standardi,/mnt/data1/srchowd3/FD-NL2SQL/data/table_derivation_ground_truths_table24/questions/combo_type_norm__row_236__In_Multiple_Myeloma_combination_therapy_trials_normalize_the_combination_type_to_standardi/ground_truth_table.csv
row_238,238,combo_type_norm,"In Breast combination therapy trials, normalize the combination type to standardized labels (e.g., ICI+Chemo, ICI+TKI, ICI+ICI).",ok,,/mnt/data1/srchowd3/FD-NL2SQL/data/table_derivation_ground_truths_table24/questions/combo_type_norm__row_238__In_Breast_combination_therapy_trials_normalize_the_combination_type_to_standardized_labels,/mnt/data1/srchowd3/FD-NL2SQL/data/table_derivation_ground_truths_table24/questions/combo_type_norm__row_238__In_Breast_combination_therapy_trials_normalize_the_combination_type_to_standardized_labels/ground_truth_table.csv
row_251,251,combo_type_norm,"In Mesothelioma combination therapy trials, normalize the combination type to standardized labels (e.g., ICI+Chemo, ICI+TKI, ICI+ICI).",ok,,/mnt/data1/srchowd3/FD-NL2SQL/data/table_derivation_ground_truths_table24/questions/combo_type_norm__row_251__In_Mesothelioma_combination_therapy_trials_normalize_the_combination_type_to_standardized,/mnt/data1/srchowd3/FD-NL2SQL/data/table_derivation_ground_truths_table24/questions/combo_type_norm__row_251__In_Mesothelioma_combination_therapy_trials_normalize_the_combination_type_to_standardized/ground_truth_table.csv
row_299,299,combo_type_norm,"In Urothelial combination therapy trials, normalize the combination type to standardized labels (e.g., ICI+Chemo, ICI+TKI, ICI+ICI).",ok,,/mnt/data1/srchowd3/FD-NL2SQL/data/table_derivation_ground_truths_table24/questions/combo_type_norm__row_299__In_Urothelial_combination_therapy_trials_normalize_the_combination_type_to_standardized_la,/mnt/data1/srchowd3/FD-NL2SQL/data/table_derivation_ground_truths_table24/questions/combo_type_norm__row_299__In_Urothelial_combination_therapy_trials_normalize_the_combination_type_to_standardized_la/ground_truth_table.csv
row_366,366,combo_type_norm,"In Hodgkin Lymphoma combination therapy trials, normalize the combination type to standardized labels (e.g., ICI+Chemo, ICI+TKI, ICI+ICI).",ok,,/mnt/data1/srchowd3/FD-NL2SQL/data/table_derivation_ground_truths_table24/questions/combo_type_norm__row_366__In_Hodgkin_Lymphoma_combination_therapy_trials_normalize_the_combination_type_to_standardi,/mnt/data1/srchowd3/FD-NL2SQL/data/table_derivation_ground_truths_table24/questions/combo_type_norm__row_366__In_Hodgkin_Lymphoma_combination_therapy_trials_normalize_the_combination_type_to_standardi/ground_truth_table.csv
row_374,374,combo_type_norm,"In Pancreatic combination therapy trials, normalize the combination type to standardized labels (e.g., ICI+Chemo, ICI+TKI, ICI+ICI).",ok,,/mnt/data1/srchowd3/FD-NL2SQL/data/table_derivation_ground_truths_table24/questions/combo_type_norm__row_374__In_Pancreatic_combination_therapy_trials_normalize_the_combination_type_to_standardized_la,/mnt/data1/srchowd3/FD-NL2SQL/data/table_derivation_ground_truths_table24/questions/combo_type_norm__row_374__In_Pancreatic_combination_therapy_trials_normalize_the_combination_type_to_standardized_la/ground_truth_table.csv
row_385,385,combo_type_norm,"In Small Cell Lung combination therapy trials, normalize the combination type to standardized labels (e.g., ICI+Chemo, ICI+TKI, ICI+ICI).",ok,,/mnt/data1/srchowd3/FD-NL2SQL/data/table_derivation_ground_truths_table24/questions/combo_type_norm__row_385__In_Small_Cell_Lung_combination_therapy_trials_normalize_the_combination_type_to_standardiz,/mnt/data1/srchowd3/FD-NL2SQL/data/table_derivation_ground_truths_table24/questions/combo_type_norm__row_385__In_Small_Cell_Lung_combination_therapy_trials_normalize_the_combination_type_to_standardiz/ground_truth_table.csv
row_485,485,combo_type_norm,"In Hepatocellular combination therapy trials, normalize the combination type to standardized labels (e.g., ICI+Chemo, ICI+TKI, ICI+ICI).",ok,,/mnt/data1/srchowd3/FD-NL2SQL/data/table_derivation_ground_truths_table24/questions/combo_type_norm__row_485__In_Hepatocellular_combination_therapy_trials_normalize_the_combination_type_to_standardize,/mnt/data1/srchowd3/FD-NL2SQL/data/table_derivation_ground_truths_table24/questions/combo_type_norm__row_485__In_Hepatocellular_combination_therapy_trials_normalize_the_combination_type_to_standardize/ground_truth_table.csv
row_26,26,control_category,"In Small Cell Lung Phase 3 trials, classify the control arm as active, placebo, or best supportive care.",ok,,/mnt/data1/srchowd3/FD-NL2SQL/data/table_derivation_ground_truths_table24/questions/control_category__row_26__In_Small_Cell_Lung_Phase_3_trials_classify_the_control_arm_as_active_placebo_or_best_suppo,/mnt/data1/srchowd3/FD-NL2SQL/data/table_derivation_ground_truths_table24/questions/control_category__row_26__In_Small_Cell_Lung_Phase_3_trials_classify_the_control_arm_as_active_placebo_or_best_suppo/ground_truth_table.csv
row_27,27,control_category,"In Renal cell Phase 3 trials, classify the control arm as active, placebo, or best supportive care.",ok,,/mnt/data1/srchowd3/FD-NL2SQL/data/table_derivation_ground_truths_table24/questions/control_category__row_27__In_Renal_cell_Phase_3_trials_classify_the_control_arm_as_active_placebo_or_best_supportive,/mnt/data1/srchowd3/FD-NL2SQL/data/table_derivation_ground_truths_table24/questions/control_category__row_27__In_Renal_cell_Phase_3_trials_classify_the_control_arm_as_active_placebo_or_best_supportive/ground_truth_table.csv
row_33,33,control_category,"In Urothelial Phase 3 trials, classify the control arm as active, placebo, or best supportive care.",ok,,/mnt/data1/srchowd3/FD-NL2SQL/data/table_derivation_ground_truths_table24/questions/control_category__row_33__In_Urothelial_Phase_3_trials_classify_the_control_arm_as_active_placebo_or_best_supportive,/mnt/data1/srchowd3/FD-NL2SQL/data/table_derivation_ground_truths_table24/questions/control_category__row_33__In_Urothelial_Phase_3_trials_classify_the_control_arm_as_active_placebo_or_best_supportive/ground_truth_table.csv
row_101,101,control_category,"In NSCLC Phase 3 trials, classify the control arm as active, placebo, or best supportive care.",ok,,/mnt/data1/srchowd3/FD-NL2SQL/data/table_derivation_ground_truths_table24/questions/control_category__row_101__In_NSCLC_Phase_3_trials_classify_the_control_arm_as_active_placebo_or_best_supportive_care,/mnt/data1/srchowd3/FD-NL2SQL/data/table_derivation_ground_truths_table24/questions/control_category__row_101__In_NSCLC_Phase_3_trials_classify_the_control_arm_as_active_placebo_or_best_supportive_care/ground_truth_table.csv
row_103,103,control_category,"In Gastric/GEJ Phase 3 trials, classify the control arm as active, placebo, or best supportive care.",ok,,/mnt/data1/srchowd3/FD-NL2SQL/data/table_derivation_ground_truths_table24/questions/control_category__row_103__In_Gastric_GEJ_Phase_3_trials_classify_the_control_arm_as_active_placebo_or_best_supportiv,/mnt/data1/srchowd3/FD-NL2SQL/data/table_derivation_ground_truths_table24/questions/control_category__row_103__In_Gastric_GEJ_Phase_3_trials_classify_the_control_arm_as_active_placebo_or_best_supportiv/ground_truth_table.csv
row_129,129,control_category,"In Melanoma Phase 3 trials, classify the control arm as active, placebo, or best supportive care.",ok,,/mnt/data1/srchowd3/FD-NL2SQL/data/table_derivation_ground_truths_table24/questions/control_category__row_129__In_Melanoma_Phase_3_trials_classify_the_control_arm_as_active_placebo_or_best_supportive_c,/mnt/data1/srchowd3/FD-NL2SQL/data/table_derivation_ground_truths_table24/questions/control_category__row_129__In_Melanoma_Phase_3_trials_classify_the_control_arm_as_active_placebo_or_best_supportive_c/ground_truth_table.csv
row_148,148,control_category,"In Head and Neck Phase 3 trials, classify the control arm as active, placebo, or best supportive care.",ok,,/mnt/data1/srchowd3/FD-NL2SQL/data/table_derivation_ground_truths_table24/questions/control_category__row_148__In_Head_and_Neck_Phase_3_trials_classify_the_control_arm_as_active_placebo_or_best_support,/mnt/data1/srchowd3/FD-NL2SQL/data/table_derivation_ground_truths_table24/questions/control_category__row_148__In_Head_and_Neck_Phase_3_trials_classify_the_control_arm_as_active_placebo_or_best_support/ground_truth_table.csv
row_157,157,control_category,"In Pancreatic Phase 3 trials, classify the control arm as active, placebo, or best supportive care.",ok,,/mnt/data1/srchowd3/FD-NL2SQL/data/table_derivation_ground_truths_table24/questions/control_category__row_157__In_Pancreatic_Phase_3_trials_classify_the_control_arm_as_active_placebo_or_best_supportive,/mnt/data1/srchowd3/FD-NL2SQL/data/table_derivation_ground_truths_table24/questions/control_category__row_157__In_Pancreatic_Phase_3_trials_classify_the_control_arm_as_active_placebo_or_best_supportive/ground_truth_table.csv
row_245,245,control_category,"In Prostate Phase 3 trials, classify the control arm as active, placebo, or best supportive care.",ok,,/mnt/data1/srchowd3/FD-NL2SQL/data/table_derivation_ground_truths_table24/questions/control_category__row_245__In_Prostate_Phase_3_trials_classify_the_control_arm_as_active_placebo_or_best_supportive_c,/mnt/data1/srchowd3/FD-NL2SQL/data/table_derivation_ground_truths_table24/questions/control_category__row_245__In_Prostate_Phase_3_trials_classify_the_control_arm_as_active_placebo_or_best_supportive_c/ground_truth_table.csv
row_258,258,control_category,"In Hepatocellular Phase 3 trials, classify the control arm as active, placebo, or best supportive care.",ok,,/mnt/data1/srchowd3/FD-NL2SQL/data/table_derivation_ground_truths_table24/questions/control_category__row_258__In_Hepatocellular_Phase_3_trials_classify_the_control_arm_as_active_placebo_or_best_suppor,/mnt/data1/srchowd3/FD-NL2SQL/data/table_derivation_ground_truths_table24/questions/control_category__row_258__In_Hepatocellular_Phase_3_trials_classify_the_control_arm_as_active_placebo_or_best_suppor/ground_truth_table.csv
row_328,328,control_category,"In Multiple Myeloma Phase 3 trials, classify the control arm as active, placebo, or best supportive care.",ok,,/mnt/data1/srchowd3/FD-NL2SQL/data/table_derivation_ground_truths_table24/questions/control_category__row_328__In_Multiple_Myeloma_Phase_3_trials_classify_the_control_arm_as_active_placebo_or_best_supp,/mnt/data1/srchowd3/FD-NL2SQL/data/table_derivation_ground_truths_table24/questions/control_category__row_328__In_Multiple_Myeloma_Phase_3_trials_classify_the_control_arm_as_active_placebo_or_best_supp/ground_truth_table.csv
row_347,347,control_category,"In Non-Small Cell Lung Phase 3 trials, classify the control arm as active, placebo, or best supportive care.",ok,,/mnt/data1/srchowd3/FD-NL2SQL/data/table_derivation_ground_truths_table24/questions/control_category__row_347__In_Non_Small_Cell_Lung_Phase_3_trials_classify_the_control_arm_as_active_placebo_or_best_s,/mnt/data1/srchowd3/FD-NL2SQL/data/table_derivation_ground_truths_table24/questions/control_category__row_347__In_Non_Small_Cell_Lung_Phase_3_trials_classify_the_control_arm_as_active_placebo_or_best_s/ground_truth_table.csv
row_375,375,control_category,"In Hodgkin Lymphoma Phase 3 trials, classify the control arm as active, placebo, or best supportive care.",ok,,/mnt/data1/srchowd3/FD-NL2SQL/data/table_derivation_ground_truths_table24/questions/control_category__row_375__In_Hodgkin_Lymphoma_Phase_3_trials_classify_the_control_arm_as_active_placebo_or_best_supp,/mnt/data1/srchowd3/FD-NL2SQL/data/table_derivation_ground_truths_table24/questions/control_category__row_375__In_Hodgkin_Lymphoma_Phase_3_trials_classify_the_control_arm_as_active_placebo_or_best_supp/ground_truth_table.csv
row_421,421,control_category,"In Bladder Phase 3 trials, classify the control arm as active, placebo, or best supportive care.",ok,,/mnt/data1/srchowd3/FD-NL2SQL/data/table_derivation_ground_truths_table24/questions/control_category__row_421__In_Bladder_Phase_3_trials_classify_the_control_arm_as_active_placebo_or_best_supportive_ca,/mnt/data1/srchowd3/FD-NL2SQL/data/table_derivation_ground_truths_table24/questions/control_category__row_421__In_Bladder_Phase_3_trials_classify_the_control_arm_as_active_placebo_or_best_supportive_ca/ground_truth_table.csv
row_443,443,control_category,"In Colorectal Phase 3 trials, classify the control arm as active, placebo, or best supportive care.",ok,,/mnt/data1/srchowd3/FD-NL2SQL/data/table_derivation_ground_truths_table24/questions/control_category__row_443__In_Colorectal_Phase_3_trials_classify_the_control_arm_as_active_placebo_or_best_supportive,/mnt/data1/srchowd3/FD-NL2SQL/data/table_derivation_ground_truths_table24/questions/control_category__row_443__In_Colorectal_Phase_3_trials_classify_the_control_arm_as_active_placebo_or_best_supportive/ground_truth_table.csv
row_452,452,control_category,"In Mesothelioma Phase 3 trials, classify the control arm as active, placebo, or best supportive care.",ok,,/mnt/data1/srchowd3/FD-NL2SQL/data/table_derivation_ground_truths_table24/questions/control_category__row_452__In_Mesothelioma_Phase_3_trials_classify_the_control_arm_as_active_placebo_or_best_supporti,/mnt/data1/srchowd3/FD-NL2SQL/data/table_derivation_ground_truths_table24/questions/control_category__row_452__In_Mesothelioma_Phase_3_trials_classify_the_control_arm_as_active_placebo_or_best_supporti/ground_truth_table.csv
row_490,490,control_category,"In Breast Phase 3 trials, classify the control arm as active, placebo, or best supportive care.",ok,,/mnt/data1/srchowd3/FD-NL2SQL/data/table_derivation_ground_truths_table24/questions/control_category__row_490__In_Breast_Phase_3_trials_classify_the_control_arm_as_active_placebo_or_best_supportive_car,/mnt/data1/srchowd3/FD-NL2SQL/data/table_derivation_ground_truths_table24/questions/control_category__row_490__In_Breast_Phase_3_trials_classify_the_control_arm_as_active_placebo_or_best_supportive_car/ground_truth_table.csv
row_24,24,control_drugs,"In NSCLC trials with chemotherapy control, list the specific cytotoxic drugs from the control regimen.",ok,,/mnt/data1/srchowd3/FD-NL2SQL/data/table_derivation_ground_truths_table24/questions/control_drugs__row_24__In_NSCLC_trials_with_chemotherapy_control_list_the_specific_cytotoxic_drugs_from_the_contr,/mnt/data1/srchowd3/FD-NL2SQL/data/table_derivation_ground_truths_table24/questions/control_drugs__row_24__In_NSCLC_trials_with_chemotherapy_control_list_the_specific_cytotoxic_drugs_from_the_contr/ground_truth_table.csv
row_85,85,control_drugs,"In Esophageal/GEJ trials with chemotherapy control, list the specific cytotoxic drugs from the control regimen.",ok,,/mnt/data1/srchowd3/FD-NL2SQL/data/table_derivation_ground_truths_table24/questions/control_drugs__row_85__In_Esophageal_GEJ_trials_with_chemotherapy_control_list_the_specific_cytotoxic_drugs_from,/mnt/data1/srchowd3/FD-NL2SQL/data/table_derivation_ground_truths_table24/questions/control_drugs__row_85__In_Esophageal_GEJ_trials_with_chemotherapy_control_list_the_specific_cytotoxic_drugs_from/ground_truth_table.csv
row_98,98,control_drugs,"In Mesothelioma trials with chemotherapy control, list the specific cytotoxic drugs from the control regimen.",ok,,/mnt/data1/srchowd3/FD-NL2SQL/data/table_derivation_ground_truths_table24/questions/control_drugs__row_98__In_Mesothelioma_trials_with_chemotherapy_control_list_the_specific_cytotoxic_drugs_from_th,/mnt/data1/srchowd3/FD-NL2SQL/data/table_derivation_ground_truths_table24/questions/control_drugs__row_98__In_Mesothelioma_trials_with_chemotherapy_control_list_the_specific_cytotoxic_drugs_from_th/ground_truth_table.csv
row_100,100,control_drugs,"In Small Cell Lung trials with chemotherapy control, list the specific cytotoxic drugs from the control regimen.",ok,,/mnt/data1/srchowd3/FD-NL2SQL/data/table_derivation_ground_truths_table24/questions/control_drugs__row_100__In_Small_Cell_Lung_trials_with_chemotherapy_control_list_the_specific_cytotoxic_drugs_from,/mnt/data1/srchowd3/FD-NL2SQL/data/table_derivation_ground_truths_table24/questions/control_drugs__row_100__In_Small_Cell_Lung_trials_with_chemotherapy_control_list_the_specific_cytotoxic_drugs_from/ground_truth_table.csv
row_110,110,control_drugs,"In Renal cell trials with chemotherapy control, list the specific cytotoxic drugs from the control regimen.",ok,,/mnt/data1/srchowd3/FD-NL2SQL/data/table_derivation_ground_truths_table24/questions/control_drugs__row_110__In_Renal_cell_trials_with_chemotherapy_control_list_the_specific_cytotoxic_drugs_from_the,/mnt/data1/srchowd3/FD-NL2SQL/data/table_derivation_ground_truths_table24/questions/control_drugs__row_110__In_Renal_cell_trials_with_chemotherapy_control_list_the_specific_cytotoxic_drugs_from_the/ground_truth_table.csv
row_114,114,control_drugs,"In Pancreatic trials with chemotherapy control, list the specific cytotoxic drugs from the control regimen.",ok,,/mnt/data1/srchowd3/FD-NL2SQL/data/table_derivation_ground_truths_table24/questions/control_drugs__row_114__In_Pancreatic_trials_with_chemotherapy_control_list_the_specific_cytotoxic_drugs_from_the,/mnt/data1/srchowd3/FD-NL2SQL/data/table_derivation_ground_truths_table24/questions/control_drugs__row_114__In_Pancreatic_trials_with_chemotherapy_control_list_the_specific_cytotoxic_drugs_from_the/ground_truth_table.csv
row_115,115,control_drugs,"In Gastric/GEJ trials with chemotherapy control, list the specific cytotoxic drugs from the control regimen.",ok,,/mnt/data1/srchowd3/FD-NL2SQL/data/table_derivation_ground_truths_table24/questions/control_drugs__row_115__In_Gastric_GEJ_trials_with_chemotherapy_control_list_the_specific_cytotoxic_drugs_from_the,/mnt/data1/srchowd3/FD-NL2SQL/data/table_derivation_ground_truths_table24/questions/control_drugs__row_115__In_Gastric_GEJ_trials_with_chemotherapy_control_list_the_specific_cytotoxic_drugs_from_the/ground_truth_table.csv
row_151,151,control_drugs,"In Prostate trials with chemotherapy control, list the specific cytotoxic drugs from the control regimen.",ok,,/mnt/data1/srchowd3/FD-NL2SQL/data/table_derivation_ground_truths_table24/questions/control_drugs__row_151__In_Prostate_trials_with_chemotherapy_control_list_the_specific_cytotoxic_drugs_from_the_co,/mnt/data1/srchowd3/FD-NL2SQL/data/table_derivation_ground_truths_table24/questions/control_drugs__row_151__In_Prostate_trials_with_chemotherapy_control_list_the_specific_cytotoxic_drugs_from_the_co/ground_truth_table.csv
row_172,172,control_drugs,"In Non-Small Cell Lung trials with chemotherapy control, list the specific cytotoxic drugs from the control regimen.",ok,,/mnt/data1/srchowd3/FD-NL2SQL/data/table_derivation_ground_truths_table24/questions/control_drugs__row_172__In_Non_Small_Cell_Lung_trials_with_chemotherapy_control_list_the_specific_cytotoxic_drugs,/mnt/data1/srchowd3/FD-NL2SQL/data/table_derivation_ground_truths_table24/questions/control_drugs__row_172__In_Non_Small_Cell_Lung_trials_with_chemotherapy_control_list_the_specific_cytotoxic_drugs/ground_truth_table.csv
row_200,200,control_drugs,"In Multiple Myeloma trials with chemotherapy control, list the specific cytotoxic drugs from the control regimen.",ok,,/mnt/data1/srchowd3/FD-NL2SQL/data/table_derivation_ground_truths_table24/questions/control_drugs__row_200__In_Multiple_Myeloma_trials_with_chemotherapy_control_list_the_specific_cytotoxic_drugs_fro,/mnt/data1/srchowd3/FD-NL2SQL/data/table_derivation_ground_truths_table24/questions/control_drugs__row_200__In_Multiple_Myeloma_trials_with_chemotherapy_control_list_the_specific_cytotoxic_drugs_fro/ground_truth_table.csv
row_207,207,control_drugs,"In Melanoma trials with chemotherapy control, list the specific cytotoxic drugs from the control regimen.",ok,,/mnt/data1/srchowd3/FD-NL2SQL/data/table_derivation_ground_truths_table24/questions/control_drugs__row_207__In_Melanoma_trials_with_chemotherapy_control_list_the_specific_cytotoxic_drugs_from_the_co,/mnt/data1/srchowd3/FD-NL2SQL/data/table_derivation_ground_truths_table24/questions/control_drugs__row_207__In_Melanoma_trials_with_chemotherapy_control_list_the_specific_cytotoxic_drugs_from_the_co/ground_truth_table.csv
row_270,270,control_drugs,"In Hodgkin Lymphoma trials with chemotherapy control, list the specific cytotoxic drugs from the control regimen.",ok,,/mnt/data1/srchowd3/FD-NL2SQL/data/table_derivation_ground_truths_table24/questions/control_drugs__row_270__In_Hodgkin_Lymphoma_trials_with_chemotherapy_control_list_the_specific_cytotoxic_drugs_fro,/mnt/data1/srchowd3/FD-NL2SQL/data/table_derivation_ground_truths_table24/questions/control_drugs__row_270__In_Hodgkin_Lymphoma_trials_with_chemotherapy_control_list_the_specific_cytotoxic_drugs_fro/ground_truth_table.csv
row_290,290,control_drugs,"In Bladder trials with chemotherapy control, list the specific cytotoxic drugs from the control regimen.",ok,,/mnt/data1/srchowd3/FD-NL2SQL/data/table_derivation_ground_truths_table24/questions/control_drugs__row_290__In_Bladder_trials_with_chemotherapy_control_list_the_specific_cytotoxic_drugs_from_the_con,/mnt/data1/srchowd3/FD-NL2SQL/data/table_derivation_ground_truths_table24/questions/control_drugs__row_290__In_Bladder_trials_with_chemotherapy_control_list_the_specific_cytotoxic_drugs_from_the_con/ground_truth_table.csv
row_314,314,control_drugs,"In Breast trials with chemotherapy control, list the specific cytotoxic drugs from the control regimen.",ok,,/mnt/data1/srchowd3/FD-NL2SQL/data/table_derivation_ground_truths_table24/questions/control_drugs__row_314__In_Breast_trials_with_chemotherapy_control_list_the_specific_cytotoxic_drugs_from_the_cont,/mnt/data1/srchowd3/FD-NL2SQL/data/table_derivation_ground_truths_table24/questions/control_drugs__row_314__In_Breast_trials_with_chemotherapy_control_list_the_specific_cytotoxic_drugs_from_the_cont/ground_truth_table.csv
row_369,369,control_drugs,"In Urothelial trials with chemotherapy control, list the specific cytotoxic drugs from the control regimen.",ok,,/mnt/data1/srchowd3/FD-NL2SQL/data/table_derivation_ground_truths_table24/questions/control_drugs__row_369__In_Urothelial_trials_with_chemotherapy_control_list_the_specific_cytotoxic_drugs_from_the,/mnt/data1/srchowd3/FD-NL2SQL/data/table_derivation_ground_truths_table24/questions/control_drugs__row_369__In_Urothelial_trials_with_chemotherapy_control_list_the_specific_cytotoxic_drugs_from_the/ground_truth_table.csv
row_416,416,control_drugs,"In Hepatocellular trials with chemotherapy control, list the specific cytotoxic drugs from the control regimen.",ok,,/mnt/data1/srchowd3/FD-NL2SQL/data/table_derivation_ground_truths_table24/questions/control_drugs__row_416__In_Hepatocellular_trials_with_chemotherapy_control_list_the_specific_cytotoxic_drugs_from,/mnt/data1/srchowd3/FD-NL2SQL/data/table_derivation_ground_truths_table24/questions/control_drugs__row_416__In_Hepatocellular_trials_with_chemotherapy_control_list_the_specific_cytotoxic_drugs_from/ground_truth_table.csv
row_424,424,control_drugs,"In Head and Neck trials with chemotherapy control, list the specific cytotoxic drugs from the control regimen.",ok,,/mnt/data1/srchowd3/FD-NL2SQL/data/table_derivation_ground_truths_table24/questions/control_drugs__row_424__In_Head_and_Neck_trials_with_chemotherapy_control_list_the_specific_cytotoxic_drugs_from_t,/mnt/data1/srchowd3/FD-NL2SQL/data/table_derivation_ground_truths_table24/questions/control_drugs__row_424__In_Head_and_Neck_trials_with_chemotherapy_control_list_the_specific_cytotoxic_drugs_from_t/ground_truth_table.csv
row_432,432,control_drugs,"In Colorectal trials with chemotherapy control, list the specific cytotoxic drugs from the control regimen.",ok,,/mnt/data1/srchowd3/FD-NL2SQL/data/table_derivation_ground_truths_table24/questions/control_drugs__row_432__In_Colorectal_trials_with_chemotherapy_control_list_the_specific_cytotoxic_drugs_from_the,/mnt/data1/srchowd3/FD-NL2SQL/data/table_derivation_ground_truths_table24/questions/control_drugs__row_432__In_Colorectal_trials_with_chemotherapy_control_list_the_specific_cytotoxic_drugs_from_the/ground_truth_table.csv
row_25,25,endpoint_role,"In Melanoma trials, determine whether the listed endpoint is primary or secondary based on the endpoint text.",ok,,/mnt/data1/srchowd3/FD-NL2SQL/data/table_derivation_ground_truths_table24/questions/endpoint_role__row_25__In_Melanoma_trials_determine_whether_the_listed_endpoint_is_primary_or_secondary_based_on,/mnt/data1/srchowd3/FD-NL2SQL/data/table_derivation_ground_truths_table24/questions/endpoint_role__row_25__In_Melanoma_trials_determine_whether_the_listed_endpoint_is_primary_or_secondary_based_on/ground_truth_table.csv
row_28,28,endpoint_role,"In Breast trials, determine whether the listed endpoint is primary or secondary based on the endpoint text.",ok,,/mnt/data1/srchowd3/FD-NL2SQL/data/table_derivation_ground_truths_table24/questions/endpoint_role__row_28__In_Breast_trials_determine_whether_the_listed_endpoint_is_primary_or_secondary_based_on_th,/mnt/data1/srchowd3/FD-NL2SQL/data/table_derivation_ground_truths_table24/questions/endpoint_role__row_28__In_Breast_trials_determine_whether_the_listed_endpoint_is_primary_or_secondary_based_on_th/ground_truth_table.csv
row_29,29,endpoint_role,"In Colorectal trials, determine whether the listed endpoint is primary or secondary based on the endpoint text.",ok,,/mnt/data1/srchowd3/FD-NL2SQL/data/table_derivation_ground_truths_table24/questions/endpoint_role__row_29__In_Colorectal_trials_determine_whether_the_listed_endpoint_is_primary_or_secondary_based_o,/mnt/data1/srchowd3/FD-NL2SQL/data/table_derivation_ground_truths_table24/questions/endpoint_role__row_29__In_Colorectal_trials_determine_whether_the_listed_endpoint_is_primary_or_secondary_based_o/ground_truth_table.csv
row_105,105,endpoint_role,"In Pancreatic trials, determine whether the listed endpoint is primary or secondary based on the endpoint text.",ok,,/mnt/data1/srchowd3/FD-NL2SQL/data/table_derivation_ground_truths_table24/questions/endpoint_role__row_105__In_Pancreatic_trials_determine_whether_the_listed_endpoint_is_primary_or_secondary_based_o,/mnt/data1/srchowd3/FD-NL2SQL/data/table_derivation_ground_truths_table24/questions/endpoint_role__row_105__In_Pancreatic_trials_determine_whether_the_listed_endpoint_is_primary_or_secondary_based_o/ground_truth_table.csv
row_106,106,endpoint_role,"In Small Cell Lung trials, determine whether the listed endpoint is primary or secondary based on the endpoint text.",ok,,/mnt/data1/srchowd3/FD-NL2SQL/data/table_derivation_ground_truths_table24/questions/endpoint_role__row_106__In_Small_Cell_Lung_trials_determine_whether_the_listed_endpoint_is_primary_or_secondary_ba,/mnt/data1/srchowd3/FD-NL2SQL/data/table_derivation_ground_truths_table24/questions/endpoint_role__row_106__In_Small_Cell_Lung_trials_determine_whether_the_listed_endpoint_is_primary_or_secondary_ba/ground_truth_table.csv
row_116,116,endpoint_role,"In Hepatocellular trials, determine whether the listed endpoint is primary or secondary based on the endpoint text.",ok,,/mnt/data1/srchowd3/FD-NL2SQL/data/table_derivation_ground_truths_table24/questions/endpoint_role__row_116__In_Hepatocellular_trials_determine_whether_the_listed_endpoint_is_primary_or_secondary_bas,/mnt/data1/srchowd3/FD-NL2SQL/data/table_derivation_ground_truths_table24/questions/endpoint_role__row_116__In_Hepatocellular_trials_determine_whether_the_listed_endpoint_is_primary_or_secondary_bas/ground_truth_table.csv
row_150,150,endpoint_role,"In Mesothelioma trials, determine whether the listed endpoint is primary or secondary based on the endpoint text.",ok,,/mnt/data1/srchowd3/FD-NL2SQL/data/table_derivation_ground_truths_table24/questions/endpoint_role__row_150__In_Mesothelioma_trials_determine_whether_the_listed_endpoint_is_primary_or_secondary_based,/mnt/data1/srchowd3/FD-NL2SQL/data/table_derivation_ground_truths_table24/questions/endpoint_role__row_150__In_Mesothelioma_trials_determine_whether_the_listed_endpoint_is_primary_or_secondary_based/ground_truth_table.csv
row_152,152,endpoint_role,"In Prostate trials, determine whether the listed endpoint is primary or secondary based on the endpoint text.",ok,,/mnt/data1/srchowd3/FD-NL2SQL/data/table_derivation_ground_truths_table24/questions/endpoint_role__row_152__In_Prostate_trials_determine_whether_the_listed_endpoint_is_primary_or_secondary_based_on,/mnt/data1/srchowd3/FD-NL2SQL/data/table_derivation_ground_truths_table24/questions/endpoint_role__row_152__In_Prostate_trials_determine_whether_the_listed_endpoint_is_primary_or_secondary_based_on/ground_truth_table.csv
row_179,179,endpoint_role,"In Gastric/GEJ trials, determine whether the listed endpoint is primary or secondary based on the endpoint text.",ok,,/mnt/data1/srchowd3/FD-NL2SQL/data/table_derivation_ground_truths_table24/questions/endpoint_role__row_179__In_Gastric_GEJ_trials_determine_whether_the_listed_endpoint_is_primary_or_secondary_based,/mnt/data1/srchowd3/FD-NL2SQL/data/table_derivation_ground_truths_table24/questions/endpoint_role__row_179__In_Gastric_GEJ_trials_determine_whether_the_listed_endpoint_is_primary_or_secondary_based/ground_truth_table.csv
row_248,248,endpoint_role,"In Renal cell trials, determine whether the listed endpoint is primary or secondary based on the endpoint text.",ok,,/mnt/data1/srchowd3/FD-NL2SQL/data/table_derivation_ground_truths_table24/questions/endpoint_role__row_248__In_Renal_cell_trials_determine_whether_the_listed_endpoint_is_primary_or_secondary_based_o,/mnt/data1/srchowd3/FD-NL2SQL/data/table_derivation_ground_truths_table24/questions/endpoint_role__row_248__In_Renal_cell_trials_determine_whether_the_listed_endpoint_is_primary_or_secondary_based_o/ground_truth_table.csv
row_302,302,endpoint_role,"In Non-Small Cell Lung trials, determine whether the listed endpoint is primary or secondary based on the endpoint text.",ok,,/mnt/data1/srchowd3/FD-NL2SQL/data/table_derivation_ground_truths_table24/questions/endpoint_role__row_302__In_Non_Small_Cell_Lung_trials_determine_whether_the_listed_endpoint_is_primary_or_secondar,/mnt/data1/srchowd3/FD-NL2SQL/data/table_derivation_ground_truths_table24/questions/endpoint_role__row_302__In_Non_Small_Cell_Lung_trials_determine_whether_the_listed_endpoint_is_primary_or_secondar/ground_truth_table.csv
row_312,312,endpoint_role,"In Bladder trials, determine whether the listed endpoint is primary or secondary based on the endpoint text.",ok,,/mnt/data1/srchowd3/FD-NL2SQL/data/table_derivation_ground_truths_table24/questions/endpoint_role__row_312__In_Bladder_trials_determine_whether_the_listed_endpoint_is_primary_or_secondary_based_on_t,/mnt/data1/srchowd3/FD-NL2SQL/data/table_derivation_ground_truths_table24/questions/endpoint_role__row_312__In_Bladder_trials_determine_whether_the_listed_endpoint_is_primary_or_secondary_based_on_t/ground_truth_table.csv
row_321,321,endpoint_role,"In NSCLC trials, determine whether the listed endpoint is primary or secondary based on the endpoint text.",ok,,/mnt/data1/srchowd3/FD-NL2SQL/data/table_derivation_ground_truths_table24/questions/endpoint_role__row_321__In_NSCLC_trials_determine_whether_the_listed_endpoint_is_primary_or_secondary_based_on_the,/mnt/data1/srchowd3/FD-NL2SQL/data/table_derivation_ground_truths_table24/questions/endpoint_role__row_321__In_NSCLC_trials_determine_whether_the_listed_endpoint_is_primary_or_secondary_based_on_the/ground_truth_table.csv
row_339,339,endpoint_role,"In Esophageal/GEJ trials, determine whether the listed endpoint is primary or secondary based on the endpoint text.",ok,,/mnt/data1/srchowd3/FD-NL2SQL/data/table_derivation_ground_truths_table24/questions/endpoint_role__row_339__In_Esophageal_GEJ_trials_determine_whether_the_listed_endpoint_is_primary_or_secondary_bas,/mnt/data1/srchowd3/FD-NL2SQL/data/table_derivation_ground_truths_table24/questions/endpoint_role__row_339__In_Esophageal_GEJ_trials_determine_whether_the_listed_endpoint_is_primary_or_secondary_bas/ground_truth_table.csv
row_362,362,endpoint_role,"In Head and Neck trials, determine whether the listed endpoint is primary or secondary based on the endpoint text.",ok,,/mnt/data1/srchowd3/FD-NL2SQL/data/table_derivation_ground_truths_table24/questions/endpoint_role__row_362__In_Head_and_Neck_trials_determine_whether_the_listed_endpoint_is_primary_or_secondary_base,/mnt/data1/srchowd3/FD-NL2SQL/data/table_derivation_ground_truths_table24/questions/endpoint_role__row_362__In_Head_and_Neck_trials_determine_whether_the_listed_endpoint_is_primary_or_secondary_base/ground_truth_table.csv
row_418,418,endpoint_role,"In Hodgkin Lymphoma trials, determine whether the listed endpoint is primary or secondary based on the endpoint text.",ok,,/mnt/data1/srchowd3/FD-NL2SQL/data/table_derivation_ground_truths_table24/questions/endpoint_role__row_418__In_Hodgkin_Lymphoma_trials_determine_whether_the_listed_endpoint_is_primary_or_secondary_b,/mnt/data1/srchowd3/FD-NL2SQL/data/table_derivation_ground_truths_table24/questions/endpoint_role__row_418__In_Hodgkin_Lymphoma_trials_determine_whether_the_listed_endpoint_is_primary_or_secondary_b/ground_truth_table.csv
row_436,436,endpoint_role,"In Urothelial trials, determine whether the listed endpoint is primary or secondary based on the endpoint text.",ok,,/mnt/data1/srchowd3/FD-NL2SQL/data/table_derivation_ground_truths_table24/questions/endpoint_role__row_436__In_Urothelial_trials_determine_whether_the_listed_endpoint_is_primary_or_secondary_based_o,/mnt/data1/srchowd3/FD-NL2SQL/data/table_derivation_ground_truths_table24/questions/endpoint_role__row_436__In_Urothelial_trials_determine_whether_the_listed_endpoint_is_primary_or_secondary_based_o/ground_truth_table.csv
row_469,469,endpoint_role,"In Multiple Myeloma trials, determine whether the listed endpoint is primary or secondary based on the endpoint text.",ok,,/mnt/data1/srchowd3/FD-NL2SQL/data/table_derivation_ground_truths_table24/questions/endpoint_role__row_469__In_Multiple_Myeloma_trials_determine_whether_the_listed_endpoint_is_primary_or_secondary_b,/mnt/data1/srchowd3/FD-NL2SQL/data/table_derivation_ground_truths_table24/questions/endpoint_role__row_469__In_Multiple_Myeloma_trials_determine_whether_the_listed_endpoint_is_primary_or_secondary_b/ground_truth_table.csv
row_8,8,era,"For Atezolizumab trials, bucket the publication year into: ≤2014, 2015–2018, ≥2019.",ok,,/mnt/data1/srchowd3/FD-NL2SQL/data/table_derivation_ground_truths_table24/questions/era__row_8__For_Atezolizumab_trials_bucket_the_publication_year_into_2014_2015_2018_2019,/mnt/data1/srchowd3/FD-NL2SQL/data/table_derivation_ground_truths_table24/questions/era__row_8__For_Atezolizumab_trials_bucket_the_publication_year_into_2014_2015_2018_2019/ground_truth_table.csv
row_57,57,era,"For Durvalumab, Tremelimumab trials, bucket the publication year into: ≤2014, 2015–2018, ≥2019.",ok,,/mnt/data1/srchowd3/FD-NL2SQL/data/table_derivation_ground_truths_table24/questions/era__row_57__For_Durvalumab_Tremelimumab_trials_bucket_the_publication_year_into_2014_2015_2018_2019,/mnt/data1/srchowd3/FD-NL2SQL/data/table_derivation_ground_truths_table24/questions/era__row_57__For_Durvalumab_Tremelimumab_trials_bucket_the_publication_year_into_2014_2015_2018_2019/ground_truth_table.csv
row_142,142,era,"For Atezolizumab+Trastuzumab emtansine+Placebo trials, bucket the publication year into: ≤2014, 2015–2018, ≥2019.",ok,,/mnt/data1/srchowd3/FD-NL2SQL/data/table_derivation_ground_truths_table24/questions/era__row_142__For_Atezolizumab_Trastuzumab_emtansine_Placebo_trials_bucket_the_publication_year_into_201,/mnt/data1/srchowd3/FD-NL2SQL/data/table_derivation_ground_truths_table24/questions/era__row_142__For_Atezolizumab_Trastuzumab_emtansine_Placebo_trials_bucket_the_publication_year_into_201/ground_truth_table.csv
row_191,191,era,"For Brentuximab-vedotin trials, bucket the publication year into: ≤2014, 2015–2018, ≥2019.",ok,,/mnt/data1/srchowd3/FD-NL2SQL/data/table_derivation_ground_truths_table24/questions/era__row_191__For_Brentuximab_vedotin_trials_bucket_the_publication_year_into_2014_2015_2018_2019,/mnt/data1/srchowd3/FD-NL2SQL/data/table_derivation_ground_truths_table24/questions/era__row_191__For_Brentuximab_vedotin_trials_bucket_the_publication_year_into_2014_2015_2018_2019/ground_truth_table.csv
row_224,224,era,"For Durvalumab trials, bucket the publication year into: ≤2014, 2015–2018, ≥2019.",ok,,/mnt/data1/srchowd3/FD-NL2SQL/data/table_derivation_ground_truths_table24/questions/era__row_224__For_Durvalumab_trials_bucket_the_publication_year_into_2014_2015_2018_2019,/mnt/data1/srchowd3/FD-NL2SQL/data/table_derivation_ground_truths_table24/questions/era__row_224__For_Durvalumab_trials_bucket_the_publication_year_into_2014_2015_2018_2019/ground_truth_table.csv
row_264,264,era,"For Ipilimumab trials, bucket the publication year into: ≤2014, 2015–2018, ≥2019.",ok,,/mnt/data1/srchowd3/FD-NL2SQL/data/table_derivation_ground_truths_table24/questions/era__row_264__For_Ipilimumab_trials_bucket_the_publication_year_into_2014_2015_2018_2019,/mnt/data1/srchowd3/FD-NL2SQL/data/table_derivation_ground_truths_table24/questions/era__row_264__For_Ipilimumab_trials_bucket_the_publication_year_into_2014_2015_2018_2019/ground_truth_table.csv
row_294,294,era,"For Cemiplimab trials, bucket the publication year into: ≤2014, 2015–2018, ≥2019.",ok,,/mnt/data1/srchowd3/FD-NL2SQL/data/table_derivation_ground_truths_table24/questions/era__row_294__For_Cemiplimab_trials_bucket_the_publication_year_into_2014_2015_2018_2019,/mnt/data1/srchowd3/FD-NL2SQL/data/table_derivation_ground_truths_table24/questions/era__row_294__For_Cemiplimab_trials_bucket_the_publication_year_into_2014_2015_2018_2019/ground_truth_table.csv
row_326,326,era,"For Tremelimumab trials, bucket the publication year into: ≤2014, 2015–2018, ≥2019.",ok,,/mnt/data1/srchowd3/FD-NL2SQL/data/table_derivation_ground_truths_table24/questions/era__row_326__For_Tremelimumab_trials_bucket_the_publication_year_into_2014_2015_2018_2019,/mnt/data1/srchowd3/FD-NL2SQL/data/table_derivation_ground_truths_table24/questions/era__row_326__For_Tremelimumab_trials_bucket_the_publication_year_into_2014_2015_2018_2019/ground_truth_table.csv
row_368,368,era,"For Nivolumab, Ipilimumab trials, bucket the publication year into: ≤2014, 2015–2018, ≥2019.",ok,,/mnt/data1/srchowd3/FD-NL2SQL/data/table_derivation_ground_truths_table24/questions/era__row_368__For_Nivolumab_Ipilimumab_trials_bucket_the_publication_year_into_2014_2015_2018_2019,/mnt/data1/srchowd3/FD-NL2SQL/data/table_derivation_ground_truths_table24/questions/era__row_368__For_Nivolumab_Ipilimumab_trials_bucket_the_publication_year_into_2014_2015_2018_2019/ground_truth_table.csv
row_400,400,era,"For Pembrolizumab trials, bucket the publication year into: ≤2014, 2015–2018, ≥2019.",ok,,/mnt/data1/srchowd3/FD-NL2SQL/data/table_derivation_ground_truths_table24/questions/era__row_400__For_Pembrolizumab_trials_bucket_the_publication_year_into_2014_2015_2018_2019,/mnt/data1/srchowd3/FD-NL2SQL/data/table_derivation_ground_truths_table24/questions/era__row_400__For_Pembrolizumab_trials_bucket_the_publication_year_into_2014_2015_2018_2019/ground_truth_table.csv
row_405,405,era,"For Chemotherapy trials, bucket the publication year into: ≤2014, 2015–2018, ≥2019.",ok,,/mnt/data1/srchowd3/FD-NL2SQL/data/table_derivation_ground_truths_table24/questions/era__row_405__For_Chemotherapy_trials_bucket_the_publication_year_into_2014_2015_2018_2019,/mnt/data1/srchowd3/FD-NL2SQL/data/table_derivation_ground_truths_table24/questions/era__row_405__For_Chemotherapy_trials_bucket_the_publication_year_into_2014_2015_2018_2019/ground_truth_table.csv
row_448,448,era,"For Nivolumab trials, bucket the publication year into: ≤2014, 2015–2018, ≥2019.",ok,,/mnt/data1/srchowd3/FD-NL2SQL/data/table_derivation_ground_truths_table24/questions/era__row_448__For_Nivolumab_trials_bucket_the_publication_year_into_2014_2015_2018_2019,/mnt/data1/srchowd3/FD-NL2SQL/data/table_derivation_ground_truths_table24/questions/era__row_448__For_Nivolumab_trials_bucket_the_publication_year_into_2014_2015_2018_2019/ground_truth_table.csv
row_476,476,era,"For Avelumab trials, bucket the publication year into: ≤2014, 2015–2018, ≥2019.",ok,,/mnt/data1/srchowd3/FD-NL2SQL/data/table_derivation_ground_truths_table24/questions/era__row_476__For_Avelumab_trials_bucket_the_publication_year_into_2014_2015_2018_2019,/mnt/data1/srchowd3/FD-NL2SQL/data/table_derivation_ground_truths_table24/questions/era__row_476__For_Avelumab_trials_bucket_the_publication_year_into_2014_2015_2018_2019/ground_truth_table.csv
row_16,16,irAE_assessed,"In Head and Neck trials, from the secondary endpoint text flag if immune-related adverse events (irAEs) were explicitly assessed.",ok,,/mnt/data1/srchowd3/FD-NL2SQL/data/table_derivation_ground_truths_table24/questions/irAE_assessed__row_16__In_Head_and_Neck_trials_from_the_secondary_endpoint_text_flag_if_immune_related_adverse_ev,/mnt/data1/srchowd3/FD-NL2SQL/data/table_derivation_ground_truths_table24/questions/irAE_assessed__row_16__In_Head_and_Neck_trials_from_the_secondary_endpoint_text_flag_if_immune_related_adverse_ev/ground_truth_table.csv
row_56,56,irAE_assessed,"In Multiple Myeloma trials, from the secondary endpoint text flag if immune-related adverse events (irAEs) were explicitly assessed.",ok,,/mnt/data1/srchowd3/FD-NL2SQL/data/table_derivation_ground_truths_table24/questions/irAE_assessed__row_56__In_Multiple_Myeloma_trials_from_the_secondary_endpoint_text_flag_if_immune_related_adverse,/mnt/data1/srchowd3/FD-NL2SQL/data/table_derivation_ground_truths_table24/questions/irAE_assessed__row_56__In_Multiple_Myeloma_trials_from_the_secondary_endpoint_text_flag_if_immune_related_adverse/ground_truth_table.csv
row_70,70,irAE_assessed,"In Mesothelioma trials, from the secondary endpoint text flag if immune-related adverse events (irAEs) were explicitly assessed.",ok,,/mnt/data1/srchowd3/FD-NL2SQL/data/table_derivation_ground_truths_table24/questions/irAE_assessed__row_70__In_Mesothelioma_trials_from_the_secondary_endpoint_text_flag_if_immune_related_adverse_eve,/mnt/data1/srchowd3/FD-NL2SQL/data/table_derivation_ground_truths_table24/questions/irAE_assessed__row_70__In_Mesothelioma_trials_from_the_secondary_endpoint_text_flag_if_immune_related_adverse_eve/ground_truth_table.csv
row_79,79,irAE_assessed,"In Pancreatic trials, from the secondary endpoint text flag if immune-related adverse events (irAEs) were explicitly assessed.",ok,,/mnt/data1/srchowd3/FD-NL2SQL/data/table_derivation_ground_truths_table24/questions/irAE_assessed__row_79__In_Pancreatic_trials_from_the_secondary_endpoint_text_flag_if_immune_related_adverse_event,/mnt/data1/srchowd3/FD-NL2SQL/data/table_derivation_ground_truths_table24/questions/irAE_assessed__row_79__In_Pancreatic_trials_from_the_secondary_endpoint_text_flag_if_immune_related_adverse_event/ground_truth_table.csv
row_104,104,irAE_assessed,"In Renal cell trials, from the secondary endpoint text flag if immune-related adverse events (irAEs) were explicitly assessed.",ok,,/mnt/data1/srchowd3/FD-NL2SQL/data/table_derivation_ground_truths_table24/questions/irAE_assessed__row_104__In_Renal_cell_trials_from_the_secondary_endpoint_text_flag_if_immune_related_adverse_event,/mnt/data1/srchowd3/FD-NL2SQL/data/table_derivation_ground_truths_table24/questions/irAE_assessed__row_104__In_Renal_cell_trials_from_the_secondary_endpoint_text_flag_if_immune_related_adverse_event/ground_truth_table.csv
row_138,138,irAE_assessed,"In Breast trials, from the secondary endpoint text flag if immune-related adverse events (irAEs) were explicitly assessed.",ok,,/mnt/data1/srchowd3/FD-NL2SQL/data/table_derivation_ground_truths_table24/questions/irAE_assessed__row_138__In_Breast_trials_from_the_secondary_endpoint_text_flag_if_immune_related_adverse_events_ir,/mnt/data1/srchowd3/FD-NL2SQL/data/table_derivation_ground_truths_table24/questions/irAE_assessed__row_138__In_Breast_trials_from_the_secondary_endpoint_text_flag_if_immune_related_adverse_events_ir/ground_truth_table.csv
row_186,186,irAE_assessed,"In Hepatocellular trials, from the secondary endpoint text flag if immune-related adverse events (irAEs) were explicitly assessed.",ok,,/mnt/data1/srchowd3/FD-NL2SQL/data/table_derivation_ground_truths_table24/questions/irAE_assessed__row_186__In_Hepatocellular_trials_from_the_secondary_endpoint_text_flag_if_immune_related_adverse_e,/mnt/data1/srchowd3/FD-NL2SQL/data/table_derivation_ground_truths_table24/questions/irAE_assessed__row_186__In_Hepatocellular_trials_from_the_secondary_endpoint_text_flag_if_immune_related_adverse_e/ground_truth_table.csv
row_209,209,irAE_assessed,"In Prostate trials, from the secondary endpoint text flag if immune-related adverse events (irAEs) were explicitly assessed.",ok,,/mnt/data1/srchowd3/FD-NL2SQL/data/table_derivation_ground_truths_table24/questions/irAE_assessed__row_209__In_Prostate_trials_from_the_secondary_endpoint_text_flag_if_immune_related_adverse_events,/mnt/data1/srchowd3/FD-NL2SQL/data/table_derivation_ground_truths_table24/questions/irAE_assessed__row_209__In_Prostate_trials_from_the_secondary_endpoint_text_flag_if_immune_related_adverse_events/ground_truth_table.csv
row_324,324,irAE_assessed,"In Esophageal/GEJ trials, from the secondary endpoint text flag if immune-related adverse events (irAEs) were explicitly assessed.",ok,,/mnt/data1/srchowd3/FD-NL2SQL/data/table_derivation_ground_truths_table24/questions/irAE_assessed__row_324__In_Esophageal_GEJ_trials_from_the_secondary_endpoint_text_flag_if_immune_related_adverse_e,/mnt/data1/srchowd3/FD-NL2SQL/data/table_derivation_ground_truths_table24/questions/irAE_assessed__row_324__In_Esophageal_GEJ_trials_from_the_secondary_endpoint_text_flag_if_immune_related_adverse_e/ground_truth_table.csv
row_327,327,irAE_assessed,"In Urothelial trials, from the secondary endpoint text flag if immune-related adverse events (irAEs) were explicitly assessed.",ok,,/mnt/data1/srchowd3/FD-NL2SQL/data/table_derivation_ground_truths_table24/questions/irAE_assessed__row_327__In_Urothelial_trials_from_the_secondary_endpoint_text_flag_if_immune_related_adverse_event,/mnt/data1/srchowd3/FD-NL2SQL/data/table_derivation_ground_truths_table24/questions/irAE_assessed__row_327__In_Urothelial_trials_from_the_secondary_endpoint_text_flag_if_immune_related_adverse_event/ground_truth_table.csv
row_329,329,irAE_assessed,"In Melanoma trials, from the secondary endpoint text flag if immune-related adverse events (irAEs) were explicitly assessed.",ok,,/mnt/data1/srchowd3/FD-NL2SQL/data/table_derivation_ground_truths_table24/questions/irAE_assessed__row_329__In_Melanoma_trials_from_the_secondary_endpoint_text_flag_if_immune_related_adverse_events,/mnt/data1/srchowd3/FD-NL2SQL/data/table_derivation_ground_truths_table24/questions/irAE_assessed__row_329__In_Melanoma_trials_from_the_secondary_endpoint_text_flag_if_immune_related_adverse_events/ground_truth_table.csv
row_346,346,irAE_assessed,"In NSCLC trials, from the secondary endpoint text flag if immune-related adverse events (irAEs) were explicitly assessed.",ok,,/mnt/data1/srchowd3/FD-NL2SQL/data/table_derivation_ground_truths_table24/questions/irAE_assessed__row_346__In_NSCLC_trials_from_the_secondary_endpoint_text_flag_if_immune_related_adverse_events_irA,/mnt/data1/srchowd3/FD-NL2SQL/data/table_derivation_ground_truths_table24/questions/irAE_assessed__row_346__In_NSCLC_trials_from_the_secondary_endpoint_text_flag_if_immune_related_adverse_events_irA/ground_truth_table.csv
row_457,457,irAE_assessed,"In Colorectal trials, from the secondary endpoint text flag if immune-related adverse events (irAEs) were explicitly assessed.",ok,,/mnt/data1/srchowd3/FD-NL2SQL/data/table_derivation_ground_truths_table24/questions/irAE_assessed__row_457__In_Colorectal_trials_from_the_secondary_endpoint_text_flag_if_immune_related_adverse_event,/mnt/data1/srchowd3/FD-NL2SQL/data/table_derivation_ground_truths_table24/questions/irAE_assessed__row_457__In_Colorectal_trials_from_the_secondary_endpoint_text_flag_if_immune_related_adverse_event/ground_truth_table.csv
row_500,500,irAE_assessed,"In Bladder trials, from the secondary endpoint text flag if immune-related adverse events (irAEs) were explicitly assessed.",ok,,/mnt/data1/srchowd3/FD-NL2SQL/data/table_derivation_ground_truths_table24/questions/irAE_assessed__row_500__In_Bladder_trials_from_the_secondary_endpoint_text_flag_if_immune_related_adverse_events_i,/mnt/data1/srchowd3/FD-NL2SQL/data/table_derivation_ground_truths_table24/questions/irAE_assessed__row_500__In_Bladder_trials_from_the_secondary_endpoint_text_flag_if_immune_related_adverse_events_i/ground_truth_table.csv
row_501,501,irAE_assessed,"In Gastric/GEJ trials, from the secondary endpoint text flag if immune-related adverse events (irAEs) were explicitly assessed.",ok,,/mnt/data1/srchowd3/FD-NL2SQL/data/table_derivation_ground_truths_table24/questions/irAE_assessed__row_501__In_Gastric_GEJ_trials_from_the_secondary_endpoint_text_flag_if_immune_related_adverse_even,/mnt/data1/srchowd3/FD-NL2SQL/data/table_derivation_ground_truths_table24/questions/irAE_assessed__row_501__In_Gastric_GEJ_trials_from_the_secondary_endpoint_text_flag_if_immune_related_adverse_even/ground_truth_table.csv
row_4,4,is_combination,"In Prostate trials, convert 'Type of therapy' into is_combination = true/false.",ok,,/mnt/data1/srchowd3/FD-NL2SQL/data/table_derivation_ground_truths_table24/questions/is_combination__row_4__In_Prostate_trials_convert_Type_of_therapy_into_is_combination_true_false,/mnt/data1/srchowd3/FD-NL2SQL/data/table_derivation_ground_truths_table24/questions/is_combination__row_4__In_Prostate_trials_convert_Type_of_therapy_into_is_combination_true_false/ground_truth_table.csv
row_35,35,is_combination,"In Pancreatic trials, convert 'Type of therapy' into is_combination = true/false.",ok,,/mnt/data1/srchowd3/FD-NL2SQL/data/table_derivation_ground_truths_table24/questions/is_combination__row_35__In_Pancreatic_trials_convert_Type_of_therapy_into_is_combination_true_false,/mnt/data1/srchowd3/FD-NL2SQL/data/table_derivation_ground_truths_table24/questions/is_combination__row_35__In_Pancreatic_trials_convert_Type_of_therapy_into_is_combination_true_false/ground_truth_table.csv
row_60,60,is_combination,"In Gastric/GEJ trials, convert 'Type of therapy' into is_combination = true/false.",ok,,/mnt/data1/srchowd3/FD-NL2SQL/data/table_derivation_ground_truths_table24/questions/is_combination__row_60__In_Gastric_GEJ_trials_convert_Type_of_therapy_into_is_combination_true_false,/mnt/data1/srchowd3/FD-NL2SQL/data/table_derivation_ground_truths_table24/questions/is_combination__row_60__In_Gastric_GEJ_trials_convert_Type_of_therapy_into_is_combination_true_false/ground_truth_table.csv
row_93,93,is_combination,"In NSCLC trials, convert 'Type of therapy' into is_combination = true/false.",ok,,/mnt/data1/srchowd3/FD-NL2SQL/data/table_derivation_ground_truths_table24/questions/is_combination__row_93__In_NSCLC_trials_convert_Type_of_therapy_into_is_combination_true_false,/mnt/data1/srchowd3/FD-NL2SQL/data/table_derivation_ground_truths_table24/questions/is_combination__row_93__In_NSCLC_trials_convert_Type_of_therapy_into_is_combination_true_false/ground_truth_table.csv
row_125,125,is_combination,"In Hodgkin Lymphoma trials, convert 'Type of therapy' into is_combination = true/false.",ok,,/mnt/data1/srchowd3/FD-NL2SQL/data/table_derivation_ground_truths_table24/questions/is_combination__row_125__In_Hodgkin_Lymphoma_trials_convert_Type_of_therapy_into_is_combination_true_false,/mnt/data1/srchowd3/FD-NL2SQL/data/table_derivation_ground_truths_table24/questions/is_combination__row_125__In_Hodgkin_Lymphoma_trials_convert_Type_of_therapy_into_is_combination_true_false/ground_truth_table.csv
row_126,126,is_combination,"In Breast trials, convert 'Type of therapy' into is_combination = true/false.",ok,,/mnt/data1/srchowd3/FD-NL2SQL/data/table_derivation_ground_truths_table24/questions/is_combination__row_126__In_Breast_trials_convert_Type_of_therapy_into_is_combination_true_false,/mnt/data1/srchowd3/FD-NL2SQL/data/table_derivation_ground_truths_table24/questions/is_combination__row_126__In_Breast_trials_convert_Type_of_therapy_into_is_combination_true_false/ground_truth_table.csv
row_180,180,is_combination,"In Mesothelioma trials, convert 'Type of therapy' into is_combination = true/false.",ok,,/mnt/data1/srchowd3/FD-NL2SQL/data/table_derivation_ground_truths_table24/questions/is_combination__row_180__In_Mesothelioma_trials_convert_Type_of_therapy_into_is_combination_true_false,/mnt/data1/srchowd3/FD-NL2SQL/data/table_derivation_ground_truths_table24/questions/is_combination__row_180__In_Mesothelioma_trials_convert_Type_of_therapy_into_is_combination_true_false/ground_truth_table.csv
row_205,205,is_combination,"In Urothelial trials, convert 'Type of therapy' into is_combination = true/false.",ok,,/mnt/data1/srchowd3/FD-NL2SQL/data/table_derivation_ground_truths_table24/questions/is_combination__row_205__In_Urothelial_trials_convert_Type_of_therapy_into_is_combination_true_false,/mnt/data1/srchowd3/FD-NL2SQL/data/table_derivation_ground_truths_table24/questions/is_combination__row_205__In_Urothelial_trials_convert_Type_of_therapy_into_is_combination_true_false/ground_truth_table.csv
row_215,215,is_combination,"In Colorectal trials, convert 'Type of therapy' into is_combination = true/false.",ok,,/mnt/data1/srchowd3/FD-NL2SQL/data/table_derivation_ground_truths_table24/questions/is_combination__row_215__In_Colorectal_trials_convert_Type_of_therapy_into_is_combination_true_false,/mnt/data1/srchowd3/FD-NL2SQL/data/table_derivation_ground_truths_table24/questions/is_combination__row_215__In_Colorectal_trials_convert_Type_of_therapy_into_is_combination_true_false/ground_truth_table.csv
row_233,233,is_combination,"In Melanoma trials, convert 'Type of therapy' into is_combination = true/false.",ok,,/mnt/data1/srchowd3/FD-NL2SQL/data/table_derivation_ground_truths_table24/questions/is_combination__row_233__In_Melanoma_trials_convert_Type_of_therapy_into_is_combination_true_false,/mnt/data1/srchowd3/FD-NL2SQL/data/table_derivation_ground_truths_table24/questions/is_combination__row_233__In_Melanoma_trials_convert_Type_of_therapy_into_is_combination_true_false/ground_truth_table.csv
row_261,261,is_combination,"In Hepatocellular trials, convert 'Type of therapy' into is_combination = true/false.",ok,,/mnt/data1/srchowd3/FD-NL2SQL/data/table_derivation_ground_truths_table24/questions/is_combination__row_261__In_Hepatocellular_trials_convert_Type_of_therapy_into_is_combination_true_false,/mnt/data1/srchowd3/FD-NL2SQL/data/table_derivation_ground_truths_table24/questions/is_combination__row_261__In_Hepatocellular_trials_convert_Type_of_therapy_into_is_combination_true_false/ground_truth_table.csv
row_336,336,is_combination,"In Non-Small Cell Lung trials, convert 'Type of therapy' into is_combination = true/false.",ok,,/mnt/data1/srchowd3/FD-NL2SQL/data/table_derivation_ground_truths_table24/questions/is_combination__row_336__In_Non_Small_Cell_Lung_trials_convert_Type_of_therapy_into_is_combination_true_false,/mnt/data1/srchowd3/FD-NL2SQL/data/table_derivation_ground_truths_table24/questions/is_combination__row_336__In_Non_Small_Cell_Lung_trials_convert_Type_of_therapy_into_is_combination_true_false/ground_truth_table.csv
row_343,343,is_combination,"In Small Cell Lung trials, convert 'Type of therapy' into is_combination = true/false.",ok,,/mnt/data1/srchowd3/FD-NL2SQL/data/table_derivation_ground_truths_table24/questions/is_combination__row_343__In_Small_Cell_Lung_trials_convert_Type_of_therapy_into_is_combination_true_false,/mnt/data1/srchowd3/FD-NL2SQL/data/table_derivation_ground_truths_table24/questions/is_combination__row_343__In_Small_Cell_Lung_trials_convert_Type_of_therapy_into_is_combination_true_false/ground_truth_table.csv
row_379,379,is_combination,"In Renal cell trials, convert 'Type of therapy' into is_combination = true/false.",ok,,/mnt/data1/srchowd3/FD-NL2SQL/data/table_derivation_ground_truths_table24/questions/is_combination__row_379__In_Renal_cell_trials_convert_Type_of_therapy_into_is_combination_true_false,/mnt/data1/srchowd3/FD-NL2SQL/data/table_derivation_ground_truths_table24/questions/is_combination__row_379__In_Renal_cell_trials_convert_Type_of_therapy_into_is_combination_true_false/ground_truth_table.csv
row_389,389,is_combination,"In Bladder trials, convert 'Type of therapy' into is_combination = true/false.",ok,,/mnt/data1/srchowd3/FD-NL2SQL/data/table_derivation_ground_truths_table24/questions/is_combination__row_389__In_Bladder_trials_convert_Type_of_therapy_into_is_combination_true_false,/mnt/data1/srchowd3/FD-NL2SQL/data/table_derivation_ground_truths_table24/questions/is_combination__row_389__In_Bladder_trials_convert_Type_of_therapy_into_is_combination_true_false/ground_truth_table.csv
row_395,395,is_combination,"In Head and Neck trials, convert 'Type of therapy' into is_combination = true/false.",ok,,/mnt/data1/srchowd3/FD-NL2SQL/data/table_derivation_ground_truths_table24/questions/is_combination__row_395__In_Head_and_Neck_trials_convert_Type_of_therapy_into_is_combination_true_false,/mnt/data1/srchowd3/FD-NL2SQL/data/table_derivation_ground_truths_table24/questions/is_combination__row_395__In_Head_and_Neck_trials_convert_Type_of_therapy_into_is_combination_true_false/ground_truth_table.csv
row_437,437,is_combination,"In Multiple Myeloma trials, convert 'Type of therapy' into is_combination = true/false.",ok,,/mnt/data1/srchowd3/FD-NL2SQL/data/table_derivation_ground_truths_table24/questions/is_combination__row_437__In_Multiple_Myeloma_trials_convert_Type_of_therapy_into_is_combination_true_false,/mnt/data1/srchowd3/FD-NL2SQL/data/table_derivation_ground_truths_table24/questions/is_combination__row_437__In_Multiple_Myeloma_trials_convert_Type_of_therapy_into_is_combination_true_false/ground_truth_table.csv
row_497,497,is_combination,"In Esophageal/GEJ trials, convert 'Type of therapy' into is_combination = true/false.",ok,,/mnt/data1/srchowd3/FD-NL2SQL/data/table_derivation_ground_truths_table24/questions/is_combination__row_497__In_Esophageal_GEJ_trials_convert_Type_of_therapy_into_is_combination_true_false,/mnt/data1/srchowd3/FD-NL2SQL/data/table_derivation_ground_truths_table24/questions/is_combination__row_497__In_Esophageal_GEJ_trials_convert_Type_of_therapy_into_is_combination_true_false/ground_truth_table.csv
row_3,3,is_follow_up,"In Esophageal/GEJ trials, convert 'Original/Follow up' status into a boolean is_follow_up.",ok,,/mnt/data1/srchowd3/FD-NL2SQL/data/table_derivation_ground_truths_table24/questions/is_follow_up__row_3__In_Esophageal_GEJ_trials_convert_Original_Follow_up_status_into_a_boolean_is_follow_up,/mnt/data1/srchowd3/FD-NL2SQL/data/table_derivation_ground_truths_table24/questions/is_follow_up__row_3__In_Esophageal_GEJ_trials_convert_Original_Follow_up_status_into_a_boolean_is_follow_up/ground_truth_table.csv
row_51,51,is_follow_up,"In Hodgkin Lymphoma trials, convert 'Original/Follow up' status into a boolean is_follow_up.",ok,,/mnt/data1/srchowd3/FD-NL2SQL/data/table_derivation_ground_truths_table24/questions/is_follow_up__row_51__In_Hodgkin_Lymphoma_trials_convert_Original_Follow_up_status_into_a_boolean_is_follow_up,/mnt/data1/srchowd3/FD-NL2SQL/data/table_derivation_ground_truths_table24/questions/is_follow_up__row_51__In_Hodgkin_Lymphoma_trials_convert_Original_Follow_up_status_into_a_boolean_is_follow_up/ground_truth_table.csv
row_68,68,is_follow_up,"In Bladder trials, convert 'Original/Follow up' status into a boolean is_follow_up.",ok,,/mnt/data1/srchowd3/FD-NL2SQL/data/table_derivation_ground_truths_table24/questions/is_follow_up__row_68__In_Bladder_trials_convert_Original_Follow_up_status_into_a_boolean_is_follow_up,/mnt/data1/srchowd3/FD-NL2SQL/data/table_derivation_ground_truths_table24/questions/is_follow_up__row_68__In_Bladder_trials_convert_Original_Follow_up_status_into_a_boolean_is_follow_up/ground_truth_table.csv
row_75,75,is_follow_up,"In Colorectal trials, convert 'Original/Follow up' status into a boolean is_follow_up.",ok,,/mnt/data1/srchowd3/FD-NL2SQL/data/table_derivation_ground_truths_table24/questions/is_follow_up__row_75__In_Colorectal_trials_convert_Original_Follow_up_status_into_a_boolean_is_follow_up,/mnt/data1/srchowd3/FD-NL2SQL/data/table_derivation_ground_truths_table24/questions/is_follow_up__row_75__In_Colorectal_trials_convert_Original_Follow_up_status_into_a_boolean_is_follow_up/ground_truth_table.csv
row_92,92,is_follow_up,"In Mesothelioma trials, convert 'Original/Follow up' status into a boolean is_follow_up.",ok,,/mnt/data1/srchowd3/FD-NL2SQL/data/table_derivation_ground_truths_table24/questions/is_follow_up__row_92__In_Mesothelioma_trials_convert_Original_Follow_up_status_into_a_boolean_is_follow_up,/mnt/data1/srchowd3/FD-NL2SQL/data/table_derivation_ground_truths_table24/questions/is_follow_up__row_92__In_Mesothelioma_trials_convert_Original_Follow_up_status_into_a_boolean_is_follow_up/ground_truth_table.csv
row_111,111,is_follow_up,"In Urothelial trials, convert 'Original/Follow up' status into a boolean is_follow_up.",ok,,/mnt/data1/srchowd3/FD-NL2SQL/data/table_derivation_ground_truths_table24/questions/is_follow_up__row_111__In_Urothelial_trials_convert_Original_Follow_up_status_into_a_boolean_is_follow_up,/mnt/data1/srchowd3/FD-NL2SQL/data/table_derivation_ground_truths_table24/questions/is_follow_up__row_111__In_Urothelial_trials_convert_Original_Follow_up_status_into_a_boolean_is_follow_up/ground_truth_table.csv
row_131,131,is_follow_up,"In Multiple Myeloma trials, convert 'Original/Follow up' status into a boolean is_follow_up.",ok,,/mnt/data1/srchowd3/FD-NL2SQL/data/table_derivation_ground_truths_table24/questions/is_follow_up__row_131__In_Multiple_Myeloma_trials_convert_Original_Follow_up_status_into_a_boolean_is_follow_up,/mnt/data1/srchowd3/FD-NL2SQL/data/table_derivation_ground_truths_table24/questions/is_follow_up__row_131__In_Multiple_Myeloma_trials_convert_Original_Follow_up_status_into_a_boolean_is_follow_up/ground_truth_table.csv
row_134,134,is_follow_up,"In Melanoma trials, convert 'Original/Follow up' status into a boolean is_follow_up.",ok,,/mnt/data1/srchowd3/FD-NL2SQL/data/table_derivation_ground_truths_table24/questions/is_follow_up__row_134__In_Melanoma_trials_convert_Original_Follow_up_status_into_a_boolean_is_follow_up,/mnt/data1/srchowd3/FD-NL2SQL/data/table_derivation_ground_truths_table24/questions/is_follow_up__row_134__In_Melanoma_trials_convert_Original_Follow_up_status_into_a_boolean_is_follow_up/ground_truth_table.csv
row_204,204,is_follow_up,"In Prostate trials, convert 'Original/Follow up' status into a boolean is_follow_up.",ok,,/mnt/data1/srchowd3/FD-NL2SQL/data/table_derivation_ground_truths_table24/questions/is_follow_up__row_204__In_Prostate_trials_convert_Original_Follow_up_status_into_a_boolean_is_follow_up,/mnt/data1/srchowd3/FD-NL2SQL/data/table_derivation_ground_truths_table24/questions/is_follow_up__row_204__In_Prostate_trials_convert_Original_Follow_up_status_into_a_boolean_is_follow_up/ground_truth_table.csv
row_254,254,is_follow_up,"In NSCLC trials, convert 'Original/Follow up' status into a boolean is_follow_up.",ok,,/mnt/data1/srchowd3/FD-NL2SQL/data/table_derivation_ground_truths_table24/questions/is_follow_up__row_254__In_NSCLC_trials_convert_Original_Follow_up_status_into_a_boolean_is_follow_up,/mnt/data1/srchowd3/FD-NL2SQL/data/table_derivation_ground_truths_table24/questions/is_follow_up__row_254__In_NSCLC_trials_convert_Original_Follow_up_status_into_a_boolean_is_follow_up/ground_truth_table.csv
row_303,303,is_follow_up,"In Breast trials, convert 'Original/Follow up' status into a boolean is_follow_up.",ok,,/mnt/data1/srchowd3/FD-NL2SQL/data/table_derivation_ground_truths_table24/questions/is_follow_up__row_303__In_Breast_trials_convert_Original_Follow_up_status_into_a_boolean_is_follow_up,/mnt/data1/srchowd3/FD-NL2SQL/data/table_derivation_ground_truths_table24/questions/is_follow_up__row_303__In_Breast_trials_convert_Original_Follow_up_status_into_a_boolean_is_follow_up/ground_truth_table.csv
row_305,305,is_follow_up,"In Small Cell Lung trials, convert 'Original/Follow up' status into a boolean is_follow_up.",ok,,/mnt/data1/srchowd3/FD-NL2SQL/data/table_derivation_ground_truths_table24/questions/is_follow_up__row_305__In_Small_Cell_Lung_trials_convert_Original_Follow_up_status_into_a_boolean_is_follow_up,/mnt/data1/srchowd3/FD-NL2SQL/data/table_derivation_ground_truths_table24/questions/is_follow_up__row_305__In_Small_Cell_Lung_trials_convert_Original_Follow_up_status_into_a_boolean_is_follow_up/ground_truth_table.csv
row_394,394,is_follow_up,"In Head and Neck trials, convert 'Original/Follow up' status into a boolean is_follow_up.",ok,,/mnt/data1/srchowd3/FD-NL2SQL/data/table_derivation_ground_truths_table24/questions/is_follow_up__row_394__In_Head_and_Neck_trials_convert_Original_Follow_up_status_into_a_boolean_is_follow_up,/mnt/data1/srchowd3/FD-NL2SQL/data/table_derivation_ground_truths_table24/questions/is_follow_up__row_394__In_Head_and_Neck_trials_convert_Original_Follow_up_status_into_a_boolean_is_follow_up/ground_truth_table.csv
row_403,403,is_follow_up,"In Gastric/GEJ trials, convert 'Original/Follow up' status into a boolean is_follow_up.",ok,,/mnt/data1/srchowd3/FD-NL2SQL/data/table_derivation_ground_truths_table24/questions/is_follow_up__row_403__In_Gastric_GEJ_trials_convert_Original_Follow_up_status_into_a_boolean_is_follow_up,/mnt/data1/srchowd3/FD-NL2SQL/data/table_derivation_ground_truths_table24/questions/is_follow_up__row_403__In_Gastric_GEJ_trials_convert_Original_Follow_up_status_into_a_boolean_is_follow_up/ground_truth_table.csv
row_412,412,is_follow_up,"In Pancreatic trials, convert 'Original/Follow up' status into a boolean is_follow_up.",ok,,/mnt/data1/srchowd3/FD-NL2SQL/data/table_derivation_ground_truths_table24/questions/is_follow_up__row_412__In_Pancreatic_trials_convert_Original_Follow_up_status_into_a_boolean_is_follow_up,/mnt/data1/srchowd3/FD-NL2SQL/data/table_derivation_ground_truths_table24/questions/is_follow_up__row_412__In_Pancreatic_trials_convert_Original_Follow_up_status_into_a_boolean_is_follow_up/ground_truth_table.csv
row_423,423,is_follow_up,"In Non-Small Cell Lung trials, convert 'Original/Follow up' status into a boolean is_follow_up.",ok,,/mnt/data1/srchowd3/FD-NL2SQL/data/table_derivation_ground_truths_table24/questions/is_follow_up__row_423__In_Non_Small_Cell_Lung_trials_convert_Original_Follow_up_status_into_a_boolean_is_follow_u,/mnt/data1/srchowd3/FD-NL2SQL/data/table_derivation_ground_truths_table24/questions/is_follow_up__row_423__In_Non_Small_Cell_Lung_trials_convert_Original_Follow_up_status_into_a_boolean_is_follow_u/ground_truth_table.csv
row_459,459,is_follow_up,"In Renal cell trials, convert 'Original/Follow up' status into a boolean is_follow_up.",ok,,/mnt/data1/srchowd3/FD-NL2SQL/data/table_derivation_ground_truths_table24/questions/is_follow_up__row_459__In_Renal_cell_trials_convert_Original_Follow_up_status_into_a_boolean_is_follow_up,/mnt/data1/srchowd3/FD-NL2SQL/data/table_derivation_ground_truths_table24/questions/is_follow_up__row_459__In_Renal_cell_trials_convert_Original_Follow_up_status_into_a_boolean_is_follow_up/ground_truth_table.csv
row_41,41,maturity,"In Hodgkin Lymphoma trials, classify overall follow-up maturity: 'mature' if ≥24 months, else 'immature' (or 'unknown' if missing).",ok,,/mnt/data1/srchowd3/FD-NL2SQL/data/table_derivation_ground_truths_table24/questions/maturity__row_41__In_Hodgkin_Lymphoma_trials_classify_overall_follow_up_maturity_mature_if_24_months_else_im,/mnt/data1/srchowd3/FD-NL2SQL/data/table_derivation_ground_truths_table24/questions/maturity__row_41__In_Hodgkin_Lymphoma_trials_classify_overall_follow_up_maturity_mature_if_24_months_else_im/ground_truth_table.csv
row_42,42,maturity,"In Head and Neck trials, classify overall follow-up maturity: 'mature' if ≥24 months, else 'immature' (or 'unknown' if missing).",ok,,/mnt/data1/srchowd3/FD-NL2SQL/data/table_derivation_ground_truths_table24/questions/maturity__row_42__In_Head_and_Neck_trials_classify_overall_follow_up_maturity_mature_if_24_months_else_immat,/mnt/data1/srchowd3/FD-NL2SQL/data/table_derivation_ground_truths_table24/questions/maturity__row_42__In_Head_and_Neck_trials_classify_overall_follow_up_maturity_mature_if_24_months_else_immat/ground_truth_table.csv
row_62,62,maturity,"In Bladder trials, classify overall follow-up maturity: 'mature' if ≥24 months, else 'immature' (or 'unknown' if missing).",ok,,/mnt/data1/srchowd3/FD-NL2SQL/data/table_derivation_ground_truths_table24/questions/maturity__row_62__In_Bladder_trials_classify_overall_follow_up_maturity_mature_if_24_months_else_immature_or,/mnt/data1/srchowd3/FD-NL2SQL/data/table_derivation_ground_truths_table24/questions/maturity__row_62__In_Bladder_trials_classify_overall_follow_up_maturity_mature_if_24_months_else_immature_or/ground_truth_table.csv
row_64,64,maturity,"In Colorectal trials, classify overall follow-up maturity: 'mature' if ≥24 months, else 'immature' (or 'unknown' if missing).",ok,,/mnt/data1/srchowd3/FD-NL2SQL/data/table_derivation_ground_truths_table24/questions/maturity__row_64__In_Colorectal_trials_classify_overall_follow_up_maturity_mature_if_24_months_else_immature,/mnt/data1/srchowd3/FD-NL2SQL/data/table_derivation_ground_truths_table24/questions/maturity__row_64__In_Colorectal_trials_classify_overall_follow_up_maturity_mature_if_24_months_else_immature/ground_truth_table.csv
row_73,73,maturity,"In Mesothelioma trials, classify overall follow-up maturity: 'mature' if ≥24 months, else 'immature' (or 'unknown' if missing).",ok,,/mnt/data1/srchowd3/FD-NL2SQL/data/table_derivation_ground_truths_table24/questions/maturity__row_73__In_Mesothelioma_trials_classify_overall_follow_up_maturity_mature_if_24_months_else_immatu,/mnt/data1/srchowd3/FD-NL2SQL/data/table_derivation_ground_truths_table24/questions/maturity__row_73__In_Mesothelioma_trials_classify_overall_follow_up_maturity_mature_if_24_months_else_immatu/ground_truth_table.csv
row_78,78,maturity,"In Pancreatic trials, classify overall follow-up maturity: 'mature' if ≥24 months, else 'immature' (or 'unknown' if missing).",ok,,/mnt/data1/srchowd3/FD-NL2SQL/data/table_derivation_ground_truths_table24/questions/maturity__row_78__In_Pancreatic_trials_classify_overall_follow_up_maturity_mature_if_24_months_else_immature,/mnt/data1/srchowd3/FD-NL2SQL/data/table_derivation_ground_truths_table24/questions/maturity__row_78__In_Pancreatic_trials_classify_overall_follow_up_maturity_mature_if_24_months_else_immature/ground_truth_table.csv
row_86,86,maturity,"In Esophageal/GEJ trials, classify overall follow-up maturity: 'mature' if ≥24 months, else 'immature' (or 'unknown' if missing).",ok,,/mnt/data1/srchowd3/FD-NL2SQL/data/table_derivation_ground_truths_table24/questions/maturity__row_86__In_Esophageal_GEJ_trials_classify_overall_follow_up_maturity_mature_if_24_months_else_imma,/mnt/data1/srchowd3/FD-NL2SQL/data/table_derivation_ground_truths_table24/questions/maturity__row_86__In_Esophageal_GEJ_trials_classify_overall_follow_up_maturity_mature_if_24_months_else_imma/ground_truth_table.csv
row_99,99,maturity,"In Breast trials, classify overall follow-up maturity: 'mature' if ≥24 months, else 'immature' (or 'unknown' if missing).",ok,,/mnt/data1/srchowd3/FD-NL2SQL/data/table_derivation_ground_truths_table24/questions/maturity__row_99__In_Breast_trials_classify_overall_follow_up_maturity_mature_if_24_months_else_immature_or,/mnt/data1/srchowd3/FD-NL2SQL/data/table_derivation_ground_truths_table24/questions/maturity__row_99__In_Breast_trials_classify_overall_follow_up_maturity_mature_if_24_months_else_immature_or/ground_truth_table.csv
row_121,121,maturity,"In Hepatocellular trials, classify overall follow-up maturity: 'mature' if ≥24 months, else 'immature' (or 'unknown' if missing).",ok,,/mnt/data1/srchowd3/FD-NL2SQL/data/table_derivation_ground_truths_table24/questions/maturity__row_121__In_Hepatocellular_trials_classify_overall_follow_up_maturity_mature_if_24_months_else_imma,/mnt/data1/srchowd3/FD-NL2SQL/data/table_derivation_ground_truths_table24/questions/maturity__row_121__In_Hepatocellular_trials_classify_overall_follow_up_maturity_mature_if_24_months_else_imma/ground_truth_table.csv
row_163,163,maturity,"In Melanoma trials, classify overall follow-up maturity: 'mature' if ≥24 months, else 'immature' (or 'unknown' if missing).",ok,,/mnt/data1/srchowd3/FD-NL2SQL/data/table_derivation_ground_truths_table24/questions/maturity__row_163__In_Melanoma_trials_classify_overall_follow_up_maturity_mature_if_24_months_else_immature_o,/mnt/data1/srchowd3/FD-NL2SQL/data/table_derivation_ground_truths_table24/questions/maturity__row_163__In_Melanoma_trials_classify_overall_follow_up_maturity_mature_if_24_months_else_immature_o/ground_truth_table.csv
row_176,176,maturity,"In Urothelial trials, classify overall follow-up maturity: 'mature' if ≥24 months, else 'immature' (or 'unknown' if missing).",ok,,/mnt/data1/srchowd3/FD-NL2SQL/data/table_derivation_ground_truths_table24/questions/maturity__row_176__In_Urothelial_trials_classify_overall_follow_up_maturity_mature_if_24_months_else_immature,/mnt/data1/srchowd3/FD-NL2SQL/data/table_derivation_ground_truths_table24/questions/maturity__row_176__In_Urothelial_trials_classify_overall_follow_up_maturity_mature_if_24_months_else_immature/ground_truth_table.csv
row_230,230,maturity,"In Gastric/GEJ trials, classify overall follow-up maturity: 'mature' if ≥24 months, else 'immature' (or 'unknown' if missing).",ok,,/mnt/data1/srchowd3/FD-NL2SQL/data/table_derivation_ground_truths_table24/questions/maturity__row_230__In_Gastric_GEJ_trials_classify_overall_follow_up_maturity_mature_if_24_months_else_immatur,/mnt/data1/srchowd3/FD-NL2SQL/data/table_derivation_ground_truths_table24/questions/maturity__row_230__In_Gastric_GEJ_trials_classify_overall_follow_up_maturity_mature_if_24_months_else_immatur/ground_truth_table.csv
row_244,244,maturity,"In Multiple Myeloma trials, classify overall follow-up maturity: 'mature' if ≥24 months, else 'immature' (or 'unknown' if missing).",ok,,/mnt/data1/srchowd3/FD-NL2SQL/data/table_derivation_ground_truths_table24/questions/maturity__row_244__In_Multiple_Myeloma_trials_classify_overall_follow_up_maturity_mature_if_24_months_else_im,/mnt/data1/srchowd3/FD-NL2SQL/data/table_derivation_ground_truths_table24/questions/maturity__row_244__In_Multiple_Myeloma_trials_classify_overall_follow_up_maturity_mature_if_24_months_else_im/ground_truth_table.csv
row_256,256,maturity,"In Renal cell trials, classify overall follow-up maturity: 'mature' if ≥24 months, else 'immature' (or 'unknown' if missing).",ok,,/mnt/data1/srchowd3/FD-NL2SQL/data/table_derivation_ground_truths_table24/questions/maturity__row_256__In_Renal_cell_trials_classify_overall_follow_up_maturity_mature_if_24_months_else_immature,/mnt/data1/srchowd3/FD-NL2SQL/data/table_derivation_ground_truths_table24/questions/maturity__row_256__In_Renal_cell_trials_classify_overall_follow_up_maturity_mature_if_24_months_else_immature/ground_truth_table.csv
row_273,273,maturity,"In Non-Small Cell Lung trials, classify overall follow-up maturity: 'mature' if ≥24 months, else 'immature' (or 'unknown' if missing).",ok,,/mnt/data1/srchowd3/FD-NL2SQL/data/table_derivation_ground_truths_table24/questions/maturity__row_273__In_Non_Small_Cell_Lung_trials_classify_overall_follow_up_maturity_mature_if_24_months_else,/mnt/data1/srchowd3/FD-NL2SQL/data/table_derivation_ground_truths_table24/questions/maturity__row_273__In_Non_Small_Cell_Lung_trials_classify_overall_follow_up_maturity_mature_if_24_months_else/ground_truth_table.csv
row_371,371,maturity,"In Small Cell Lung trials, classify overall follow-up maturity: 'mature' if ≥24 months, else 'immature' (or 'unknown' if missing).",ok,,/mnt/data1/srchowd3/FD-NL2SQL/data/table_derivation_ground_truths_table24/questions/maturity__row_371__In_Small_Cell_Lung_trials_classify_overall_follow_up_maturity_mature_if_24_months_else_imm,/mnt/data1/srchowd3/FD-NL2SQL/data/table_derivation_ground_truths_table24/questions/maturity__row_371__In_Small_Cell_Lung_trials_classify_overall_follow_up_maturity_mature_if_24_months_else_imm/ground_truth_table.csv
row_390,390,maturity,"In Prostate trials, classify overall follow-up maturity: 'mature' if ≥24 months, else 'immature' (or 'unknown' if missing).",ok,,/mnt/data1/srchowd3/FD-NL2SQL/data/table_derivation_ground_truths_table24/questions/maturity__row_390__In_Prostate_trials_classify_overall_follow_up_maturity_mature_if_24_months_else_immature_o,/mnt/data1/srchowd3/FD-NL2SQL/data/table_derivation_ground_truths_table24/questions/maturity__row_390__In_Prostate_trials_classify_overall_follow_up_maturity_mature_if_24_months_else_immature_o/ground_truth_table.csv
row_456,456,maturity,"In NSCLC trials, classify overall follow-up maturity: 'mature' if ≥24 months, else 'immature' (or 'unknown' if missing).",ok,,/mnt/data1/srchowd3/FD-NL2SQL/data/table_derivation_ground_truths_table24/questions/maturity__row_456__In_NSCLC_trials_classify_overall_follow_up_maturity_mature_if_24_months_else_immature_or_u,/mnt/data1/srchowd3/FD-NL2SQL/data/table_derivation_ground_truths_table24/questions/maturity__row_456__In_NSCLC_trials_classify_overall_follow_up_maturity_mature_if_24_months_else_immature_or_u/ground_truth_table.csv
row_45,45,mek_inhibitor,"In melanoma trials using ICI plus BRAFi+MEKi, list the BRAF and MEK inhibitors used in the regimen.",ok,,/mnt/data1/srchowd3/FD-NL2SQL/data/table_derivation_ground_truths_table24/questions/mek_inhibitor__row_45__In_melanoma_trials_using_ICI_plus_BRAFi_MEKi_list_the_BRAF_and_MEK_inhibitors_used_in_the,/mnt/data1/srchowd3/FD-NL2SQL/data/table_derivation_ground_truths_table24/questions/mek_inhibitor__row_45__In_melanoma_trials_using_ICI_plus_BRAFi_MEKi_list_the_BRAF_and_MEK_inhibitors_used_in_the/ground_truth_table.csv
row_38,38,pd_l1_required,"In Hepatocellular trials, interpret the PD-L1 requirement flag as boolean true/false.",ok,,/mnt/data1/srchowd3/FD-NL2SQL/data/table_derivation_ground_truths_table24/questions/pd_l1_required__row_38__In_Hepatocellular_trials_interpret_the_PD_L1_requirement_flag_as_boolean_true_false,/mnt/data1/srchowd3/FD-NL2SQL/data/table_derivation_ground_truths_table24/questions/pd_l1_required__row_38__In_Hepatocellular_trials_interpret_the_PD_L1_requirement_flag_as_boolean_true_false/ground_truth_table.csv
row_82,82,pd_l1_required,"In Colorectal trials, interpret the PD-L1 requirement flag as boolean true/false.",ok,,/mnt/data1/srchowd3/FD-NL2SQL/data/table_derivation_ground_truths_table24/questions/pd_l1_required__row_82__In_Colorectal_trials_interpret_the_PD_L1_requirement_flag_as_boolean_true_false,/mnt/data1/srchowd3/FD-NL2SQL/data/table_derivation_ground_truths_table24/questions/pd_l1_required__row_82__In_Colorectal_trials_interpret_the_PD_L1_requirement_flag_as_boolean_true_false/ground_truth_table.csv
row_137,137,pd_l1_required,"In Hodgkin Lymphoma trials, interpret the PD-L1 requirement flag as boolean true/false.",ok,,/mnt/data1/srchowd3/FD-NL2SQL/data/table_derivation_ground_truths_table24/questions/pd_l1_required__row_137__In_Hodgkin_Lymphoma_trials_interpret_the_PD_L1_requirement_flag_as_boolean_true_false,/mnt/data1/srchowd3/FD-NL2SQL/data/table_derivation_ground_truths_table24/questions/pd_l1_required__row_137__In_Hodgkin_Lymphoma_trials_interpret_the_PD_L1_requirement_flag_as_boolean_true_false/ground_truth_table.csv
row_143,143,pd_l1_required,"In Prostate trials, interpret the PD-L1 requirement flag as boolean true/false.",ok,,/mnt/data1/srchowd3/FD-NL2SQL/data/table_derivation_ground_truths_table24/questions/pd_l1_required__row_143__In_Prostate_trials_interpret_the_PD_L1_requirement_flag_as_boolean_true_false,/mnt/data1/srchowd3/FD-NL2SQL/data/table_derivation_ground_truths_table24/questions/pd_l1_required__row_143__In_Prostate_trials_interpret_the_PD_L1_requirement_flag_as_boolean_true_false/ground_truth_table.csv
row_175,175,pd_l1_required,"In Pancreatic trials, interpret the PD-L1 requirement flag as boolean true/false.",ok,,/mnt/data1/srchowd3/FD-NL2SQL/data/table_derivation_ground_truths_table24/questions/pd_l1_required__row_175__In_Pancreatic_trials_interpret_the_PD_L1_requirement_flag_as_boolean_true_false,/mnt/data1/srchowd3/FD-NL2SQL/data/table_derivation_ground_truths_table24/questions/pd_l1_required__row_175__In_Pancreatic_trials_interpret_the_PD_L1_requirement_flag_as_boolean_true_false/ground_truth_table.csv
row_198,198,pd_l1_required,"In NSCLC trials, interpret the PD-L1 requirement flag as boolean true/false.",ok,,/mnt/data1/srchowd3/FD-NL2SQL/data/table_derivation_ground_truths_table24/questions/pd_l1_required__row_198__In_NSCLC_trials_interpret_the_PD_L1_requirement_flag_as_boolean_true_false,/mnt/data1/srchowd3/FD-NL2SQL/data/table_derivation_ground_truths_table24/questions/pd_l1_required__row_198__In_NSCLC_trials_interpret_the_PD_L1_requirement_flag_as_boolean_true_false/ground_truth_table.csv
row_216,216,pd_l1_required,"In Bladder trials, interpret the PD-L1 requirement flag as boolean true/false.",ok,,/mnt/data1/srchowd3/FD-NL2SQL/data/table_derivation_ground_truths_table24/questions/pd_l1_required__row_216__In_Bladder_trials_interpret_the_PD_L1_requirement_flag_as_boolean_true_false,/mnt/data1/srchowd3/FD-NL2SQL/data/table_derivation_ground_truths_table24/questions/pd_l1_required__row_216__In_Bladder_trials_interpret_the_PD_L1_requirement_flag_as_boolean_true_false/ground_truth_table.csv
row_217,217,pd_l1_required,"In Breast trials, interpret the PD-L1 requirement flag as boolean true/false.",ok,,/mnt/data1/srchowd3/FD-NL2SQL/data/table_derivation_ground_truths_table24/questions/pd_l1_required__row_217__In_Breast_trials_interpret_the_PD_L1_requirement_flag_as_boolean_true_false,/mnt/data1/srchowd3/FD-NL2SQL/data/table_derivation_ground_truths_table24/questions/pd_l1_required__row_217__In_Breast_trials_interpret_the_PD_L1_requirement_flag_as_boolean_true_false/ground_truth_table.csv
row_232,232,pd_l1_required,"In Esophageal/GEJ trials, interpret the PD-L1 requirement flag as boolean true/false.",ok,,/mnt/data1/srchowd3/FD-NL2SQL/data/table_derivation_ground_truths_table24/questions/pd_l1_required__row_232__In_Esophageal_GEJ_trials_interpret_the_PD_L1_requirement_flag_as_boolean_true_false,/mnt/data1/srchowd3/FD-NL2SQL/data/table_derivation_ground_truths_table24/questions/pd_l1_required__row_232__In_Esophageal_GEJ_trials_interpret_the_PD_L1_requirement_flag_as_boolean_true_false/ground_truth_table.csv
row_335,335,pd_l1_required,"In Melanoma trials, interpret the PD-L1 requirement flag as boolean true/false.",ok,,/mnt/data1/srchowd3/FD-NL2SQL/data/table_derivation_ground_truths_table24/questions/pd_l1_required__row_335__In_Melanoma_trials_interpret_the_PD_L1_requirement_flag_as_boolean_true_false,/mnt/data1/srchowd3/FD-NL2SQL/data/table_derivation_ground_truths_table24/questions/pd_l1_required__row_335__In_Melanoma_trials_interpret_the_PD_L1_requirement_flag_as_boolean_true_false/ground_truth_table.csv
row_387,387,pd_l1_required,"In Head and Neck trials, interpret the PD-L1 requirement flag as boolean true/false.",ok,,/mnt/data1/srchowd3/FD-NL2SQL/data/table_derivation_ground_truths_table24/questions/pd_l1_required__row_387__In_Head_and_Neck_trials_interpret_the_PD_L1_requirement_flag_as_boolean_true_false,/mnt/data1/srchowd3/FD-NL2SQL/data/table_derivation_ground_truths_table24/questions/pd_l1_required__row_387__In_Head_and_Neck_trials_interpret_the_PD_L1_requirement_flag_as_boolean_true_false/ground_truth_table.csv
row_409,409,pd_l1_required,"In Small Cell Lung trials, interpret the PD-L1 requirement flag as boolean true/false.",ok,,/mnt/data1/srchowd3/FD-NL2SQL/data/table_derivation_ground_truths_table24/questions/pd_l1_required__row_409__In_Small_Cell_Lung_trials_interpret_the_PD_L1_requirement_flag_as_boolean_true_false,/mnt/data1/srchowd3/FD-NL2SQL/data/table_derivation_ground_truths_table24/questions/pd_l1_required__row_409__In_Small_Cell_Lung_trials_interpret_the_PD_L1_requirement_flag_as_boolean_true_false/ground_truth_table.csv
row_438,438,pd_l1_required,"In Gastric/GEJ trials, interpret the PD-L1 requirement flag as boolean true/false.",ok,,/mnt/data1/srchowd3/FD-NL2SQL/data/table_derivation_ground_truths_table24/questions/pd_l1_required__row_438__In_Gastric_GEJ_trials_interpret_the_PD_L1_requirement_flag_as_boolean_true_false,/mnt/data1/srchowd3/FD-NL2SQL/data/table_derivation_ground_truths_table24/questions/pd_l1_required__row_438__In_Gastric_GEJ_trials_interpret_the_PD_L1_requirement_flag_as_boolean_true_false/ground_truth_table.csv
row_447,447,pd_l1_required,"In Non-Small Cell Lung trials, interpret the PD-L1 requirement flag as boolean true/false.",ok,,/mnt/data1/srchowd3/FD-NL2SQL/data/table_derivation_ground_truths_table24/questions/pd_l1_required__row_447__In_Non_Small_Cell_Lung_trials_interpret_the_PD_L1_requirement_flag_as_boolean_true_false,/mnt/data1/srchowd3/FD-NL2SQL/data/table_derivation_ground_truths_table24/questions/pd_l1_required__row_447__In_Non_Small_Cell_Lung_trials_interpret_the_PD_L1_requirement_flag_as_boolean_true_false/ground_truth_table.csv
row_473,473,pd_l1_required,"In Mesothelioma trials, interpret the PD-L1 requirement flag as boolean true/false.",ok,,/mnt/data1/srchowd3/FD-NL2SQL/data/table_derivation_ground_truths_table24/questions/pd_l1_required__row_473__In_Mesothelioma_trials_interpret_the_PD_L1_requirement_flag_as_boolean_true_false,/mnt/data1/srchowd3/FD-NL2SQL/data/table_derivation_ground_truths_table24/questions/pd_l1_required__row_473__In_Mesothelioma_trials_interpret_the_PD_L1_requirement_flag_as_boolean_true_false/ground_truth_table.csv
row_480,480,pd_l1_required,"In Multiple Myeloma trials, interpret the PD-L1 requirement flag as boolean true/false.",ok,,/mnt/data1/srchowd3/FD-NL2SQL/data/table_derivation_ground_truths_table24/questions/pd_l1_required__row_480__In_Multiple_Myeloma_trials_interpret_the_PD_L1_requirement_flag_as_boolean_true_false,/mnt/data1/srchowd3/FD-NL2SQL/data/table_derivation_ground_truths_table24/questions/pd_l1_required__row_480__In_Multiple_Myeloma_trials_interpret_the_PD_L1_requirement_flag_as_boolean_true_false/ground_truth_table.csv
row_81,81,phase_bucket,"For Avelumab trials, bucket trial phase into early (1/1b/2) vs late (3/4).",ok,,/mnt/data1/srchowd3/FD-NL2SQL/data/table_derivation_ground_truths_table24/questions/phase_bucket__row_81__For_Avelumab_trials_bucket_trial_phase_into_early_1_1b_2_vs_late_3_4,/mnt/data1/srchowd3/FD-NL2SQL/data/table_derivation_ground_truths_table24/questions/phase_bucket__row_81__For_Avelumab_trials_bucket_trial_phase_into_early_1_1b_2_vs_late_3_4/ground_truth_table.csv
row_89,89,phase_bucket,"For Tremelimumab trials, bucket trial phase into early (1/1b/2) vs late (3/4).",ok,,/mnt/data1/srchowd3/FD-NL2SQL/data/table_derivation_ground_truths_table24/questions/phase_bucket__row_89__For_Tremelimumab_trials_bucket_trial_phase_into_early_1_1b_2_vs_late_3_4,/mnt/data1/srchowd3/FD-NL2SQL/data/table_derivation_ground_truths_table24/questions/phase_bucket__row_89__For_Tremelimumab_trials_bucket_trial_phase_into_early_1_1b_2_vs_late_3_4/ground_truth_table.csv
row_107,107,phase_bucket,"For Atezolizumab trials, bucket trial phase into early (1/1b/2) vs late (3/4).",ok,,/mnt/data1/srchowd3/FD-NL2SQL/data/table_derivation_ground_truths_table24/questions/phase_bucket__row_107__For_Atezolizumab_trials_bucket_trial_phase_into_early_1_1b_2_vs_late_3_4,/mnt/data1/srchowd3/FD-NL2SQL/data/table_derivation_ground_truths_table24/questions/phase_bucket__row_107__For_Atezolizumab_trials_bucket_trial_phase_into_early_1_1b_2_vs_late_3_4/ground_truth_table.csv
row_117,117,phase_bucket,"For Chemotherapy trials, bucket trial phase into early (1/1b/2) vs late (3/4).",ok,,/mnt/data1/srchowd3/FD-NL2SQL/data/table_derivation_ground_truths_table24/questions/phase_bucket__row_117__For_Chemotherapy_trials_bucket_trial_phase_into_early_1_1b_2_vs_late_3_4,/mnt/data1/srchowd3/FD-NL2SQL/data/table_derivation_ground_truths_table24/questions/phase_bucket__row_117__For_Chemotherapy_trials_bucket_trial_phase_into_early_1_1b_2_vs_late_3_4/ground_truth_table.csv
row_171,171,phase_bucket,"For Ipilimumab trials, bucket trial phase into early (1/1b/2) vs late (3/4).",ok,,/mnt/data1/srchowd3/FD-NL2SQL/data/table_derivation_ground_truths_table24/questions/phase_bucket__row_171__For_Ipilimumab_trials_bucket_trial_phase_into_early_1_1b_2_vs_late_3_4,/mnt/data1/srchowd3/FD-NL2SQL/data/table_derivation_ground_truths_table24/questions/phase_bucket__row_171__For_Ipilimumab_trials_bucket_trial_phase_into_early_1_1b_2_vs_late_3_4/ground_truth_table.csv
row_173,173,phase_bucket,"For Durvalumab trials, bucket trial phase into early (1/1b/2) vs late (3/4).",ok,,/mnt/data1/srchowd3/FD-NL2SQL/data/table_derivation_ground_truths_table24/questions/phase_bucket__row_173__For_Durvalumab_trials_bucket_trial_phase_into_early_1_1b_2_vs_late_3_4,/mnt/data1/srchowd3/FD-NL2SQL/data/table_derivation_ground_truths_table24/questions/phase_bucket__row_173__For_Durvalumab_trials_bucket_trial_phase_into_early_1_1b_2_vs_late_3_4/ground_truth_table.csv
row_247,247,phase_bucket,"For Cemiplimab trials, bucket trial phase into early (1/1b/2) vs late (3/4).",ok,,/mnt/data1/srchowd3/FD-NL2SQL/data/table_derivation_ground_truths_table24/questions/phase_bucket__row_247__For_Cemiplimab_trials_bucket_trial_phase_into_early_1_1b_2_vs_late_3_4,/mnt/data1/srchowd3/FD-NL2SQL/data/table_derivation_ground_truths_table24/questions/phase_bucket__row_247__For_Cemiplimab_trials_bucket_trial_phase_into_early_1_1b_2_vs_late_3_4/ground_truth_table.csv
row_269,269,phase_bucket,"For Nivolumab, Ipilimumab trials, bucket trial phase into early (1/1b/2) vs late (3/4).",ok,,/mnt/data1/srchowd3/FD-NL2SQL/data/table_derivation_ground_truths_table24/questions/phase_bucket__row_269__For_Nivolumab_Ipilimumab_trials_bucket_trial_phase_into_early_1_1b_2_vs_late_3_4,/mnt/data1/srchowd3/FD-NL2SQL/data/table_derivation_ground_truths_table24/questions/phase_bucket__row_269__For_Nivolumab_Ipilimumab_trials_bucket_trial_phase_into_early_1_1b_2_vs_late_3_4/ground_truth_table.csv
row_293,293,phase_bucket,"For Brentuximab-vedotin trials, bucket trial phase into early (1/1b/2) vs late (3/4).",ok,,/mnt/data1/srchowd3/FD-NL2SQL/data/table_derivation_ground_truths_table24/questions/phase_bucket__row_293__For_Brentuximab_vedotin_trials_bucket_trial_phase_into_early_1_1b_2_vs_late_3_4,/mnt/data1/srchowd3/FD-NL2SQL/data/table_derivation_ground_truths_table24/questions/phase_bucket__row_293__For_Brentuximab_vedotin_trials_bucket_trial_phase_into_early_1_1b_2_vs_late_3_4/ground_truth_table.csv
row_300,300,phase_bucket,"For Nivolumab trials, bucket trial phase into early (1/1b/2) vs late (3/4).",ok,,/mnt/data1/srchowd3/FD-NL2SQL/data/table_derivation_ground_truths_table24/questions/phase_bucket__row_300__For_Nivolumab_trials_bucket_trial_phase_into_early_1_1b_2_vs_late_3_4,/mnt/data1/srchowd3/FD-NL2SQL/data/table_derivation_ground_truths_table24/questions/phase_bucket__row_300__For_Nivolumab_trials_bucket_trial_phase_into_early_1_1b_2_vs_late_3_4/ground_truth_table.csv
row_357,357,phase_bucket,"For Atezolizumab+Trastuzumab emtansine+Placebo trials, bucket trial phase into early (1/1b/2) vs late (3/4).",ok,,/mnt/data1/srchowd3/FD-NL2SQL/data/table_derivation_ground_truths_table24/questions/phase_bucket__row_357__For_Atezolizumab_Trastuzumab_emtansine_Placebo_trials_bucket_trial_phase_into_early_1_1b_2,/mnt/data1/srchowd3/FD-NL2SQL/data/table_derivation_ground_truths_table24/questions/phase_bucket__row_357__For_Atezolizumab_Trastuzumab_emtansine_Placebo_trials_bucket_trial_phase_into_early_1_1b_2/ground_truth_table.csv
row_392,392,phase_bucket,"For Pembrolizumab trials, bucket trial phase into early (1/1b/2) vs late (3/4).",ok,,/mnt/data1/srchowd3/FD-NL2SQL/data/table_derivation_ground_truths_table24/questions/phase_bucket__row_392__For_Pembrolizumab_trials_bucket_trial_phase_into_early_1_1b_2_vs_late_3_4,/mnt/data1/srchowd3/FD-NL2SQL/data/table_derivation_ground_truths_table24/questions/phase_bucket__row_392__For_Pembrolizumab_trials_bucket_trial_phase_into_early_1_1b_2_vs_late_3_4/ground_truth_table.csv
row_415,415,phase_bucket,"For Durvalumab, Tremelimumab trials, bucket trial phase into early (1/1b/2) vs late (3/4).",ok,,/mnt/data1/srchowd3/FD-NL2SQL/data/table_derivation_ground_truths_table24/questions/phase_bucket__row_415__For_Durvalumab_Tremelimumab_trials_bucket_trial_phase_into_early_1_1b_2_vs_late_3_4,/mnt/data1/srchowd3/FD-NL2SQL/data/table_derivation_ground_truths_table24/questions/phase_bucket__row_415__For_Durvalumab_Tremelimumab_trials_bucket_trial_phase_into_early_1_1b_2_vs_late_3_4/ground_truth_table.csv
row_44,44,primary_endpoint_category,"In Esophageal/GEJ Phase 2 trials, standardize the primary endpoint into one of OS, PFS, ORR, DFS, DOR, AE-rate, or Other.",ok,,/mnt/data1/srchowd3/FD-NL2SQL/data/table_derivation_ground_truths_table24/questions/primary_endpoint_category__row_44__In_Esophageal_GEJ_Phase_2_trials_standardize_the_primary_endpoint_into_one_of_OS_PFS_ORR_D,/mnt/data1/srchowd3/FD-NL2SQL/data/table_derivation_ground_truths_table24/questions/primary_endpoint_category__row_44__In_Esophageal_GEJ_Phase_2_trials_standardize_the_primary_endpoint_into_one_of_OS_PFS_ORR_D/ground_truth_table.csv
row_48,48,primary_endpoint_category,"In Melanoma Phase 2 trials, standardize the primary endpoint into one of OS, PFS, ORR, DFS, DOR, AE-rate, or Other.",ok,,/mnt/data1/srchowd3/FD-NL2SQL/data/table_derivation_ground_truths_table24/questions/primary_endpoint_category__row_48__In_Melanoma_Phase_2_trials_standardize_the_primary_endpoint_into_one_of_OS_PFS_ORR_DFS_DOR,/mnt/data1/srchowd3/FD-NL2SQL/data/table_derivation_ground_truths_table24/questions/primary_endpoint_category__row_48__In_Melanoma_Phase_2_trials_standardize_the_primary_endpoint_into_one_of_OS_PFS_ORR_DFS_DOR/ground_truth_table.csv
row_50,50,primary_endpoint_category,"In Mesothelioma Phase 3 trials, standardize the primary endpoint into one of OS, PFS, ORR, DFS, DOR, AE-rate, or Other.",ok,,/mnt/data1/srchowd3/FD-NL2SQL/data/table_derivation_ground_truths_table24/questions/primary_endpoint_category__row_50__In_Mesothelioma_Phase_3_trials_standardize_the_primary_endpoint_into_one_of_OS_PFS_ORR_DFS,/mnt/data1/srchowd3/FD-NL2SQL/data/table_derivation_ground_truths_table24/questions/primary_endpoint_category__row_50__In_Mesothelioma_Phase_3_trials_standardize_the_primary_endpoint_into_one_of_OS_PFS_ORR_DFS/ground_truth_table.csv
row_53,53,primary_endpoint_category,"In Multiple Myeloma Phase 3 trials, standardize the primary endpoint into one of OS, PFS, ORR, DFS, DOR, AE-rate, or Other.",ok,,/mnt/data1/srchowd3/FD-NL2SQL/data/table_derivation_ground_truths_table24/questions/primary_endpoint_category__row_53__In_Multiple_Myeloma_Phase_3_trials_standardize_the_primary_endpoint_into_one_of_OS_PFS_ORR,/mnt/data1/srchowd3/FD-NL2SQL/data/table_derivation_ground_truths_table24/questions/primary_endpoint_category__row_53__In_Multiple_Myeloma_Phase_3_trials_standardize_the_primary_endpoint_into_one_of_OS_PFS_ORR/ground_truth_table.csv
row_66,66,primary_endpoint_category,"In Colorectal Phase 2 trials, standardize the primary endpoint into one of OS, PFS, ORR, DFS, DOR, AE-rate, or Other.",ok,,/mnt/data1/srchowd3/FD-NL2SQL/data/table_derivation_ground_truths_table24/questions/primary_endpoint_category__row_66__In_Colorectal_Phase_2_trials_standardize_the_primary_endpoint_into_one_of_OS_PFS_ORR_DFS_D,/mnt/data1/srchowd3/FD-NL2SQL/data/table_derivation_ground_truths_table24/questions/primary_endpoint_category__row_66__In_Colorectal_Phase_2_trials_standardize_the_primary_endpoint_into_one_of_OS_PFS_ORR_DFS_D/ground_truth_table.csv
row_84,84,primary_endpoint_category,"In Gastric/GEJ Phase 2 trials, standardize the primary endpoint into one of OS, PFS, ORR, DFS, DOR, AE-rate, or Other.",ok,,/mnt/data1/srchowd3/FD-NL2SQL/data/table_derivation_ground_truths_table24/questions/primary_endpoint_category__row_84__In_Gastric_GEJ_Phase_2_trials_standardize_the_primary_endpoint_into_one_of_OS_PFS_ORR_DFS,/mnt/data1/srchowd3/FD-NL2SQL/data/table_derivation_ground_truths_table24/questions/primary_endpoint_category__row_84__In_Gastric_GEJ_Phase_2_trials_standardize_the_primary_endpoint_into_one_of_OS_PFS_ORR_DFS/ground_truth_table.csv
row_118,118,primary_endpoint_category,"In Small Cell Lung Phase 2 trials, standardize the primary endpoint into one of OS, PFS, ORR, DFS, DOR, AE-rate, or Other.",ok,,/mnt/data1/srchowd3/FD-NL2SQL/data/table_derivation_ground_truths_table24/questions/primary_endpoint_category__row_118__In_Small_Cell_Lung_Phase_2_trials_standardize_the_primary_endpoint_into_one_of_OS_PFS_ORR,/mnt/data1/srchowd3/FD-NL2SQL/data/table_derivation_ground_truths_table24/questions/primary_endpoint_category__row_118__In_Small_Cell_Lung_Phase_2_trials_standardize_the_primary_endpoint_into_one_of_OS_PFS_ORR/ground_truth_table.csv
row_154,154,primary_endpoint_category,"In Head and Neck Phase 3 trials, standardize the primary endpoint into one of OS, PFS, ORR, DFS, DOR, AE-rate, or Other.",ok,,/mnt/data1/srchowd3/FD-NL2SQL/data/table_derivation_ground_truths_table24/questions/primary_endpoint_category__row_154__In_Head_and_Neck_Phase_3_trials_standardize_the_primary_endpoint_into_one_of_OS_PFS_ORR_DF,/mnt/data1/srchowd3/FD-NL2SQL/data/table_derivation_ground_truths_table24/questions/primary_endpoint_category__row_154__In_Head_and_Neck_Phase_3_trials_standardize_the_primary_endpoint_into_one_of_OS_PFS_ORR_DF/ground_truth_table.csv
row_201,201,primary_endpoint_category,"In Renal cell Phase 3 trials, standardize the primary endpoint into one of OS, PFS, ORR, DFS, DOR, AE-rate, or Other.",ok,,/mnt/data1/srchowd3/FD-NL2SQL/data/table_derivation_ground_truths_table24/questions/primary_endpoint_category__row_201__In_Renal_cell_Phase_3_trials_standardize_the_primary_endpoint_into_one_of_OS_PFS_ORR_DFS_D,/mnt/data1/srchowd3/FD-NL2SQL/data/table_derivation_ground_truths_table24/questions/primary_endpoint_category__row_201__In_Renal_cell_Phase_3_trials_standardize_the_primary_endpoint_into_one_of_OS_PFS_ORR_DFS_D/ground_truth_table.csv
row_221,221,primary_endpoint_category,"In Mesothelioma Phase 2 trials, standardize the primary endpoint into one of OS, PFS, ORR, DFS, DOR, AE-rate, or Other.",ok,,/mnt/data1/srchowd3/FD-NL2SQL/data/table_derivation_ground_truths_table24/questions/primary_endpoint_category__row_221__In_Mesothelioma_Phase_2_trials_standardize_the_primary_endpoint_into_one_of_OS_PFS_ORR_DFS,/mnt/data1/srchowd3/FD-NL2SQL/data/table_derivation_ground_truths_table24/questions/primary_endpoint_category__row_221__In_Mesothelioma_Phase_2_trials_standardize_the_primary_endpoint_into_one_of_OS_PFS_ORR_DFS/ground_truth_table.csv
row_227,227,primary_endpoint_category,"In Hepatocellular Phase 2 trials, standardize the primary endpoint into one of OS, PFS, ORR, DFS, DOR, AE-rate, or Other.",ok,,/mnt/data1/srchowd3/FD-NL2SQL/data/table_derivation_ground_truths_table24/questions/primary_endpoint_category__row_227__In_Hepatocellular_Phase_2_trials_standardize_the_primary_endpoint_into_one_of_OS_PFS_ORR_D,/mnt/data1/srchowd3/FD-NL2SQL/data/table_derivation_ground_truths_table24/questions/primary_endpoint_category__row_227__In_Hepatocellular_Phase_2_trials_standardize_the_primary_endpoint_into_one_of_OS_PFS_ORR_D/ground_truth_table.csv
row_237,237,primary_endpoint_category,"In Renal cell Phase 2 trials, standardize the primary endpoint into one of OS, PFS, ORR, DFS, DOR, AE-rate, or Other.",ok,,/mnt/data1/srchowd3/FD-NL2SQL/data/table_derivation_ground_truths_table24/questions/primary_endpoint_category__row_237__In_Renal_cell_Phase_2_trials_standardize_the_primary_endpoint_into_one_of_OS_PFS_ORR_DFS_D,/mnt/data1/srchowd3/FD-NL2SQL/data/table_derivation_ground_truths_table24/questions/primary_endpoint_category__row_237__In_Renal_cell_Phase_2_trials_standardize_the_primary_endpoint_into_one_of_OS_PFS_ORR_DFS_D/ground_truth_table.csv
row_241,241,primary_endpoint_category,"In Multiple Myeloma Phase 2 trials, standardize the primary endpoint into one of OS, PFS, ORR, DFS, DOR, AE-rate, or Other.",ok,,/mnt/data1/srchowd3/FD-NL2SQL/data/table_derivation_ground_truths_table24/questions/primary_endpoint_category__row_241__In_Multiple_Myeloma_Phase_2_trials_standardize_the_primary_endpoint_into_one_of_OS_PFS_ORR,/mnt/data1/srchowd3/FD-NL2SQL/data/table_derivation_ground_truths_table24/questions/primary_endpoint_category__row_241__In_Multiple_Myeloma_Phase_2_trials_standardize_the_primary_endpoint_into_one_of_OS_PFS_ORR/ground_truth_table.csv
row_249,249,primary_endpoint_category,"In Non-Small Cell Lung Phase 2 trials, standardize the primary endpoint into one of OS, PFS, ORR, DFS, DOR, AE-rate, or Other.",ok,,/mnt/data1/srchowd3/FD-NL2SQL/data/table_derivation_ground_truths_table24/questions/primary_endpoint_category__row_249__In_Non_Small_Cell_Lung_Phase_2_trials_standardize_the_primary_endpoint_into_one_of_OS_PFS,/mnt/data1/srchowd3/FD-NL2SQL/data/table_derivation_ground_truths_table24/questions/primary_endpoint_category__row_249__In_Non_Small_Cell_Lung_Phase_2_trials_standardize_the_primary_endpoint_into_one_of_OS_PFS/ground_truth_table.csv
row_267,267,primary_endpoint_category,"In Esophageal/GEJ Phase 3 trials, standardize the primary endpoint into one of OS, PFS, ORR, DFS, DOR, AE-rate, or Other.",ok,,/mnt/data1/srchowd3/FD-NL2SQL/data/table_derivation_ground_truths_table24/questions/primary_endpoint_category__row_267__In_Esophageal_GEJ_Phase_3_trials_standardize_the_primary_endpoint_into_one_of_OS_PFS_ORR_D,/mnt/data1/srchowd3/FD-NL2SQL/data/table_derivation_ground_truths_table24/questions/primary_endpoint_category__row_267__In_Esophageal_GEJ_Phase_3_trials_standardize_the_primary_endpoint_into_one_of_OS_PFS_ORR_D/ground_truth_table.csv
row_272,272,primary_endpoint_category,"In Breast Phase 2 trials, standardize the primary endpoint into one of OS, PFS, ORR, DFS, DOR, AE-rate, or Other.",ok,,/mnt/data1/srchowd3/FD-NL2SQL/data/table_derivation_ground_truths_table24/questions/primary_endpoint_category__row_272__In_Breast_Phase_2_trials_standardize_the_primary_endpoint_into_one_of_OS_PFS_ORR_DFS_DOR_A,/mnt/data1/srchowd3/FD-NL2SQL/data/table_derivation_ground_truths_table24/questions/primary_endpoint_category__row_272__In_Breast_Phase_2_trials_standardize_the_primary_endpoint_into_one_of_OS_PFS_ORR_DFS_DOR_A/ground_truth_table.csv
row_277,277,primary_endpoint_category,"In Gastric/GEJ Phase 3 trials, standardize the primary endpoint into one of OS, PFS, ORR, DFS, DOR, AE-rate, or Other.",ok,,/mnt/data1/srchowd3/FD-NL2SQL/data/table_derivation_ground_truths_table24/questions/primary_endpoint_category__row_277__In_Gastric_GEJ_Phase_3_trials_standardize_the_primary_endpoint_into_one_of_OS_PFS_ORR_DFS,/mnt/data1/srchowd3/FD-NL2SQL/data/table_derivation_ground_truths_table24/questions/primary_endpoint_category__row_277__In_Gastric_GEJ_Phase_3_trials_standardize_the_primary_endpoint_into_one_of_OS_PFS_ORR_DFS/ground_truth_table.csv
row_317,317,primary_endpoint_category,"In Pancreatic Phase 2 trials, standardize the primary endpoint into one of OS, PFS, ORR, DFS, DOR, AE-rate, or Other.",ok,,/mnt/data1/srchowd3/FD-NL2SQL/data/table_derivation_ground_truths_table24/questions/primary_endpoint_category__row_317__In_Pancreatic_Phase_2_trials_standardize_the_primary_endpoint_into_one_of_OS_PFS_ORR_DFS_D,/mnt/data1/srchowd3/FD-NL2SQL/data/table_derivation_ground_truths_table24/questions/primary_endpoint_category__row_317__In_Pancreatic_Phase_2_trials_standardize_the_primary_endpoint_into_one_of_OS_PFS_ORR_DFS_D/ground_truth_table.csv
row_325,325,primary_endpoint_category,"In Bladder Phase 2 trials, standardize the primary endpoint into one of OS, PFS, ORR, DFS, DOR, AE-rate, or Other.",ok,,/mnt/data1/srchowd3/FD-NL2SQL/data/table_derivation_ground_truths_table24/questions/primary_endpoint_category__row_325__In_Bladder_Phase_2_trials_standardize_the_primary_endpoint_into_one_of_OS_PFS_ORR_DFS_DOR,/mnt/data1/srchowd3/FD-NL2SQL/data/table_derivation_ground_truths_table24/questions/primary_endpoint_category__row_325__In_Bladder_Phase_2_trials_standardize_the_primary_endpoint_into_one_of_OS_PFS_ORR_DFS_DOR/ground_truth_table.csv
row_384,384,primary_endpoint_category,"In Head and Neck Phase 2 trials, standardize the primary endpoint into one of OS, PFS, ORR, DFS, DOR, AE-rate, or Other.",ok,,/mnt/data1/srchowd3/FD-NL2SQL/data/table_derivation_ground_truths_table24/questions/primary_endpoint_category__row_384__In_Head_and_Neck_Phase_2_trials_standardize_the_primary_endpoint_into_one_of_OS_PFS_ORR_DF,/mnt/data1/srchowd3/FD-NL2SQL/data/table_derivation_ground_truths_table24/questions/primary_endpoint_category__row_384__In_Head_and_Neck_Phase_2_trials_standardize_the_primary_endpoint_into_one_of_OS_PFS_ORR_DF/ground_truth_table.csv
row_391,391,primary_endpoint_category,"In Small Cell Lung Phase 3 trials, standardize the primary endpoint into one of OS, PFS, ORR, DFS, DOR, AE-rate, or Other.",ok,,/mnt/data1/srchowd3/FD-NL2SQL/data/table_derivation_ground_truths_table24/questions/primary_endpoint_category__row_391__In_Small_Cell_Lung_Phase_3_trials_standardize_the_primary_endpoint_into_one_of_OS_PFS_ORR,/mnt/data1/srchowd3/FD-NL2SQL/data/table_derivation_ground_truths_table24/questions/primary_endpoint_category__row_391__In_Small_Cell_Lung_Phase_3_trials_standardize_the_primary_endpoint_into_one_of_OS_PFS_ORR/ground_truth_table.csv
row_411,411,primary_endpoint_category,"In Hodgkin Lymphoma Phase 3 trials, standardize the primary endpoint into one of OS, PFS, ORR, DFS, DOR, AE-rate, or Other.",ok,,/mnt/data1/srchowd3/FD-NL2SQL/data/table_derivation_ground_truths_table24/questions/primary_endpoint_category__row_411__In_Hodgkin_Lymphoma_Phase_3_trials_standardize_the_primary_endpoint_into_one_of_OS_PFS_ORR,/mnt/data1/srchowd3/FD-NL2SQL/data/table_derivation_ground_truths_table24/questions/primary_endpoint_category__row_411__In_Hodgkin_Lymphoma_Phase_3_trials_standardize_the_primary_endpoint_into_one_of_OS_PFS_ORR/ground_truth_table.csv
row_414,414,primary_endpoint_category,"In Melanoma Phase 3 trials, standardize the primary endpoint into one of OS, PFS, ORR, DFS, DOR, AE-rate, or Other.",ok,,/mnt/data1/srchowd3/FD-NL2SQL/data/table_derivation_ground_truths_table24/questions/primary_endpoint_category__row_414__In_Melanoma_Phase_3_trials_standardize_the_primary_endpoint_into_one_of_OS_PFS_ORR_DFS_DOR,/mnt/data1/srchowd3/FD-NL2SQL/data/table_derivation_ground_truths_table24/questions/primary_endpoint_category__row_414__In_Melanoma_Phase_3_trials_standardize_the_primary_endpoint_into_one_of_OS_PFS_ORR_DFS_DOR/ground_truth_table.csv
row_426,426,primary_endpoint_category,"In Prostate Phase 2 trials, standardize the primary endpoint into one of OS, PFS, ORR, DFS, DOR, AE-rate, or Other.",ok,,/mnt/data1/srchowd3/FD-NL2SQL/data/table_derivation_ground_truths_table24/questions/primary_endpoint_category__row_426__In_Prostate_Phase_2_trials_standardize_the_primary_endpoint_into_one_of_OS_PFS_ORR_DFS_DOR,/mnt/data1/srchowd3/FD-NL2SQL/data/table_derivation_ground_truths_table24/questions/primary_endpoint_category__row_426__In_Prostate_Phase_2_trials_standardize_the_primary_endpoint_into_one_of_OS_PFS_ORR_DFS_DOR/ground_truth_table.csv
row_451,451,primary_endpoint_category,"In Colorectal Phase 3 trials, standardize the primary endpoint into one of OS, PFS, ORR, DFS, DOR, AE-rate, or Other.",ok,,/mnt/data1/srchowd3/FD-NL2SQL/data/table_derivation_ground_truths_table24/questions/primary_endpoint_category__row_451__In_Colorectal_Phase_3_trials_standardize_the_primary_endpoint_into_one_of_OS_PFS_ORR_DFS_D,/mnt/data1/srchowd3/FD-NL2SQL/data/table_derivation_ground_truths_table24/questions/primary_endpoint_category__row_451__In_Colorectal_Phase_3_trials_standardize_the_primary_endpoint_into_one_of_OS_PFS_ORR_DFS_D/ground_truth_table.csv
row_461,461,primary_endpoint_category,"In Bladder Phase 3 trials, standardize the primary endpoint into one of OS, PFS, ORR, DFS, DOR, AE-rate, or Other.",ok,,/mnt/data1/srchowd3/FD-NL2SQL/data/table_derivation_ground_truths_table24/questions/primary_endpoint_category__row_461__In_Bladder_Phase_3_trials_standardize_the_primary_endpoint_into_one_of_OS_PFS_ORR_DFS_DOR,/mnt/data1/srchowd3/FD-NL2SQL/data/table_derivation_ground_truths_table24/questions/primary_endpoint_category__row_461__In_Bladder_Phase_3_trials_standardize_the_primary_endpoint_into_one_of_OS_PFS_ORR_DFS_DOR/ground_truth_table.csv
row_464,464,primary_endpoint_category,"In Breast Phase 3 trials, standardize the primary endpoint into one of OS, PFS, ORR, DFS, DOR, AE-rate, or Other.",ok,,/mnt/data1/srchowd3/FD-NL2SQL/data/table_derivation_ground_truths_table24/questions/primary_endpoint_category__row_464__In_Breast_Phase_3_trials_standardize_the_primary_endpoint_into_one_of_OS_PFS_ORR_DFS_DOR_A,/mnt/data1/srchowd3/FD-NL2SQL/data/table_derivation_ground_truths_table24/questions/primary_endpoint_category__row_464__In_Breast_Phase_3_trials_standardize_the_primary_endpoint_into_one_of_OS_PFS_ORR_DFS_DOR_A/ground_truth_table.csv
row_488,488,primary_endpoint_category,"In Hepatocellular Phase 3 trials, standardize the primary endpoint into one of OS, PFS, ORR, DFS, DOR, AE-rate, or Other.",ok,,/mnt/data1/srchowd3/FD-NL2SQL/data/table_derivation_ground_truths_table24/questions/primary_endpoint_category__row_488__In_Hepatocellular_Phase_3_trials_standardize_the_primary_endpoint_into_one_of_OS_PFS_ORR_D,/mnt/data1/srchowd3/FD-NL2SQL/data/table_derivation_ground_truths_table24/questions/primary_endpoint_category__row_488__In_Hepatocellular_Phase_3_trials_standardize_the_primary_endpoint_into_one_of_OS_PFS_ORR_D/ground_truth_table.csv
row_494,494,primary_endpoint_category,"In Pancreatic Phase 3 trials, standardize the primary endpoint into one of OS, PFS, ORR, DFS, DOR, AE-rate, or Other.",ok,,/mnt/data1/srchowd3/FD-NL2SQL/data/table_derivation_ground_truths_table24/questions/primary_endpoint_category__row_494__In_Pancreatic_Phase_3_trials_standardize_the_primary_endpoint_into_one_of_OS_PFS_ORR_DFS_D,/mnt/data1/srchowd3/FD-NL2SQL/data/table_derivation_ground_truths_table24/questions/primary_endpoint_category__row_494__In_Pancreatic_Phase_3_trials_standardize_the_primary_endpoint_into_one_of_OS_PFS_ORR_DFS_D/ground_truth_table.csv
row_40,40,pubmed_url,"For trials retrieved, construct a PubMed URL from the PubMed ID.",ok,,/mnt/data1/srchowd3/FD-NL2SQL/data/table_derivation_ground_truths_table24/questions/pubmed_url__row_40__For_trials_retrieved_construct_a_PubMed_URL_from_the_PubMed_ID,/mnt/data1/srchowd3/FD-NL2SQL/data/table_derivation_ground_truths_table24/questions/pubmed_url__row_40__For_trials_retrieved_construct_a_PubMed_URL_from_the_PubMed_ID/ground_truth_table.csv
row_23,23,setting_normalized,"In Hodgkin Lymphoma trials, normalize the clinical setting to one of: neoadjuvant, adjuvant, perioperative, metastatic/advanced.",ok,,/mnt/data1/srchowd3/FD-NL2SQL/data/table_derivation_ground_truths_table24/questions/setting_normalized__row_23__In_Hodgkin_Lymphoma_trials_normalize_the_clinical_setting_to_one_of_neoadjuvant_adjuvant_p,/mnt/data1/srchowd3/FD-NL2SQL/data/table_derivation_ground_truths_table24/questions/setting_normalized__row_23__In_Hodgkin_Lymphoma_trials_normalize_the_clinical_setting_to_one_of_neoadjuvant_adjuvant_p/ground_truth_table.csv
row_34,34,setting_normalized,"In Bladder trials, normalize the clinical setting to one of: neoadjuvant, adjuvant, perioperative, metastatic/advanced.",ok,,/mnt/data1/srchowd3/FD-NL2SQL/data/table_derivation_ground_truths_table24/questions/setting_normalized__row_34__In_Bladder_trials_normalize_the_clinical_setting_to_one_of_neoadjuvant_adjuvant_perioperat,/mnt/data1/srchowd3/FD-NL2SQL/data/table_derivation_ground_truths_table24/questions/setting_normalized__row_34__In_Bladder_trials_normalize_the_clinical_setting_to_one_of_neoadjuvant_adjuvant_perioperat/ground_truth_table.csv
row_65,65,setting_normalized,"In Renal cell trials, normalize the clinical setting to one of: neoadjuvant, adjuvant, perioperative, metastatic/advanced.",ok,,/mnt/data1/srchowd3/FD-NL2SQL/data/table_derivation_ground_truths_table24/questions/setting_normalized__row_65__In_Renal_cell_trials_normalize_the_clinical_setting_to_one_of_neoadjuvant_adjuvant_periope,/mnt/data1/srchowd3/FD-NL2SQL/data/table_derivation_ground_truths_table24/questions/setting_normalized__row_65__In_Renal_cell_trials_normalize_the_clinical_setting_to_one_of_neoadjuvant_adjuvant_periope/ground_truth_table.csv
row_67,67,setting_normalized,"In NSCLC trials, normalize the clinical setting to one of: neoadjuvant, adjuvant, perioperative, metastatic/advanced.",ok,,/mnt/data1/srchowd3/FD-NL2SQL/data/table_derivation_ground_truths_table24/questions/setting_normalized__row_67__In_NSCLC_trials_normalize_the_clinical_setting_to_one_of_neoadjuvant_adjuvant_perioperativ,/mnt/data1/srchowd3/FD-NL2SQL/data/table_derivation_ground_truths_table24/questions/setting_normalized__row_67__In_NSCLC_trials_normalize_the_clinical_setting_to_one_of_neoadjuvant_adjuvant_perioperativ/ground_truth_table.csv
row_87,87,setting_normalized,"In Head and Neck trials, normalize the clinical setting to one of: neoadjuvant, adjuvant, perioperative, metastatic/advanced.",ok,,/mnt/data1/srchowd3/FD-NL2SQL/data/table_derivation_ground_truths_table24/questions/setting_normalized__row_87__In_Head_and_Neck_trials_normalize_the_clinical_setting_to_one_of_neoadjuvant_adjuvant_peri,/mnt/data1/srchowd3/FD-NL2SQL/data/table_derivation_ground_truths_table24/questions/setting_normalized__row_87__In_Head_and_Neck_trials_normalize_the_clinical_setting_to_one_of_neoadjuvant_adjuvant_peri/ground_truth_table.csv
row_149,149,setting_normalized,"In Melanoma trials, normalize the clinical setting to one of: neoadjuvant, adjuvant, perioperative, metastatic/advanced.",ok,,/mnt/data1/srchowd3/FD-NL2SQL/data/table_derivation_ground_truths_table24/questions/setting_normalized__row_149__In_Melanoma_trials_normalize_the_clinical_setting_to_one_of_neoadjuvant_adjuvant_periopera,/mnt/data1/srchowd3/FD-NL2SQL/data/table_derivation_ground_truths_table24/questions/setting_normalized__row_149__In_Melanoma_trials_normalize_the_clinical_setting_to_one_of_neoadjuvant_adjuvant_periopera/ground_truth_table.csv
row_160,160,setting_normalized,"In Colorectal trials, normalize the clinical setting to one of: neoadjuvant, adjuvant, perioperative, metastatic/advanced.",ok,,/mnt/data1/srchowd3/FD-NL2SQL/data/table_derivation_ground_truths_table24/questions/setting_normalized__row_160__In_Colorectal_trials_normalize_the_clinical_setting_to_one_of_neoadjuvant_adjuvant_periope,/mnt/data1/srchowd3/FD-NL2SQL/data/table_derivation_ground_truths_table24/questions/setting_normalized__row_160__In_Colorectal_trials_normalize_the_clinical_setting_to_one_of_neoadjuvant_adjuvant_periope/ground_truth_table.csv
row_165,165,setting_normalized,"In Small Cell Lung trials, normalize the clinical setting to one of: neoadjuvant, adjuvant, perioperative, metastatic/advanced.",ok,,/mnt/data1/srchowd3/FD-NL2SQL/data/table_derivation_ground_truths_table24/questions/setting_normalized__row_165__In_Small_Cell_Lung_trials_normalize_the_clinical_setting_to_one_of_neoadjuvant_adjuvant_pe,/mnt/data1/srchowd3/FD-NL2SQL/data/table_derivation_ground_truths_table24/questions/setting_normalized__row_165__In_Small_Cell_Lung_trials_normalize_the_clinical_setting_to_one_of_neoadjuvant_adjuvant_pe/ground_truth_table.csv
row_193,193,setting_normalized,"In Hepatocellular trials, normalize the clinical setting to one of: neoadjuvant, adjuvant, perioperative, metastatic/advanced.",ok,,/mnt/data1/srchowd3/FD-NL2SQL/data/table_derivation_ground_truths_table24/questions/setting_normalized__row_193__In_Hepatocellular_trials_normalize_the_clinical_setting_to_one_of_neoadjuvant_adjuvant_per,/mnt/data1/srchowd3/FD-NL2SQL/data/table_derivation_ground_truths_table24/questions/setting_normalized__row_193__In_Hepatocellular_trials_normalize_the_clinical_setting_to_one_of_neoadjuvant_adjuvant_per/ground_truth_table.csv
row_203,203,setting_normalized,"In Prostate trials, normalize the clinical setting to one of: neoadjuvant, adjuvant, perioperative, metastatic/advanced.",ok,,/mnt/data1/srchowd3/FD-NL2SQL/data/table_derivation_ground_truths_table24/questions/setting_normalized__row_203__In_Prostate_trials_normalize_the_clinical_setting_to_one_of_neoadjuvant_adjuvant_periopera,/mnt/data1/srchowd3/FD-NL2SQL/data/table_derivation_ground_truths_table24/questions/setting_normalized__row_203__In_Prostate_trials_normalize_the_clinical_setting_to_one_of_neoadjuvant_adjuvant_periopera/ground_truth_table.csv
row_210,210,setting_normalized,"In Gastric/GEJ trials, normalize the clinical setting to one of: neoadjuvant, adjuvant, perioperative, metastatic/advanced.",ok,,/mnt/data1/srchowd3/FD-NL2SQL/data/table_derivation_ground_truths_table24/questions/setting_normalized__row_210__In_Gastric_GEJ_trials_normalize_the_clinical_setting_to_one_of_neoadjuvant_adjuvant_periop,/mnt/data1/srchowd3/FD-NL2SQL/data/table_derivation_ground_truths_table24/questions/setting_normalized__row_210__In_Gastric_GEJ_trials_normalize_the_clinical_setting_to_one_of_neoadjuvant_adjuvant_periop/ground_truth_table.csv
row_266,266,setting_normalized,"In Pancreatic trials, normalize the clinical setting to one of: neoadjuvant, adjuvant, perioperative, metastatic/advanced.",ok,,/mnt/data1/srchowd3/FD-NL2SQL/data/table_derivation_ground_truths_table24/questions/setting_normalized__row_266__In_Pancreatic_trials_normalize_the_clinical_setting_to_one_of_neoadjuvant_adjuvant_periope,/mnt/data1/srchowd3/FD-NL2SQL/data/table_derivation_ground_truths_table24/questions/setting_normalized__row_266__In_Pancreatic_trials_normalize_the_clinical_setting_to_one_of_neoadjuvant_adjuvant_periope/ground_truth_table.csv
row_268,268,setting_normalized,"In Esophageal/GEJ trials, normalize the clinical setting to one of: neoadjuvant, adjuvant, perioperative, metastatic/advanced.",ok,,/mnt/data1/srchowd3/FD-NL2SQL/data/table_derivation_ground_truths_table24/questions/setting_normalized__row_268__In_Esophageal_GEJ_trials_normalize_the_clinical_setting_to_one_of_neoadjuvant_adjuvant_per,/mnt/data1/srchowd3/FD-NL2SQL/data/table_derivation_ground_truths_table24/questions/setting_normalized__row_268__In_Esophageal_GEJ_trials_normalize_the_clinical_setting_to_one_of_neoadjuvant_adjuvant_per/ground_truth_table.csv
row_289,289,setting_normalized,"In Urothelial trials, normalize the clinical setting to one of: neoadjuvant, adjuvant, perioperative, metastatic/advanced.",ok,,/mnt/data1/srchowd3/FD-NL2SQL/data/table_derivation_ground_truths_table24/questions/setting_normalized__row_289__In_Urothelial_trials_normalize_the_clinical_setting_to_one_of_neoadjuvant_adjuvant_periope,/mnt/data1/srchowd3/FD-NL2SQL/data/table_derivation_ground_truths_table24/questions/setting_normalized__row_289__In_Urothelial_trials_normalize_the_clinical_setting_to_one_of_neoadjuvant_adjuvant_periope/ground_truth_table.csv
row_442,442,setting_normalized,"In Multiple Myeloma trials, normalize the clinical setting to one of: neoadjuvant, adjuvant, perioperative, metastatic/advanced.",ok,,/mnt/data1/srchowd3/FD-NL2SQL/data/table_derivation_ground_truths_table24/questions/setting_normalized__row_442__In_Multiple_Myeloma_trials_normalize_the_clinical_setting_to_one_of_neoadjuvant_adjuvant_p,/mnt/data1/srchowd3/FD-NL2SQL/data/table_derivation_ground_truths_table24/questions/setting_normalized__row_442__In_Multiple_Myeloma_trials_normalize_the_clinical_setting_to_one_of_neoadjuvant_adjuvant_p/ground_truth_table.csv
row_472,472,setting_normalized,"In Non-Small Cell Lung trials, normalize the clinical setting to one of: neoadjuvant, adjuvant, perioperative, metastatic/advanced.",ok,,/mnt/data1/srchowd3/FD-NL2SQL/data/table_derivation_ground_truths_table24/questions/setting_normalized__row_472__In_Non_Small_Cell_Lung_trials_normalize_the_clinical_setting_to_one_of_neoadjuvant_adjuvan,/mnt/data1/srchowd3/FD-NL2SQL/data/table_derivation_ground_truths_table24/questions/setting_normalized__row_472__In_Non_Small_Cell_Lung_trials_normalize_the_clinical_setting_to_one_of_neoadjuvant_adjuvan/ground_truth_table.csv
row_47,47,size_bucket,"For Avelumab trials, bucket total sample size as small(<100), medium(100–299), or large(≥300).",ok,,/mnt/data1/srchowd3/FD-NL2SQL/data/table_derivation_ground_truths_table24/questions/size_bucket__row_47__For_Avelumab_trials_bucket_total_sample_size_as_small_100_medium_100_299_or_large_300,/mnt/data1/srchowd3/FD-NL2SQL/data/table_derivation_ground_truths_table24/questions/size_bucket__row_47__For_Avelumab_trials_bucket_total_sample_size_as_small_100_medium_100_299_or_large_300/ground_truth_table.csv
row_94,94,size_bucket,"For Nivolumab, Ipilimumab trials, bucket total sample size as small(<100), medium(100–299), or large(≥300).",ok,,/mnt/data1/srchowd3/FD-NL2SQL/data/table_derivation_ground_truths_table24/questions/size_bucket__row_94__For_Nivolumab_Ipilimumab_trials_bucket_total_sample_size_as_small_100_medium_100_299_or_la,/mnt/data1/srchowd3/FD-NL2SQL/data/table_derivation_ground_truths_table24/questions/size_bucket__row_94__For_Nivolumab_Ipilimumab_trials_bucket_total_sample_size_as_small_100_medium_100_299_or_la/ground_truth_table.csv
row_108,108,size_bucket,"For Chemotherapy trials, bucket total sample size as small(<100), medium(100–299), or large(≥300).",ok,,/mnt/data1/srchowd3/FD-NL2SQL/data/table_derivation_ground_truths_table24/questions/size_bucket__row_108__For_Chemotherapy_trials_bucket_total_sample_size_as_small_100_medium_100_299_or_large_300,/mnt/data1/srchowd3/FD-NL2SQL/data/table_derivation_ground_truths_table24/questions/size_bucket__row_108__For_Chemotherapy_trials_bucket_total_sample_size_as_small_100_medium_100_299_or_large_300/ground_truth_table.csv
row_130,130,size_bucket,"For Ipilimumab trials, bucket total sample size as small(<100), medium(100–299), or large(≥300).",ok,,/mnt/data1/srchowd3/FD-NL2SQL/data/table_derivation_ground_truths_table24/questions/size_bucket__row_130__For_Ipilimumab_trials_bucket_total_sample_size_as_small_100_medium_100_299_or_large_300,/mnt/data1/srchowd3/FD-NL2SQL/data/table_derivation_ground_truths_table24/questions/size_bucket__row_130__For_Ipilimumab_trials_bucket_total_sample_size_as_small_100_medium_100_299_or_large_300/ground_truth_table.csv
row_162,162,size_bucket,"For Brentuximab-vedotin trials, bucket total sample size as small(<100), medium(100–299), or large(≥300).",ok,,/mnt/data1/srchowd3/FD-NL2SQL/data/table_derivation_ground_truths_table24/questions/size_bucket__row_162__For_Brentuximab_vedotin_trials_bucket_total_sample_size_as_small_100_medium_100_299_or_lar,/mnt/data1/srchowd3/FD-NL2SQL/data/table_derivation_ground_truths_table24/questions/size_bucket__row_162__For_Brentuximab_vedotin_trials_bucket_total_sample_size_as_small_100_medium_100_299_or_lar/ground_truth_table.csv
row_220,220,size_bucket,"For Durvalumab trials, bucket total sample size as small(<100), medium(100–299), or large(≥300).",ok,,/mnt/data1/srchowd3/FD-NL2SQL/data/table_derivation_ground_truths_table24/questions/size_bucket__row_220__For_Durvalumab_trials_bucket_total_sample_size_as_small_100_medium_100_299_or_large_300,/mnt/data1/srchowd3/FD-NL2SQL/data/table_derivation_ground_truths_table24/questions/size_bucket__row_220__For_Durvalumab_trials_bucket_total_sample_size_as_small_100_medium_100_299_or_large_300/ground_truth_table.csv
row_223,223,size_bucket,"For Nivolumab trials, bucket total sample size as small(<100), medium(100–299), or large(≥300).",ok,,/mnt/data1/srchowd3/FD-NL2SQL/data/table_derivation_ground_truths_table24/questions/size_bucket__row_223__For_Nivolumab_trials_bucket_total_sample_size_as_small_100_medium_100_299_or_large_300,/mnt/data1/srchowd3/FD-NL2SQL/data/table_derivation_ground_truths_table24/questions/size_bucket__row_223__For_Nivolumab_trials_bucket_total_sample_size_as_small_100_medium_100_299_or_large_300/ground_truth_table.csv
row_255,255,size_bucket,"For Cemiplimab trials, bucket total sample size as small(<100), medium(100–299), or large(≥300).",ok,,/mnt/data1/srchowd3/FD-NL2SQL/data/table_derivation_ground_truths_table24/questions/size_bucket__row_255__For_Cemiplimab_trials_bucket_total_sample_size_as_small_100_medium_100_299_or_large_300,/mnt/data1/srchowd3/FD-NL2SQL/data/table_derivation_ground_truths_table24/questions/size_bucket__row_255__For_Cemiplimab_trials_bucket_total_sample_size_as_small_100_medium_100_299_or_large_300/ground_truth_table.csv
row_262,262,size_bucket,"For Tremelimumab trials, bucket total sample size as small(<100), medium(100–299), or large(≥300).",ok,,/mnt/data1/srchowd3/FD-NL2SQL/data/table_derivation_ground_truths_table24/questions/size_bucket__row_262__For_Tremelimumab_trials_bucket_total_sample_size_as_small_100_medium_100_299_or_large_300,/mnt/data1/srchowd3/FD-NL2SQL/data/table_derivation_ground_truths_table24/questions/size_bucket__row_262__For_Tremelimumab_trials_bucket_total_sample_size_as_small_100_medium_100_299_or_large_300/ground_truth_table.csv
row_283,283,size_bucket,"For Atezolizumab+Trastuzumab emtansine+Placebo trials, bucket total sample size as small(<100), medium(100–299), or large(≥300).",ok,,/mnt/data1/srchowd3/FD-NL2SQL/data/table_derivation_ground_truths_table24/questions/size_bucket__row_283__For_Atezolizumab_Trastuzumab_emtansine_Placebo_trials_bucket_total_sample_size_as_small_10,/mnt/data1/srchowd3/FD-NL2SQL/data/table_derivation_ground_truths_table24/questions/size_bucket__row_283__For_Atezolizumab_Trastuzumab_emtansine_Placebo_trials_bucket_total_sample_size_as_small_10/ground_truth_table.csv
row_350,350,size_bucket,"For Atezolizumab trials, bucket total sample size as small(<100), medium(100–299), or large(≥300).",ok,,/mnt/data1/srchowd3/FD-NL2SQL/data/table_derivation_ground_truths_table24/questions/size_bucket__row_350__For_Atezolizumab_trials_bucket_total_sample_size_as_small_100_medium_100_299_or_large_300,/mnt/data1/srchowd3/FD-NL2SQL/data/table_derivation_ground_truths_table24/questions/size_bucket__row_350__For_Atezolizumab_trials_bucket_total_sample_size_as_small_100_medium_100_299_or_large_300/ground_truth_table.csv
row_420,420,size_bucket,"For Durvalumab, Tremelimumab trials, bucket total sample size as small(<100), medium(100–299), or large(≥300).",ok,,/mnt/data1/srchowd3/FD-NL2SQL/data/table_derivation_ground_truths_table24/questions/size_bucket__row_420__For_Durvalumab_Tremelimumab_trials_bucket_total_sample_size_as_small_100_medium_100_299_or,/mnt/data1/srchowd3/FD-NL2SQL/data/table_derivation_ground_truths_table24/questions/size_bucket__row_420__For_Durvalumab_Tremelimumab_trials_bucket_total_sample_size_as_small_100_medium_100_299_or/ground_truth_table.csv
row_466,466,size_bucket,"For Pembrolizumab trials, bucket total sample size as small(<100), medium(100–299), or large(≥300).",ok,,/mnt/data1/srchowd3/FD-NL2SQL/data/table_derivation_ground_truths_table24/questions/size_bucket__row_466__For_Pembrolizumab_trials_bucket_total_sample_size_as_small_100_medium_100_299_or_large_300,/mnt/data1/srchowd3/FD-NL2SQL/data/table_derivation_ground_truths_table24/questions/size_bucket__row_466__For_Pembrolizumab_trials_bucket_total_sample_size_as_small_100_medium_100_299_or_large_300/ground_truth_table.csv
row_6,6,tki_agents,"In NSCLC studies using ICI+TKI, list the TKI agent(s) mentioned in the treatment regimen.",ok,,/mnt/data1/srchowd3/FD-NL2SQL/data/table_derivation_ground_truths_table24/questions/tki_agents__row_6__In_NSCLC_studies_using_ICI_TKI_list_the_TKI_agent_s_mentioned_in_the_treatment_regimen,/mnt/data1/srchowd3/FD-NL2SQL/data/table_derivation_ground_truths_table24/questions/tki_agents__row_6__In_NSCLC_studies_using_ICI_TKI_list_the_TKI_agent_s_mentioned_in_the_treatment_regimen/ground_truth_table.csv
row_31,31,tki_agents,"In Head and Neck studies using ICI+TKI, list the TKI agent(s) mentioned in the treatment regimen.",ok,,/mnt/data1/srchowd3/FD-NL2SQL/data/table_derivation_ground_truths_table24/questions/tki_agents__row_31__In_Head_and_Neck_studies_using_ICI_TKI_list_the_TKI_agent_s_mentioned_in_the_treatment_reg,/mnt/data1/srchowd3/FD-NL2SQL/data/table_derivation_ground_truths_table24/questions/tki_agents__row_31__In_Head_and_Neck_studies_using_ICI_TKI_list_the_TKI_agent_s_mentioned_in_the_treatment_reg/ground_truth_table.csv
row_46,46,tki_agents,"In Hepatocellular studies using ICI+TKI, list the TKI agent(s) mentioned in the treatment regimen.",ok,,/mnt/data1/srchowd3/FD-NL2SQL/data/table_derivation_ground_truths_table24/questions/tki_agents__row_46__In_Hepatocellular_studies_using_ICI_TKI_list_the_TKI_agent_s_mentioned_in_the_treatment_re,/mnt/data1/srchowd3/FD-NL2SQL/data/table_derivation_ground_truths_table24/questions/tki_agents__row_46__In_Hepatocellular_studies_using_ICI_TKI_list_the_TKI_agent_s_mentioned_in_the_treatment_re/ground_truth_table.csv
row_69,69,tki_agents,"In Prostate studies using ICI+TKI, list the TKI agent(s) mentioned in the treatment regimen.",ok,,/mnt/data1/srchowd3/FD-NL2SQL/data/table_derivation_ground_truths_table24/questions/tki_agents__row_69__In_Prostate_studies_using_ICI_TKI_list_the_TKI_agent_s_mentioned_in_the_treatment_regimen,/mnt/data1/srchowd3/FD-NL2SQL/data/table_derivation_ground_truths_table24/questions/tki_agents__row_69__In_Prostate_studies_using_ICI_TKI_list_the_TKI_agent_s_mentioned_in_the_treatment_regimen/ground_truth_table.csv
row_74,74,tki_agents,"In Renal cell studies using ICI+TKI, list the TKI agent(s) mentioned in the treatment regimen.",ok,,/mnt/data1/srchowd3/FD-NL2SQL/data/table_derivation_ground_truths_table24/questions/tki_agents__row_74__In_Renal_cell_studies_using_ICI_TKI_list_the_TKI_agent_s_mentioned_in_the_treatment_regime,/mnt/data1/srchowd3/FD-NL2SQL/data/table_derivation_ground_truths_table24/questions/tki_agents__row_74__In_Renal_cell_studies_using_ICI_TKI_list_the_TKI_agent_s_mentioned_in_the_treatment_regime/ground_truth_table.csv
row_136,136,tki_agents,"In Non-Small Cell Lung studies using ICI+TKI, list the TKI agent(s) mentioned in the treatment regimen.",ok,,/mnt/data1/srchowd3/FD-NL2SQL/data/table_derivation_ground_truths_table24/questions/tki_agents__row_136__In_Non_Small_Cell_Lung_studies_using_ICI_TKI_list_the_TKI_agent_s_mentioned_in_the_treatme,/mnt/data1/srchowd3/FD-NL2SQL/data/table_derivation_ground_truths_table24/questions/tki_agents__row_136__In_Non_Small_Cell_Lung_studies_using_ICI_TKI_list_the_TKI_agent_s_mentioned_in_the_treatme/ground_truth_table.csv
row_211,211,tki_agents,"In Urothelial studies using ICI+TKI, list the TKI agent(s) mentioned in the treatment regimen.",ok,,/mnt/data1/srchowd3/FD-NL2SQL/data/table_derivation_ground_truths_table24/questions/tki_agents__row_211__In_Urothelial_studies_using_ICI_TKI_list_the_TKI_agent_s_mentioned_in_the_treatment_regime,/mnt/data1/srchowd3/FD-NL2SQL/data/table_derivation_ground_truths_table24/questions/tki_agents__row_211__In_Urothelial_studies_using_ICI_TKI_list_the_TKI_agent_s_mentioned_in_the_treatment_regime/ground_truth_table.csv
row_219,219,tki_agents,"In Esophageal/GEJ studies using ICI+TKI, list the TKI agent(s) mentioned in the treatment regimen.",ok,,/mnt/data1/srchowd3/FD-NL2SQL/data/table_derivation_ground_truths_table24/questions/tki_agents__row_219__In_Esophageal_GEJ_studies_using_ICI_TKI_list_the_TKI_agent_s_mentioned_in_the_treatment_re,/mnt/data1/srchowd3/FD-NL2SQL/data/table_derivation_ground_truths_table24/questions/tki_agents__row_219__In_Esophageal_GEJ_studies_using_ICI_TKI_list_the_TKI_agent_s_mentioned_in_the_treatment_re/ground_truth_table.csv
row_239,239,tki_agents,"In Hodgkin Lymphoma studies using ICI+TKI, list the TKI agent(s) mentioned in the treatment regimen.",ok,,/mnt/data1/srchowd3/FD-NL2SQL/data/table_derivation_ground_truths_table24/questions/tki_agents__row_239__In_Hodgkin_Lymphoma_studies_using_ICI_TKI_list_the_TKI_agent_s_mentioned_in_the_treatment,/mnt/data1/srchowd3/FD-NL2SQL/data/table_derivation_ground_truths_table24/questions/tki_agents__row_239__In_Hodgkin_Lymphoma_studies_using_ICI_TKI_list_the_TKI_agent_s_mentioned_in_the_treatment/ground_truth_table.csv
row_246,246,tki_agents,"In Colorectal studies using ICI+TKI, list the TKI agent(s) mentioned in the treatment regimen.",ok,,/mnt/data1/srchowd3/FD-NL2SQL/data/table_derivation_ground_truths_table24/questions/tki_agents__row_246__In_Colorectal_studies_using_ICI_TKI_list_the_TKI_agent_s_mentioned_in_the_treatment_regime,/mnt/data1/srchowd3/FD-NL2SQL/data/table_derivation_ground_truths_table24/questions/tki_agents__row_246__In_Colorectal_studies_using_ICI_TKI_list_the_TKI_agent_s_mentioned_in_the_treatment_regime/ground_truth_table.csv
row_309,309,tki_agents,"In Breast studies using ICI+TKI, list the TKI agent(s) mentioned in the treatment regimen.",ok,,/mnt/data1/srchowd3/FD-NL2SQL/data/table_derivation_ground_truths_table24/questions/tki_agents__row_309__In_Breast_studies_using_ICI_TKI_list_the_TKI_agent_s_mentioned_in_the_treatment_regimen,/mnt/data1/srchowd3/FD-NL2SQL/data/table_derivation_ground_truths_table24/questions/tki_agents__row_309__In_Breast_studies_using_ICI_TKI_list_the_TKI_agent_s_mentioned_in_the_treatment_regimen/ground_truth_table.csv
row_353,353,tki_agents,"In Pancreatic studies using ICI+TKI, list the TKI agent(s) mentioned in the treatment regimen.",ok,,/mnt/data1/srchowd3/FD-NL2SQL/data/table_derivation_ground_truths_table24/questions/tki_agents__row_353__In_Pancreatic_studies_using_ICI_TKI_list_the_TKI_agent_s_mentioned_in_the_treatment_regime,/mnt/data1/srchowd3/FD-NL2SQL/data/table_derivation_ground_truths_table24/questions/tki_agents__row_353__In_Pancreatic_studies_using_ICI_TKI_list_the_TKI_agent_s_mentioned_in_the_treatment_regime/ground_truth_table.csv
row_372,372,tki_agents,"In Mesothelioma studies using ICI+TKI, list the TKI agent(s) mentioned in the treatment regimen.",ok,,/mnt/data1/srchowd3/FD-NL2SQL/data/table_derivation_ground_truths_table24/questions/tki_agents__row_372__In_Mesothelioma_studies_using_ICI_TKI_list_the_TKI_agent_s_mentioned_in_the_treatment_regi,/mnt/data1/srchowd3/FD-NL2SQL/data/table_derivation_ground_truths_table24/questions/tki_agents__row_372__In_Mesothelioma_studies_using_ICI_TKI_list_the_TKI_agent_s_mentioned_in_the_treatment_regi/ground_truth_table.csv
row_401,401,tki_agents,"In Multiple Myeloma studies using ICI+TKI, list the TKI agent(s) mentioned in the treatment regimen.",ok,,/mnt/data1/srchowd3/FD-NL2SQL/data/table_derivation_ground_truths_table24/questions/tki_agents__row_401__In_Multiple_Myeloma_studies_using_ICI_TKI_list_the_TKI_agent_s_mentioned_in_the_treatment,/mnt/data1/srchowd3/FD-NL2SQL/data/table_derivation_ground_truths_table24/questions/tki_agents__row_401__In_Multiple_Myeloma_studies_using_ICI_TKI_list_the_TKI_agent_s_mentioned_in_the_treatment/ground_truth_table.csv
row_407,407,tki_agents,"In Melanoma studies using ICI+TKI, list the TKI agent(s) mentioned in the treatment regimen.",ok,,/mnt/data1/srchowd3/FD-NL2SQL/data/table_derivation_ground_truths_table24/questions/tki_agents__row_407__In_Melanoma_studies_using_ICI_TKI_list_the_TKI_agent_s_mentioned_in_the_treatment_regimen,/mnt/data1/srchowd3/FD-NL2SQL/data/table_derivation_ground_truths_table24/questions/tki_agents__row_407__In_Melanoma_studies_using_ICI_TKI_list_the_TKI_agent_s_mentioned_in_the_treatment_regimen/ground_truth_table.csv
row_435,435,tki_agents,"In Bladder studies using ICI+TKI, list the TKI agent(s) mentioned in the treatment regimen.",ok,,/mnt/data1/srchowd3/FD-NL2SQL/data/table_derivation_ground_truths_table24/questions/tki_agents__row_435__In_Bladder_studies_using_ICI_TKI_list_the_TKI_agent_s_mentioned_in_the_treatment_regimen,/mnt/data1/srchowd3/FD-NL2SQL/data/table_derivation_ground_truths_table24/questions/tki_agents__row_435__In_Bladder_studies_using_ICI_TKI_list_the_TKI_agent_s_mentioned_in_the_treatment_regimen/ground_truth_table.csv
row_475,475,tki_agents,"In Small Cell Lung studies using ICI+TKI, list the TKI agent(s) mentioned in the treatment regimen.",ok,,/mnt/data1/srchowd3/FD-NL2SQL/data/table_derivation_ground_truths_table24/questions/tki_agents__row_475__In_Small_Cell_Lung_studies_using_ICI_TKI_list_the_TKI_agent_s_mentioned_in_the_treatment_r,/mnt/data1/srchowd3/FD-NL2SQL/data/table_derivation_ground_truths_table24/questions/tki_agents__row_475__In_Small_Cell_Lung_studies_using_ICI_TKI_list_the_TKI_agent_s_mentioned_in_the_treatment_r/ground_truth_table.csv
row_5,5,trial_acronym,"For Avelumab trials in Multiple Myeloma, extract the trial acronym from the trial name (e.g., KEYNOTE-xxx, CHECKMATE-xxx).",ok,,/mnt/data1/srchowd3/FD-NL2SQL/data/table_derivation_ground_truths_table24/questions/trial_acronym__row_5__For_Avelumab_trials_in_Multiple_Myeloma_extract_the_trial_acronym_from_the_trial_name_e_g,/mnt/data1/srchowd3/FD-NL2SQL/data/table_derivation_ground_truths_table24/questions/trial_acronym__row_5__For_Avelumab_trials_in_Multiple_Myeloma_extract_the_trial_acronym_from_the_trial_name_e_g/ground_truth_table.csv
row_11,11,trial_acronym,"For Nivolumab, Ipilimumab trials in Hodgkin Lymphoma, extract the trial acronym from the trial name (e.g., KEYNOTE-xxx, CHECKMATE-xxx).",ok,,/mnt/data1/srchowd3/FD-NL2SQL/data/table_derivation_ground_truths_table24/questions/trial_acronym__row_11__For_Nivolumab_Ipilimumab_trials_in_Hodgkin_Lymphoma_extract_the_trial_acronym_from_the_tri,/mnt/data1/srchowd3/FD-NL2SQL/data/table_derivation_ground_truths_table24/questions/trial_acronym__row_11__For_Nivolumab_Ipilimumab_trials_in_Hodgkin_Lymphoma_extract_the_trial_acronym_from_the_tri/ground_truth_table.csv
row_14,14,trial_acronym,"For Durvalumab, Tremelimumab trials in Head and Neck, extract the trial acronym from the trial name (e.g., KEYNOTE-xxx, CHECKMATE-xxx).",ok,,/mnt/data1/srchowd3/FD-NL2SQL/data/table_derivation_ground_truths_table24/questions/trial_acronym__row_14__For_Durvalumab_Tremelimumab_trials_in_Head_and_Neck_extract_the_trial_acronym_from_the_tri,/mnt/data1/srchowd3/FD-NL2SQL/data/table_derivation_ground_truths_table24/questions/trial_acronym__row_14__For_Durvalumab_Tremelimumab_trials_in_Head_and_Neck_extract_the_trial_acronym_from_the_tri/ground_truth_table.csv
row_17,17,trial_acronym,"For Atezolizumab trials in Pancreatic, extract the trial acronym from the trial name (e.g., KEYNOTE-xxx, CHECKMATE-xxx).",ok,,/mnt/data1/srchowd3/FD-NL2SQL/data/table_derivation_ground_truths_table24/questions/trial_acronym__row_17__For_Atezolizumab_trials_in_Pancreatic_extract_the_trial_acronym_from_the_trial_name_e_g_KE,/mnt/data1/srchowd3/FD-NL2SQL/data/table_derivation_ground_truths_table24/questions/trial_acronym__row_17__For_Atezolizumab_trials_in_Pancreatic_extract_the_trial_acronym_from_the_trial_name_e_g_KE/ground_truth_table.csv
row_21,21,trial_acronym,"For Chemotherapy trials in Melanoma, extract the trial acronym from the trial name (e.g., KEYNOTE-xxx, CHECKMATE-xxx).",ok,,/mnt/data1/srchowd3/FD-NL2SQL/data/table_derivation_ground_truths_table24/questions/trial_acronym__row_21__For_Chemotherapy_trials_in_Melanoma_extract_the_trial_acronym_from_the_trial_name_e_g_KEYN,/mnt/data1/srchowd3/FD-NL2SQL/data/table_derivation_ground_truths_table24/questions/trial_acronym__row_21__For_Chemotherapy_trials_in_Melanoma_extract_the_trial_acronym_from_the_trial_name_e_g_KEYN/ground_truth_table.csv
row_72,72,trial_acronym,"For Brentuximab-vedotin trials in Breast, extract the trial acronym from the trial name (e.g., KEYNOTE-xxx, CHECKMATE-xxx).",ok,,/mnt/data1/srchowd3/FD-NL2SQL/data/table_derivation_ground_truths_table24/questions/trial_acronym__row_72__For_Brentuximab_vedotin_trials_in_Breast_extract_the_trial_acronym_from_the_trial_name_e_g,/mnt/data1/srchowd3/FD-NL2SQL/data/table_derivation_ground_truths_table24/questions/trial_acronym__row_72__For_Brentuximab_vedotin_trials_in_Breast_extract_the_trial_acronym_from_the_trial_name_e_g/ground_truth_table.csv
row_97,97,trial_acronym,"For Nivolumab, Ipilimumab trials in Colorectal, extract the trial acronym from the trial name (e.g., KEYNOTE-xxx, CHECKMATE-xxx).",ok,,/mnt/data1/srchowd3/FD-NL2SQL/data/table_derivation_ground_truths_table24/questions/trial_acronym__row_97__For_Nivolumab_Ipilimumab_trials_in_Colorectal_extract_the_trial_acronym_from_the_trial_nam,/mnt/data1/srchowd3/FD-NL2SQL/data/table_derivation_ground_truths_table24/questions/trial_acronym__row_97__For_Nivolumab_Ipilimumab_trials_in_Colorectal_extract_the_trial_acronym_from_the_trial_nam/ground_truth_table.csv
row_120,120,trial_acronym,"For Nivolumab, Ipilimumab trials in NSCLC, extract the trial acronym from the trial name (e.g., KEYNOTE-xxx, CHECKMATE-xxx).",ok,,/mnt/data1/srchowd3/FD-NL2SQL/data/table_derivation_ground_truths_table24/questions/trial_acronym__row_120__For_Nivolumab_Ipilimumab_trials_in_NSCLC_extract_the_trial_acronym_from_the_trial_name_e_g,/mnt/data1/srchowd3/FD-NL2SQL/data/table_derivation_ground_truths_table24/questions/trial_acronym__row_120__For_Nivolumab_Ipilimumab_trials_in_NSCLC_extract_the_trial_acronym_from_the_trial_name_e_g/ground_truth_table.csv
row_124,124,trial_acronym,"For Ipilimumab trials in Esophageal/GEJ, extract the trial acronym from the trial name (e.g., KEYNOTE-xxx, CHECKMATE-xxx).",ok,,/mnt/data1/srchowd3/FD-NL2SQL/data/table_derivation_ground_truths_table24/questions/trial_acronym__row_124__For_Ipilimumab_trials_in_Esophageal_GEJ_extract_the_trial_acronym_from_the_trial_name_e_g,/mnt/data1/srchowd3/FD-NL2SQL/data/table_derivation_ground_truths_table24/questions/trial_acronym__row_124__For_Ipilimumab_trials_in_Esophageal_GEJ_extract_the_trial_acronym_from_the_trial_name_e_g/ground_truth_table.csv
row_139,139,trial_acronym,"For Avelumab trials in Head and Neck, extract the trial acronym from the trial name (e.g., KEYNOTE-xxx, CHECKMATE-xxx).",ok,,/mnt/data1/srchowd3/FD-NL2SQL/data/table_derivation_ground_truths_table24/questions/trial_acronym__row_139__For_Avelumab_trials_in_Head_and_Neck_extract_the_trial_acronym_from_the_trial_name_e_g_KEY,/mnt/data1/srchowd3/FD-NL2SQL/data/table_derivation_ground_truths_table24/questions/trial_acronym__row_139__For_Avelumab_trials_in_Head_and_Neck_extract_the_trial_acronym_from_the_trial_name_e_g_KEY/ground_truth_table.csv
row_164,164,trial_acronym,"For Pembrolizumab trials in Head and Neck, extract the trial acronym from the trial name (e.g., KEYNOTE-xxx, CHECKMATE-xxx).",ok,,/mnt/data1/srchowd3/FD-NL2SQL/data/table_derivation_ground_truths_table24/questions/trial_acronym__row_164__For_Pembrolizumab_trials_in_Head_and_Neck_extract_the_trial_acronym_from_the_trial_name_e,/mnt/data1/srchowd3/FD-NL2SQL/data/table_derivation_ground_truths_table24/questions/trial_acronym__row_164__For_Pembrolizumab_trials_in_Head_and_Neck_extract_the_trial_acronym_from_the_trial_name_e/ground_truth_table.csv
row_168,168,trial_acronym,"For Atezolizumab+Trastuzumab emtansine+Placebo trials in Non-Small Cell Lung, extract the trial acronym from the trial name (e.g., KEYNOTE-xxx, CHECKMATE-xxx).",ok,,/mnt/data1/srchowd3/FD-NL2SQL/data/table_derivation_ground_truths_table24/questions/trial_acronym__row_168__For_Atezolizumab_Trastuzumab_emtansine_Placebo_trials_in_Non_Small_Cell_Lung_extract_the_t,/mnt/data1/srchowd3/FD-NL2SQL/data/table_derivation_ground_truths_table24/questions/trial_acronym__row_168__For_Atezolizumab_Trastuzumab_emtansine_Placebo_trials_in_Non_Small_Cell_Lung_extract_the_t/ground_truth_table.csv
row_195,195,trial_acronym,"For Atezolizumab trials in Breast, extract the trial acronym from the trial name (e.g., KEYNOTE-xxx, CHECKMATE-xxx).",ok,,/mnt/data1/srchowd3/FD-NL2SQL/data/table_derivation_ground_truths_table24/questions/trial_acronym__row_195__For_Atezolizumab_trials_in_Breast_extract_the_trial_acronym_from_the_trial_name_e_g_KEYNOT,/mnt/data1/srchowd3/FD-NL2SQL/data/table_derivation_ground_truths_table24/questions/trial_acronym__row_195__For_Atezolizumab_trials_in_Breast_extract_the_trial_acronym_from_the_trial_name_e_g_KEYNOT/ground_truth_table.csv
row_206,206,trial_acronym,"For Durvalumab, Tremelimumab trials in Hepatocellular, extract the trial acronym from the trial name (e.g., KEYNOTE-xxx, CHECKMATE-xxx).",ok,,/mnt/data1/srchowd3/FD-NL2SQL/data/table_derivation_ground_truths_table24/questions/trial_acronym__row_206__For_Durvalumab_Tremelimumab_trials_in_Hepatocellular_extract_the_trial_acronym_from_the_tr,/mnt/data1/srchowd3/FD-NL2SQL/data/table_derivation_ground_truths_table24/questions/trial_acronym__row_206__For_Durvalumab_Tremelimumab_trials_in_Hepatocellular_extract_the_trial_acronym_from_the_tr/ground_truth_table.csv
row_225,225,trial_acronym,"For Atezolizumab+Trastuzumab emtansine+Placebo trials in Small Cell Lung, extract the trial acronym from the trial name (e.g., KEYNOTE-xxx, CHECKMATE-xxx).",ok,,/mnt/data1/srchowd3/FD-NL2SQL/data/table_derivation_ground_truths_table24/questions/trial_acronym__row_225__For_Atezolizumab_Trastuzumab_emtansine_Placebo_trials_in_Small_Cell_Lung_extract_the_trial,/mnt/data1/srchowd3/FD-NL2SQL/data/table_derivation_ground_truths_table24/questions/trial_acronym__row_225__For_Atezolizumab_Trastuzumab_emtansine_Placebo_trials_in_Small_Cell_Lung_extract_the_trial/ground_truth_table.csv
row_253,253,trial_acronym,"For Nivolumab trials in Pancreatic, extract the trial acronym from the trial name (e.g., KEYNOTE-xxx, CHECKMATE-xxx).",ok,,/mnt/data1/srchowd3/FD-NL2SQL/data/table_derivation_ground_truths_table24/questions/trial_acronym__row_253__For_Nivolumab_trials_in_Pancreatic_extract_the_trial_acronym_from_the_trial_name_e_g_KEYNO,/mnt/data1/srchowd3/FD-NL2SQL/data/table_derivation_ground_truths_table24/questions/trial_acronym__row_253__For_Nivolumab_trials_in_Pancreatic_extract_the_trial_acronym_from_the_trial_name_e_g_KEYNO/ground_truth_table.csv
row_265,265,trial_acronym,"For Durvalumab trials in Renal cell, extract the trial acronym from the trial name (e.g., KEYNOTE-xxx, CHECKMATE-xxx).",ok,,/mnt/data1/srchowd3/FD-NL2SQL/data/table_derivation_ground_truths_table24/questions/trial_acronym__row_265__For_Durvalumab_trials_in_Renal_cell_extract_the_trial_acronym_from_the_trial_name_e_g_KEYN,/mnt/data1/srchowd3/FD-NL2SQL/data/table_derivation_ground_truths_table24/questions/trial_acronym__row_265__For_Durvalumab_trials_in_Renal_cell_extract_the_trial_acronym_from_the_trial_name_e_g_KEYN/ground_truth_table.csv
row_286,286,trial_acronym,"For Nivolumab trials in Mesothelioma, extract the trial acronym from the trial name (e.g., KEYNOTE-xxx, CHECKMATE-xxx).",ok,,/mnt/data1/srchowd3/FD-NL2SQL/data/table_derivation_ground_truths_table24/questions/trial_acronym__row_286__For_Nivolumab_trials_in_Mesothelioma_extract_the_trial_acronym_from_the_trial_name_e_g_KEY,/mnt/data1/srchowd3/FD-NL2SQL/data/table_derivation_ground_truths_table24/questions/trial_acronym__row_286__For_Nivolumab_trials_in_Mesothelioma_extract_the_trial_acronym_from_the_trial_name_e_g_KEY/ground_truth_table.csv
row_311,311,trial_acronym,"For Pembrolizumab trials in Melanoma, extract the trial acronym from the trial name (e.g., KEYNOTE-xxx, CHECKMATE-xxx).",ok,,/mnt/data1/srchowd3/FD-NL2SQL/data/table_derivation_ground_truths_table24/questions/trial_acronym__row_311__For_Pembrolizumab_trials_in_Melanoma_extract_the_trial_acronym_from_the_trial_name_e_g_KEY,/mnt/data1/srchowd3/FD-NL2SQL/data/table_derivation_ground_truths_table24/questions/trial_acronym__row_311__For_Pembrolizumab_trials_in_Melanoma_extract_the_trial_acronym_from_the_trial_name_e_g_KEY/ground_truth_table.csv
row_320,320,trial_acronym,"For Atezolizumab trials in Multiple Myeloma, extract the trial acronym from the trial name (e.g., KEYNOTE-xxx, CHECKMATE-xxx).",ok,,/mnt/data1/srchowd3/FD-NL2SQL/data/table_derivation_ground_truths_table24/questions/trial_acronym__row_320__For_Atezolizumab_trials_in_Multiple_Myeloma_extract_the_trial_acronym_from_the_trial_name,/mnt/data1/srchowd3/FD-NL2SQL/data/table_derivation_ground_truths_table24/questions/trial_acronym__row_320__For_Atezolizumab_trials_in_Multiple_Myeloma_extract_the_trial_acronym_from_the_trial_name/ground_truth_table.csv
row_340,340,trial_acronym,"For Atezolizumab trials in Non-Small Cell Lung, extract the trial acronym from the trial name (e.g., KEYNOTE-xxx, CHECKMATE-xxx).",ok,,/mnt/data1/srchowd3/FD-NL2SQL/data/table_derivation_ground_truths_table24/questions/trial_acronym__row_340__For_Atezolizumab_trials_in_Non_Small_Cell_Lung_extract_the_trial_acronym_from_the_trial_na,/mnt/data1/srchowd3/FD-NL2SQL/data/table_derivation_ground_truths_table24/questions/trial_acronym__row_340__For_Atezolizumab_trials_in_Non_Small_Cell_Lung_extract_the_trial_acronym_from_the_trial_na/ground_truth_table.csv
row_342,342,trial_acronym,"For Pembrolizumab trials in NSCLC, extract the trial acronym from the trial name (e.g., KEYNOTE-xxx, CHECKMATE-xxx).",ok,,/mnt/data1/srchowd3/FD-NL2SQL/data/table_derivation_ground_truths_table24/questions/trial_acronym__row_342__For_Pembrolizumab_trials_in_NSCLC_extract_the_trial_acronym_from_the_trial_name_e_g_KEYNOT,/mnt/data1/srchowd3/FD-NL2SQL/data/table_derivation_ground_truths_table24/questions/trial_acronym__row_342__For_Pembrolizumab_trials_in_NSCLC_extract_the_trial_acronym_from_the_trial_name_e_g_KEYNOT/ground_truth_table.csv
row_356,356,trial_acronym,"For Tremelimumab trials in Non-Small Cell Lung, extract the trial acronym from the trial name (e.g., KEYNOTE-xxx, CHECKMATE-xxx).",ok,,/mnt/data1/srchowd3/FD-NL2SQL/data/table_derivation_ground_truths_table24/questions/trial_acronym__row_356__For_Tremelimumab_trials_in_Non_Small_Cell_Lung_extract_the_trial_acronym_from_the_trial_na,/mnt/data1/srchowd3/FD-NL2SQL/data/table_derivation_ground_truths_table24/questions/trial_acronym__row_356__For_Tremelimumab_trials_in_Non_Small_Cell_Lung_extract_the_trial_acronym_from_the_trial_na/ground_truth_table.csv
row_360,360,trial_acronym,"For Tremelimumab trials in Renal cell, extract the trial acronym from the trial name (e.g., KEYNOTE-xxx, CHECKMATE-xxx).",ok,,/mnt/data1/srchowd3/FD-NL2SQL/data/table_derivation_ground_truths_table24/questions/trial_acronym__row_360__For_Tremelimumab_trials_in_Renal_cell_extract_the_trial_acronym_from_the_trial_name_e_g_KE,/mnt/data1/srchowd3/FD-NL2SQL/data/table_derivation_ground_truths_table24/questions/trial_acronym__row_360__For_Tremelimumab_trials_in_Renal_cell_extract_the_trial_acronym_from_the_trial_name_e_g_KE/ground_truth_table.csv
row_370,370,trial_acronym,"For Atezolizumab+Trastuzumab emtansine+Placebo trials in Hodgkin Lymphoma, extract the trial acronym from the trial name (e.g., KEYNOTE-xxx, CHECKMATE-xxx).",ok,,/mnt/data1/srchowd3/FD-NL2SQL/data/table_derivation_ground_truths_table24/questions/trial_acronym__row_370__For_Atezolizumab_Trastuzumab_emtansine_Placebo_trials_in_Hodgkin_Lymphoma_extract_the_tria,/mnt/data1/srchowd3/FD-NL2SQL/data/table_derivation_ground_truths_table24/questions/trial_acronym__row_370__For_Atezolizumab_Trastuzumab_emtansine_Placebo_trials_in_Hodgkin_Lymphoma_extract_the_tria/ground_truth_table.csv
row_393,393,trial_acronym,"For Avelumab trials in Mesothelioma, extract the trial acronym from the trial name (e.g., KEYNOTE-xxx, CHECKMATE-xxx).",ok,,/mnt/data1/srchowd3/FD-NL2SQL/data/table_derivation_ground_truths_table24/questions/trial_acronym__row_393__For_Avelumab_trials_in_Mesothelioma_extract_the_trial_acronym_from_the_trial_name_e_g_KEYN,/mnt/data1/srchowd3/FD-NL2SQL/data/table_derivation_ground_truths_table24/questions/trial_acronym__row_393__For_Avelumab_trials_in_Mesothelioma_extract_the_trial_acronym_from_the_trial_name_e_g_KEYN/ground_truth_table.csv
row_399,399,trial_acronym,"For Brentuximab-vedotin trials in Hodgkin Lymphoma, extract the trial acronym from the trial name (e.g., KEYNOTE-xxx, CHECKMATE-xxx).",ok,,/mnt/data1/srchowd3/FD-NL2SQL/data/table_derivation_ground_truths_table24/questions/trial_acronym__row_399__For_Brentuximab_vedotin_trials_in_Hodgkin_Lymphoma_extract_the_trial_acronym_from_the_tria,/mnt/data1/srchowd3/FD-NL2SQL/data/table_derivation_ground_truths_table24/questions/trial_acronym__row_399__For_Brentuximab_vedotin_trials_in_Hodgkin_Lymphoma_extract_the_trial_acronym_from_the_tria/ground_truth_table.csv
row_402,402,trial_acronym,"For Atezolizumab+Trastuzumab emtansine+Placebo trials in Mesothelioma, extract the trial acronym from the trial name (e.g., KEYNOTE-xxx, CHECKMATE-xxx).",ok,,/mnt/data1/srchowd3/FD-NL2SQL/data/table_derivation_ground_truths_table24/questions/trial_acronym__row_402__For_Atezolizumab_Trastuzumab_emtansine_Placebo_trials_in_Mesothelioma_extract_the_trial_ac,/mnt/data1/srchowd3/FD-NL2SQL/data/table_derivation_ground_truths_table24/questions/trial_acronym__row_402__For_Atezolizumab_Trastuzumab_emtansine_Placebo_trials_in_Mesothelioma_extract_the_trial_ac/ground_truth_table.csv
row_404,404,trial_acronym,"For Brentuximab-vedotin trials in Hepatocellular, extract the trial acronym from the trial name (e.g., KEYNOTE-xxx, CHECKMATE-xxx).",ok,,/mnt/data1/srchowd3/FD-NL2SQL/data/table_derivation_ground_truths_table24/questions/trial_acronym__row_404__For_Brentuximab_vedotin_trials_in_Hepatocellular_extract_the_trial_acronym_from_the_trial,/mnt/data1/srchowd3/FD-NL2SQL/data/table_derivation_ground_truths_table24/questions/trial_acronym__row_404__For_Brentuximab_vedotin_trials_in_Hepatocellular_extract_the_trial_acronym_from_the_trial/ground_truth_table.csv
row_406,406,trial_acronym,"For Durvalumab trials in Small Cell Lung, extract the trial acronym from the trial name (e.g., KEYNOTE-xxx, CHECKMATE-xxx).",ok,,/mnt/data1/srchowd3/FD-NL2SQL/data/table_derivation_ground_truths_table24/questions/trial_acronym__row_406__For_Durvalumab_trials_in_Small_Cell_Lung_extract_the_trial_acronym_from_the_trial_name_e_g,/mnt/data1/srchowd3/FD-NL2SQL/data/table_derivation_ground_truths_table24/questions/trial_acronym__row_406__For_Durvalumab_trials_in_Small_Cell_Lung_extract_the_trial_acronym_from_the_trial_name_e_g/ground_truth_table.csv
row_410,410,trial_acronym,"For Avelumab trials in Urothelial, extract the trial acronym from the trial name (e.g., KEYNOTE-xxx, CHECKMATE-xxx).",ok,,/mnt/data1/srchowd3/FD-NL2SQL/data/table_derivation_ground_truths_table24/questions/trial_acronym__row_410__For_Avelumab_trials_in_Urothelial_extract_the_trial_acronym_from_the_trial_name_e_g_KEYNOT,/mnt/data1/srchowd3/FD-NL2SQL/data/table_derivation_ground_truths_table24/questions/trial_acronym__row_410__For_Avelumab_trials_in_Urothelial_extract_the_trial_acronym_from_the_trial_name_e_g_KEYNOT/ground_truth_table.csv
row_427,427,trial_acronym,"For Avelumab trials in Prostate, extract the trial acronym from the trial name (e.g., KEYNOTE-xxx, CHECKMATE-xxx).",ok,,/mnt/data1/srchowd3/FD-NL2SQL/data/table_derivation_ground_truths_table24/questions/trial_acronym__row_427__For_Avelumab_trials_in_Prostate_extract_the_trial_acronym_from_the_trial_name_e_g_KEYNOTE,/mnt/data1/srchowd3/FD-NL2SQL/data/table_derivation_ground_truths_table24/questions/trial_acronym__row_427__For_Avelumab_trials_in_Prostate_extract_the_trial_acronym_from_the_trial_name_e_g_KEYNOTE/ground_truth_table.csv
row_428,428,trial_acronym,"For Cemiplimab trials in Breast, extract the trial acronym from the trial name (e.g., KEYNOTE-xxx, CHECKMATE-xxx).",ok,,/mnt/data1/srchowd3/FD-NL2SQL/data/table_derivation_ground_truths_table24/questions/trial_acronym__row_428__For_Cemiplimab_trials_in_Breast_extract_the_trial_acronym_from_the_trial_name_e_g_KEYNOTE,/mnt/data1/srchowd3/FD-NL2SQL/data/table_derivation_ground_truths_table24/questions/trial_acronym__row_428__For_Cemiplimab_trials_in_Breast_extract_the_trial_acronym_from_the_trial_name_e_g_KEYNOTE/ground_truth_table.csv
row_444,444,trial_acronym,"For Durvalumab trials in Breast, extract the trial acronym from the trial name (e.g., KEYNOTE-xxx, CHECKMATE-xxx).",ok,,/mnt/data1/srchowd3/FD-NL2SQL/data/table_derivation_ground_truths_table24/questions/trial_acronym__row_444__For_Durvalumab_trials_in_Breast_extract_the_trial_acronym_from_the_trial_name_e_g_KEYNOTE,/mnt/data1/srchowd3/FD-NL2SQL/data/table_derivation_ground_truths_table24/questions/trial_acronym__row_444__For_Durvalumab_trials_in_Breast_extract_the_trial_acronym_from_the_trial_name_e_g_KEYNOTE/ground_truth_table.csv
row_455,455,trial_acronym,"For Avelumab trials in Pancreatic, extract the trial acronym from the trial name (e.g., KEYNOTE-xxx, CHECKMATE-xxx).",ok,,/mnt/data1/srchowd3/FD-NL2SQL/data/table_derivation_ground_truths_table24/questions/trial_acronym__row_455__For_Avelumab_trials_in_Pancreatic_extract_the_trial_acronym_from_the_trial_name_e_g_KEYNOT,/mnt/data1/srchowd3/FD-NL2SQL/data/table_derivation_ground_truths_table24/questions/trial_acronym__row_455__For_Avelumab_trials_in_Pancreatic_extract_the_trial_acronym_from_the_trial_name_e_g_KEYNOT/ground_truth_table.csv
row_463,463,trial_acronym,"For Durvalumab trials in Head and Neck, extract the trial acronym from the trial name (e.g., KEYNOTE-xxx, CHECKMATE-xxx).",ok,,/mnt/data1/srchowd3/FD-NL2SQL/data/table_derivation_ground_truths_table24/questions/trial_acronym__row_463__For_Durvalumab_trials_in_Head_and_Neck_extract_the_trial_acronym_from_the_trial_name_e_g_K,/mnt/data1/srchowd3/FD-NL2SQL/data/table_derivation_ground_truths_table24/questions/trial_acronym__row_463__For_Durvalumab_trials_in_Head_and_Neck_extract_the_trial_acronym_from_the_trial_name_e_g_K/ground_truth_table.csv
row_477,477,trial_acronym,"For Nivolumab, Ipilimumab trials in Mesothelioma, extract the trial acronym from the trial name (e.g., KEYNOTE-xxx, CHECKMATE-xxx).",ok,,/mnt/data1/srchowd3/FD-NL2SQL/data/table_derivation_ground_truths_table24/questions/trial_acronym__row_477__For_Nivolumab_Ipilimumab_trials_in_Mesothelioma_extract_the_trial_acronym_from_the_trial_n,/mnt/data1/srchowd3/FD-NL2SQL/data/table_derivation_ground_truths_table24/questions/trial_acronym__row_477__For_Nivolumab_Ipilimumab_trials_in_Mesothelioma_extract_the_trial_acronym_from_the_trial_n/ground_truth_table.csv
row_482,482,trial_acronym,"For Brentuximab-vedotin trials in Esophageal/GEJ, extract the trial acronym from the trial name (e.g., KEYNOTE-xxx, CHECKMATE-xxx).",ok,,/mnt/data1/srchowd3/FD-NL2SQL/data/table_derivation_ground_truths_table24/questions/trial_acronym__row_482__For_Brentuximab_vedotin_trials_in_Esophageal_GEJ_extract_the_trial_acronym_from_the_trial,/mnt/data1/srchowd3/FD-NL2SQL/data/table_derivation_ground_truths_table24/questions/trial_acronym__row_482__For_Brentuximab_vedotin_trials_in_Esophageal_GEJ_extract_the_trial_acronym_from_the_trial/ground_truth_table.csv
row_483,483,trial_acronym,"For Brentuximab-vedotin trials in Multiple Myeloma, extract the trial acronym from the trial name (e.g., KEYNOTE-xxx, CHECKMATE-xxx).",ok,,/mnt/data1/srchowd3/FD-NL2SQL/data/table_derivation_ground_truths_table24/questions/trial_acronym__row_483__For_Brentuximab_vedotin_trials_in_Multiple_Myeloma_extract_the_trial_acronym_from_the_tria,/mnt/data1/srchowd3/FD-NL2SQL/data/table_derivation_ground_truths_table24/questions/trial_acronym__row_483__For_Brentuximab_vedotin_trials_in_Multiple_Myeloma_extract_the_trial_acronym_from_the_tria/ground_truth_table.csv
row_489,489,trial_acronym,"For Avelumab trials in Bladder, extract the trial acronym from the trial name (e.g., KEYNOTE-xxx, CHECKMATE-xxx).",ok,,/mnt/data1/srchowd3/FD-NL2SQL/data/table_derivation_ground_truths_table24/questions/trial_acronym__row_489__For_Avelumab_trials_in_Bladder_extract_the_trial_acronym_from_the_trial_name_e_g_KEYNOTE_x,/mnt/data1/srchowd3/FD-NL2SQL/data/table_derivation_ground_truths_table24/questions/trial_acronym__row_489__For_Avelumab_trials_in_Bladder_extract_the_trial_acronym_from_the_trial_name_e_g_KEYNOTE_x/ground_truth_table.csv
row_493,493,trial_acronym,"For Cemiplimab trials in Hodgkin Lymphoma, extract the trial acronym from the trial name (e.g., KEYNOTE-xxx, CHECKMATE-xxx).",ok,,/mnt/data1/srchowd3/FD-NL2SQL/data/table_derivation_ground_truths_table24/questions/trial_acronym__row_493__For_Cemiplimab_trials_in_Hodgkin_Lymphoma_extract_the_trial_acronym_from_the_trial_name_e,/mnt/data1/srchowd3/FD-NL2SQL/data/table_derivation_ground_truths_table24/questions/trial_acronym__row_493__For_Cemiplimab_trials_in_Hodgkin_Lymphoma_extract_the_trial_acronym_from_the_trial_name_e/ground_truth_table.csv
row_498,498,trial_acronym,"For Atezolizumab trials in Head and Neck, extract the trial acronym from the trial name (e.g., KEYNOTE-xxx, CHECKMATE-xxx).",ok,,/mnt/data1/srchowd3/FD-NL2SQL/data/table_derivation_ground_truths_table24/questions/trial_acronym__row_498__For_Atezolizumab_trials_in_Head_and_Neck_extract_the_trial_acronym_from_the_trial_name_e_g,/mnt/data1/srchowd3/FD-NL2SQL/data/table_derivation_ground_truths_table24/questions/trial_acronym__row_498__For_Atezolizumab_trials_in_Head_and_Neck_extract_the_trial_acronym_from_the_trial_name_e_g/ground_truth_table.csv
row_499,499,trial_acronym,"For Ipilimumab trials in NSCLC, extract the trial acronym from the trial name (e.g., KEYNOTE-xxx, CHECKMATE-xxx).",ok,,/mnt/data1/srchowd3/FD-NL2SQL/data/table_derivation_ground_truths_table24/questions/trial_acronym__row_499__For_Ipilimumab_trials_in_NSCLC_extract_the_trial_acronym_from_the_trial_name_e_g_KEYNOTE_x,/mnt/data1/srchowd3/FD-NL2SQL/data/table_derivation_ground_truths_table24/questions/trial_acronym__row_499__For_Ipilimumab_trials_in_NSCLC_extract_the_trial_acronym_from_the_trial_name_e_g_KEYNOTE_x/ground_truth_table.csv
