{
  "baseline_evals": [
    "/mnt/data1/srchowd3/MAYO_AIM2/results/eval_baselines_v3/20260226_062742/eval_qwen3_30b_a3b_cot.json",
    "/mnt/data1/srchowd3/MAYO_AIM2/results/eval_baselines_v3/20260226_062742/eval_qwen3_30b_a3b_few_shot.json",
    "/mnt/data1/srchowd3/MAYO_AIM2/results/eval_baselines_v3/20260226_062742/eval_qwen3_30b_a3b_zero_shot.json"
  ],
  "batch_evals": [
    "/mnt/data1/srchowd3/MAYO_AIM2/method/batch_qwen3_30b/batch_1/batch_1.eval.json",
    "/mnt/data1/srchowd3/MAYO_AIM2/method/batch_qwen3_30b/batch_2/batch_2.eval.json",
    "/mnt/data1/srchowd3/MAYO_AIM2/method/batch_qwen3_30b/batch_3/batch_3.eval.json"
  ],
  "id_source": "pred_nonempty",
  "summary_rows": [
    {
      "baseline": "eval_qwen3_30b_a3b_cot",
      "batch": "batch_1.eval",
      "common_ids": 500,
      "metrics": {
        "ast": {
          "batch": 0.9042132147313006,
          "fewshot": 0.884128508003465,
          "delta_batch_minus_fewshot": 0.020084706727835577
        },
        "harmonic_em": {
          "batch": 0.4517059829580241,
          "fewshot": 2.3810895977052498e-07,
          "delta_batch_minus_fewshot": 0.45170574484906434
        },
        "rouge_f1": {
          "batch": 0.9424973665484299,
          "fewshot": 0.7845905837471262,
          "delta_batch_minus_fewshot": 0.15790678280130366
        },
        "chrf": {
          "batch": 94.17902309858661,
          "fewshot": 72.58850091413312,
          "delta_batch_minus_fewshot": 21.59052218445349
        },
        "em": {
          "batch": 0.524,
          "fewshot": 0.04,
          "delta_batch_minus_fewshot": 0.48400000000000004
        },
        "f1": {
          "batch": 0.6620382278896522,
          "fewshot": 0.2717592454364632,
          "delta_batch_minus_fewshot": 0.390278982453189
        },
        "sql": {
          "batch": 1.0,
          "fewshot": 0.48,
          "delta_batch_minus_fewshot": 0.52
        },
        "confidence": {
          "batch": 0.645049365251102,
          "fewshot": 1.1111914240932866e-06,
          "delta_batch_minus_fewshot": 0.6450482540596779
        }
      }
    },
    {
      "baseline": "eval_qwen3_30b_a3b_cot",
      "batch": "batch_2.eval",
      "common_ids": 500,
      "metrics": {
        "ast": {
          "batch": 0.8415386887756082,
          "fewshot": 0.8391082005583126,
          "delta_batch_minus_fewshot": 0.0024304882172956344
        },
        "harmonic_em": {
          "batch": 0.2890114743177179,
          "fewshot": 6.507690329502968e-05,
          "delta_batch_minus_fewshot": 0.28894639741442285
        },
        "rouge_f1": {
          "batch": 0.9050535787930024,
          "fewshot": 0.8296996933244429,
          "delta_batch_minus_fewshot": 0.07535388546855948
        },
        "chrf": {
          "batch": 90.26387778240226,
          "fewshot": 80.30002312514445,
          "delta_batch_minus_fewshot": 9.963854657257812
        },
        "em": {
          "batch": 0.338,
          "fewshot": 0.154,
          "delta_batch_minus_fewshot": 0.18400000000000002
        },
        "f1": {
          "batch": 0.494371212897799,
          "fewshot": 0.288173374430659,
          "delta_batch_minus_fewshot": 0.20619783846714002
        },
        "sql": {
          "batch": 1.0,
          "fewshot": 0.588,
          "delta_batch_minus_fewshot": 0.41200000000000003
        },
        "confidence": {
          "batch": 0.6536558520533859,
          "fewshot": 3.468603231308123e-05,
          "delta_batch_minus_fewshot": 0.6536211660210729
        }
      }
    },
    {
      "baseline": "eval_qwen3_30b_a3b_cot",
      "batch": "batch_3.eval",
      "common_ids": 500,
      "metrics": {
        "ast": {
          "batch": 0.8449940180043625,
          "fewshot": 0.8397728380446017,
          "delta_batch_minus_fewshot": 0.005221179959760791
        },
        "harmonic_em": {
          "batch": 0.33082287120251075,
          "fewshot": 6.889219442320238e-05,
          "delta_batch_minus_fewshot": 0.33075397900808756
        },
        "rouge_f1": {
          "batch": 0.9221287407575746,
          "fewshot": 0.8426338635569136,
          "delta_batch_minus_fewshot": 0.07949487720066095
        },
        "chrf": {
          "batch": 91.30546504567481,
          "fewshot": 80.25241657550828,
          "delta_batch_minus_fewshot": 11.05304847016653
        },
        "em": {
          "batch": 0.366,
          "fewshot": 0.172,
          "delta_batch_minus_fewshot": 0.194
        },
        "f1": {
          "batch": 0.510651194996051,
          "fewshot": 0.33211610419575993,
          "delta_batch_minus_fewshot": 0.17853509080029112
        },
        "sql": {
          "batch": 1.0,
          "fewshot": 0.622,
          "delta_batch_minus_fewshot": 0.378
        },
        "confidence": {
          "batch": 0.6903424941013809,
          "fewshot": 2.506778085820739e-05,
          "delta_batch_minus_fewshot": 0.6903174263205227
        }
      }
    },
    {
      "baseline": "eval_qwen3_30b_a3b_cot",
      "batch": "overall_combined",
      "common_ids": 1500,
      "metrics": {
        "ast": {
          "batch": 0.8635819738370905,
          "fewshot": 0.8521396514992268,
          "delta_batch_minus_fewshot": 0.011442322337863686
        },
        "harmonic_em": {
          "batch": 0.35718010949275086,
          "fewshot": 4.8065358798461057e-05,
          "delta_batch_minus_fewshot": 0.3571320441339524
        },
        "rouge_f1": {
          "batch": 0.9241479142477953,
          "fewshot": 0.8209811864933184,
          "delta_batch_minus_fewshot": 0.10316672775447688
        },
        "chrf": {
          "batch": 92.02189949985932,
          "fewshot": 77.96490148056924,
          "delta_batch_minus_fewshot": 14.056998019290077
        },
        "em": {
          "batch": 0.4093333333333333,
          "fewshot": 0.122,
          "delta_batch_minus_fewshot": 0.28733333333333333
        },
        "f1": {
          "batch": 0.5556868785945007,
          "fewshot": 0.29734957468762735,
          "delta_batch_minus_fewshot": 0.2583373039068734
        },
        "sql": {
          "batch": 1.0,
          "fewshot": 0.5633333333333334,
          "delta_batch_minus_fewshot": 0.43666666666666665
        },
        "confidence": {
          "batch": 0.6630159038019563,
          "fewshot": 2.1610010992580796e-05,
          "delta_batch_minus_fewshot": 0.6629942937909638
        }
      }
    },
    {
      "baseline": "eval_qwen3_30b_a3b_few_shot",
      "batch": "batch_1.eval",
      "common_ids": 500,
      "metrics": {
        "ast": {
          "batch": 0.9042132147313006,
          "fewshot": 0.8414516363483124,
          "delta_batch_minus_fewshot": 0.06276157838298813
        },
        "harmonic_em": {
          "batch": 0.4517059829580241,
          "fewshot": 0.1704256043121948,
          "delta_batch_minus_fewshot": 0.28128037864582933
        },
        "rouge_f1": {
          "batch": 0.9424973665484299,
          "fewshot": 0.8605268966049542,
          "delta_batch_minus_fewshot": 0.08197046994347568
        },
        "chrf": {
          "batch": 94.17902309858661,
          "fewshot": 82.72925014145856,
          "delta_batch_minus_fewshot": 11.449772957128047
        },
        "em": {
          "batch": 0.524,
          "fewshot": 0.234,
          "delta_batch_minus_fewshot": 0.29000000000000004
        },
        "f1": {
          "batch": 0.6620382278896522,
          "fewshot": 0.6301414105952928,
          "delta_batch_minus_fewshot": 0.031896817294359336
        },
        "sql": {
          "batch": 1.0,
          "fewshot": 1.0,
          "delta_batch_minus_fewshot": 0.0
        },
        "confidence": {
          "batch": 0.645049365251102,
          "fewshot": 0.289714693498701,
          "delta_batch_minus_fewshot": 0.355334671752401
        }
      }
    },
    {
      "baseline": "eval_qwen3_30b_a3b_few_shot",
      "batch": "batch_2.eval",
      "common_ids": 500,