item_id,csv_row_number,question,column_used,expected_keys_json,model_name,view_name,rank,cosine_score,is_relevant,rowid,NCT,PubMed ID,Trial name,source_value,candidate_row_json
row_336,336,"In Non-Small Cell Lung trials, convert 'Type of therapy' into is_combination = true/false.",Type of therapy,"[""is_combination""]",bert,column,1,0.6243283748626709,0,4,NCT02425891,30345906,IMpassion130,Combination,"{""Author"": ""Schmid P et al"", ""Cancer type"": ""Breast"", ""Class of ICI"": ""PD-L1"", ""Clincal setting in relation to surgery"": ""Metastatic+recurrent (unresectable)"", ""Clinical setting"": ""Metastatic+recurrent (unresectable)"", ""Control arm"": ""Chemo"", ""Control regimen"": ""Nab-paclitaxel"", ""Follow-up duration for primary endpoint(s) in months | Control"": ""12.5"", ""Follow-up duration for primary endpoint(s) in months | Overall"": ""12.9"", ""Follow-up duration for primary endpoint(s) in months | Rx"": ""13"", ""Included in MA"": ""Yes"", ""Is PD-L1 positivity inclusion criteria"": ""No"", ""Is any other biomarker used for inclusion"": ""No"", ""Lines of treatment"": ""Only 1st line of treatment for metastatic disease"", ""Monotherapy/combination"": ""Combination"", ""NCT"": ""NCT02425891"", ""Name of ICI"": ""Atezolizumab"", ""Number of arms"": 2, ""Originial publication or Follow-up"": ""Original publication"", ""Priamry Multiple, composite, or co-primary endpoints?"": ""Multiple"", ""Primary endpoint"": ""OS+PFS"", ""PubMed ID"": ""30345906"", ""Secondary endpoint"": ""investigator-assessed RECIST v1.1 ORR,  DoR"", ""Total sample size"": 902, ""Treatment regimen"": ""Atezolizumab+Nab-paclitaxel"", ""Trial name"": ""IMpassion130"", ""Trial phase"": ""Phase 3"", ""Type of combination"": ""ICI+Chemo"", ""Type of control"": ""Chemo"", ""Type of follow-up given"": ""Median"", ""Type of therapy"": ""Combination"", ""Year"": 2018, ""__rowid__"": 4}"
row_336,336,"In Non-Small Cell Lung trials, convert 'Type of therapy' into is_combination = true/false.",Type of therapy,"[""is_combination""]",bert,column,2,0.6243283748626709,0,5,NCT02685059,31095287,GeparNuevo,Combination,"{""Author"": ""Loibl S et al"", ""Cancer type"": ""Breast"", ""Class of ICI"": ""PD-L1"", ""Clincal setting in relation to surgery"": ""Neoadjuvant"", ""Clinical setting"": ""Neoadjuvant"", ""Control arm"": ""Chemo"", ""Control regimen"": ""Placebo+Nab-paclitaxel+Epirubicin+Cyclophosphamide"", ""Follow-up duration for primary endpoint(s) in months | Control"": null, ""Follow-up duration for primary endpoint(s) in months | Overall"": null, ""Follow-up duration for primary endpoint(s) in months | Rx"": null, ""Included in MA"": ""Yes"", ""Is PD-L1 positivity inclusion criteria"": ""No"", ""Is any other biomarker used for inclusion"": ""No"", ""Lines of treatment"": null, ""Monotherapy/combination"": ""Combination"", ""NCT"": ""NCT02685059"", ""Name of ICI"": ""Durvalumab"", ""Number of arms"": 2, ""Originial publication or Follow-up"": ""Original publication"", ""Priamry Multiple, composite, or co-primary endpoints?"": null, ""Primary endpoint"": ""Path CR"", ""PubMed ID"": ""31095287"", ""Secondary endpoint"": ""response rate by other path CR definitions (ypT0/is ypN0, ypT0/is ypN0/þ, and ypN0) and by clinical and imaging assessment; rate of breast conserving surgery and axilla lymph node dissection; efficacy in predefined subgroups according to centrally assessed sTILs [low ( 10%), intermediate (11%–59%), high ( 60%)]"", ""Total sample size"": 174, ""Treatment regimen"": ""Durvalumab+Nab-paclitaxel+epirubicin+cyclophosphamide"", ""Trial name"": ""GeparNuevo"", ""Trial phase"": ""Phase 2"", ""Type of combination"": ""ICI+Chemo"", ""Type of control"": ""Chemo"", ""Type of follow-up given"": null, ""Type of therapy"": ""Combination"", ""Year"": 2019, ""__rowid__"": 5}"
row_336,336,"In Non-Small Cell Lung trials, convert 'Type of therapy' into is_combination = true/false.",Type of therapy,"[""is_combination""]",bert,column,3,0.6243283748626709,0,6,NCT02788279,31003911,IMblaze130,Combination,"{""Author"": ""Eng C et al"", ""Cancer type"": ""Colorectal"", ""Class of ICI"": ""PD-L1"", ""Clincal setting in relation to surgery"": ""Metastatic+recurrent (unresectable)"", ""Clinical setting"": ""Metastatic+recurrent (unresectable)"", ""Control arm"": ""Multikinase inhibitor"", ""Control regimen"": ""Regorafenib"", ""Follow-up duration for primary endpoint(s) in months | Control"": null, ""Follow-up duration for primary endpoint(s) in months | Overall"": ""7.3"", ""Follow-up duration for primary endpoint(s) in months | Rx"": null, ""Included in MA"": ""No"", ""Is PD-L1 positivity inclusion criteria"": ""No"", ""Is any other biomarker used for inclusion"": ""No"", ""Lines of treatment"": ""Only 2nd or later line of treatment for metastatic disease"", ""Monotherapy/combination"": ""Combination"", ""NCT"": ""NCT02788279"", ""Name of ICI"": ""Atezolizumab"", ""Number of arms"": 3, ""Originial publication or Follow-up"": ""Original publication"", ""Priamry Multiple, composite, or co-primary endpoints?"": null, ""Primary endpoint"": ""OS"", ""PubMed ID"": ""31003911"", ""Secondary endpoint"": ""investigator-assessed RECIST v1.1 ORR, PFS, DoR"", ""Total sample size"": 363, ""Treatment regimen"": ""Atezolizumab+Cobimetinib"", ""Trial name"": ""IMblaze130"", ""Trial phase"": ""Phase 3"", ""Type of combination"": ""ICI+MEKi"", ""Type of control"": ""Multikinase inhibitor"", ""Type of follow-up given"": ""Median"", ""Type of therapy"": ""Combination"", ""Year"": 2019, ""__rowid__"": 6}"
row_336,336,"In Non-Small Cell Lung trials, convert 'Type of therapy' into is_combination = true/false.",Type of therapy,"[""is_combination""]",bert,column,4,0.6243283748626709,0,21,NCT02853331,30779529,KEYNOTE-426,Combination,"{""Author"": ""Rini BI et al"", ""Cancer type"": ""Renal cell"", ""Class of ICI"": ""PD1"", ""Clincal setting in relation to surgery"": ""Metastatic+recurrent (unresectable)"", ""Clinical setting"": ""Metastatic+recurrent (unresectable)"", ""Control arm"": ""TKI"", ""Control regimen"": ""Sunitinib"", ""Follow-up duration for primary endpoint(s) in months | Control"": null, ""Follow-up duration for primary endpoint(s) in months | Overall"": ""12.8"", ""Follow-up duration for primary endpoint(s) in months | Rx"": null, ""Included in MA"": ""Yes"", ""Is PD-L1 positivity inclusion criteria"": ""No"", ""Is any other biomarker used for inclusion"": ""No"", ""Lines of treatment"": ""Only 1st line of treatment for metastatic disease"", ""Monotherapy/combination"": ""Combination"", ""NCT"": ""NCT02853331"", ""Name of ICI"": ""Pembrolizumab"", ""Number of arms"": 2, ""Originial publication or Follow-up"": ""Original publication"", ""Priamry Multiple, composite, or co-primary endpoints?"": ""Multiple"", ""Primary endpoint"": ""OS+PFS"", ""PubMed ID"": ""30779529"", ""Secondary endpoint"": ""ORR; duration of response; safety"", ""Total sample size"": 861, ""Treatment regimen"": ""Pembrolizumab+Axitinib"", ""Trial name"": ""KEYNOTE-426"", ""Trial phase"": ""Phase 3"", ""Type of combination"": ""ICI+TKI"", ""Type of control"": ""TKI"", ""Type of follow-up given"": ""Median"", ""Type of therapy"": ""Combination"", ""Year"": 2019, ""__rowid__"": 21}"
row_336,336,"In Non-Small Cell Lung trials, convert 'Type of therapy' into is_combination = true/false.",Type of therapy,"[""is_combination""]",bert,column,5,0.6243283748626709,0,20,NCT02684006,30779531,JAVELIN Renal 101,Combination,"{""Author"": ""Motzer RJ et al"", ""Cancer type"": ""Renal cell"", ""Class of ICI"": ""PD-L1"", ""Clincal setting in relation to surgery"": ""Metastatic+recurrent (unresectable)"", ""Clinical setting"": ""Metastatic+recurrent (unresectable)"", ""Control arm"": ""TKI"", ""Control regimen"": ""Sunitinib"", ""Follow-up duration for primary endpoint(s) in months | Control"": ""10.7, 8.4"", ""Follow-up duration for primary endpoint(s) in months | Overall"": null, ""Follow-up duration for primary endpoint(s) in months | Rx"": ""11.6, 9.9"", ""Included in MA"": ""Yes"", ""Is PD-L1 positivity inclusion criteria"": ""No"", ""Is any other biomarker used for inclusion"": ""No"", ""Lines of treatment"": ""Only 1st line of treatment for metastatic disease"", ""Monotherapy/combination"": ""Combination"", ""NCT"": ""NCT02684006"", ""Name of ICI"": ""Avelumab"", ""Number of arms"": 2, ""Originial publication or Follow-up"": ""Original publication"", ""Priamry Multiple, composite, or co-primary endpoints?"": ""Multiple"", ""Primary endpoint"": ""OS+PFS"", ""PubMed ID"": ""30779531"", ""Secondary endpoint"": ""PFS and OS irrespective of PD-L1 expression; PFS as determined by investigator assessment; ORR; adverse events; pharmacokinetic measures; tumor tissue biomarkers; patient-reported outcomes."", ""Total sample size"": 886, ""Treatment regimen"": ""Avelumab+Axitinib"", ""Trial name"": ""JAVELIN Renal 101"", ""Trial phase"": ""Phase 3"", ""Type of combination"": ""ICI+TKI"", ""Type of control"": ""TKI"", ""Type of follow-up given"": ""Median"", ""Type of therapy"": ""Combination"", ""Year"": 2019, ""__rowid__"": 20}"
row_336,336,"In Non-Small Cell Lung trials, convert 'Type of therapy' into is_combination = true/false.",Type of therapy,"[""is_combination""]",bert,column,6,0.6243283748626709,0,32,NCT01450761,27458307,CA184-156,Combination,"{""Author"": ""Reck M et al"", ""Cancer type"": ""Small Cell Lung"", ""Class of ICI"": ""CTLA-4"", ""Clincal setting in relation to surgery"": ""Metastatic+recurrent (unresectable)"", ""Clinical setting"": ""Metastatic+recurrent (unresectable)"", ""Control arm"": ""Chemo"", ""Control regimen"": ""Placebo+Etoposide+Platinum agent"", ""Follow-up duration for primary endpoint(s) in months | Control"": ""10.2"", ""Follow-up duration for primary endpoint(s) in months | Overall"": null, ""Follow-up duration for primary endpoint(s) in months | Rx"": ""10.5"", ""Included in MA"": ""Yes"", ""Is PD-L1 positivity inclusion criteria"": ""No"", ""Is any other biomarker used for inclusion"": ""No"", ""Lines of treatment"": ""Only 1st line of treatment for metastatic disease"", ""Monotherapy/combination"": ""Combination"", ""NCT"": ""NCT01450761"", ""Name of ICI"": ""Ipilimumab"", ""Number of arms"": 2, ""Originial publication or Follow-up"": ""Original publication"", ""Priamry Multiple, composite, or co-primary endpoints?"": null, ""Primary endpoint"": ""OS"", ""PubMed ID"": ""27458307"", ""Secondary endpoint"": ""PFS, ORR, DOR"", ""Total sample size"": 1132, ""Treatment regimen"": ""Ipilimumab+Etoposide+Platinum agent"", ""Trial name"": ""CA184-156"", ""Trial phase"": ""Phase 3"", ""Type of combination"": ""ICI+Chemo"", ""Type of control"": ""Chemo"", ""Type of follow-up given"": ""Median"", ""Type of therapy"": ""Combination"", ""Year"": 2016, ""__rowid__"": 32}"
row_336,336,"In Non-Small Cell Lung trials, convert 'Type of therapy' into is_combination = true/false.",Type of therapy,"[""is_combination""]",bert,column,7,0.6243283748626709,0,26,NCT00527735,22858559,,Combination,"{""Author"": ""Reck M et al (1)"", ""Cancer type"": ""Small Cell Lung"", ""Class of ICI"": ""CTLA-4"", ""Clincal setting in relation to surgery"": ""Metastatic+recurrent (unresectable)"", ""Clinical setting"": ""Metastatic+recurrent (unresectable)"", ""Control arm"": ""Chemo"", ""Control regimen"": ""Placebo+Paclitaxel+Carboplatin"", ""Follow-up duration for primary endpoint(s) in months | Control"": null, ""Follow-up duration for primary endpoint(s) in months | Overall"": ""11.1"", ""Follow-up duration for primary endpoint(s) in months | Rx"": null, ""Included in MA"": ""Yes"", ""Is PD-L1 positivity inclusion criteria"": ""No"", ""Is any other biomarker used for inclusion"": ""No"", ""Lines of treatment"": ""Only 1st line of treatment for metastatic disease"", ""Monotherapy/combination"": ""Combination"", ""NCT"": ""NCT00527735"", ""Name of ICI"": ""Ipilimumab"", ""Number of arms"": 3, ""Originial publication or Follow-up"": ""Original publication"", ""Priamry Multiple, composite, or co-primary endpoints?"": null, ""Primary endpoint"": null, ""PubMed ID"": ""22858559"", ""Secondary endpoint"": ""Immune-related PFS; modified WHO criteria PFS; OS; modified WHO criteria best overall response rate; irBORR (proportion of patients with irCR or irPR);  modified WHO criteria disease control rate; irDCR (proportion of patients with irCR, irPR or irSD)"", ""Total sample size"": 130, ""Treatment regimen"": ""Phased ipilimumab+Paclitaxel+Carboplatin"", ""Trial name"": null, ""Trial phase"": ""Phase 2"", ""Type of combination"": ""ICI+Chemo"", ""Type of control"": ""Chemo"", ""Type of follow-up given"": ""Minimum"", ""Type of therapy"": ""Combination"", ""Year"": 2012, ""__rowid__"": 26}"
row_336,336,"In Non-Small Cell Lung trials, convert 'Type of therapy' into is_combination = true/false.",Type of therapy,"[""is_combination""]",bert,column,8,0.6243283748626709,0,25,NCT00527735,22858559,,Combination,"{""Author"": ""Reck M et al"", ""Cancer type"": ""Small Cell Lung"", ""Class of ICI"": ""CTLA-4"", ""Clincal setting in relation to surgery"": ""Metastatic+recurrent (unresectable)"", ""Clinical setting"": ""Metastatic+recurrent (unresectable)"", ""Control arm"": ""Chemo"", ""Control regimen"": ""Placebo+Paclitaxel+Carboplatin"", ""Follow-up duration for primary endpoint(s) in months | Control"": null, ""Follow-up duration for primary endpoint(s) in months | Overall"": ""11.1"", ""Follow-up duration for primary endpoint(s) in months | Rx"": null, ""Included in MA"": ""Yes"", ""Is PD-L1 positivity inclusion criteria"": ""No"", ""Is any other biomarker used for inclusion"": ""No"", ""Lines of treatment"": ""Only 1st line of treatment for metastatic disease"", ""Monotherapy/combination"": ""Combination"", ""NCT"": ""NCT00527735"", ""Name of ICI"": ""Ipilimumab"", ""Number of arms"": 3, ""Originial publication or Follow-up"": ""Original publication"", ""Priamry Multiple, composite, or co-primary endpoints?"": null, ""Primary endpoint"": null, ""PubMed ID"": ""22858559"", ""Secondary endpoint"": ""Immune-related PFS; modified WHO criteria PFS; OS; modified WHO criteria best overall response rate; irBORR (proportion of patients with irCR or irPR);  modified WHO criteria disease control rate; irDCR (proportion of patients with irCR, irPR or irSD)"", ""Total sample size"": 130, ""Treatment regimen"": ""Concurrent ipilimumab+Paclitaxel+Carboplatin"", ""Trial name"": null, ""Trial phase"": ""Phase 2"", ""Type of combination"": ""ICI+Chemo"", ""Type of control"": ""Chemo"", ""Type of follow-up given"": ""Minimum"", ""Type of therapy"": ""Combination"", ""Year"": 2012, ""__rowid__"": 25}"
row_336,336,"In Non-Small Cell Lung trials, convert 'Type of therapy' into is_combination = true/false.",Type of therapy,"[""is_combination""]",bert,column,9,0.6243283748626709,1,24,NCT00527735,22547592,,Combination,"{""Author"": ""Lynch TJ et al (1)"", ""Cancer type"": ""Non-Small Cell Lung"", ""Class of ICI"": ""CTLA-4"", ""Clincal setting in relation to surgery"": ""Metastatic+recurrent (unresectable)"", ""Clinical setting"": ""Metastatic+recurrent (unresectable)"", ""Control arm"": ""Chemo"", ""Control regimen"": ""Placebo+Paclitaxel+Carboplatin"", ""Follow-up duration for primary endpoint(s) in months | Control"": null, ""Follow-up duration for primary endpoint(s) in months | Overall"": null, ""Follow-up duration for primary endpoint(s) in months | Rx"": null, ""Included in MA"": ""Yes"", ""Is PD-L1 positivity inclusion criteria"": ""No"", ""Is any other biomarker used for inclusion"": ""No"", ""Lines of treatment"": ""Only 1st line of treatment for metastatic disease"", ""Monotherapy/combination"": ""Combination"", ""NCT"": ""NCT00527735"", ""Name of ICI"": ""Ipilimumab"", ""Number of arms"": 3, ""Originial publication or Follow-up"": ""Original publication"", ""Priamry Multiple, composite, or co-primary endpoints?"": null, ""Primary endpoint"": ""PFS"", ""PubMed ID"": ""22547592"", ""Secondary endpoint"": ""Modified WHO criteria PFS; OS; immune-related best overall response rate; modified WHO criteria best overall response rate;  immune-related disease control rate; modified WHO criteria disease control\nrate"", ""Total sample size"": 204, ""Treatment regimen"": ""Phased ipilimumab+Paclitaxel+Carboplatin"", ""Trial name"": null, ""Trial phase"": ""Phase 2"", ""Type of combination"": ""ICI+Chemo"", ""Type of control"": ""Chemo"", ""Type of follow-up given"": null, ""Type of therapy"": ""Combination"", ""Year"": 2012, ""__rowid__"": 24}"
row_336,336,"In Non-Small Cell Lung trials, convert 'Type of therapy' into is_combination = true/false.",Type of therapy,"[""is_combination""]",bert,column,10,0.6243283748626709,1,23,NCT00527735,22547592,,Combination,"{""Author"": ""Lynch TJ et al"", ""Cancer type"": ""Non-Small Cell Lung"", ""Class of ICI"": ""CTLA-4"", ""Clincal setting in relation to surgery"": ""Metastatic+recurrent (unresectable)"", ""Clinical setting"": ""Metastatic+recurrent (unresectable)"", ""Control arm"": ""Chemo"", ""Control regimen"": ""Placebo+Paclitaxel+Carboplatin"", ""Follow-up duration for primary endpoint(s) in months | Control"": null, ""Follow-up duration for primary endpoint(s) in months | Overall"": null, ""Follow-up duration for primary endpoint(s) in months | Rx"": null, ""Included in MA"": ""Yes"", ""Is PD-L1 positivity inclusion criteria"": ""No"", ""Is any other biomarker used for inclusion"": ""No"", ""Lines of treatment"": ""Only 1st line of treatment for metastatic disease"", ""Monotherapy/combination"": ""Combination"", ""NCT"": ""NCT00527735"", ""Name of ICI"": ""Ipilimumab"", ""Number of arms"": 3, ""Originial publication or Follow-up"": ""Original publication"", ""Priamry Multiple, composite, or co-primary endpoints?"": null, ""Primary endpoint"": ""PFS"", ""PubMed ID"": ""22547592"", ""Secondary endpoint"": ""Modified WHO criteria PFS; OS; immune-related best overall response rate; modified WHO criteria best overall response rate;  immune-related disease control rate; modified WHO criteria disease control\nrate"", ""Total sample size"": 204, ""Treatment regimen"": ""Concurrent ipilimumab+Paclitaxel+Carboplatin"", ""Trial name"": null, ""Trial phase"": ""Phase 2"", ""Type of combination"": ""ICI+Chemo"", ""Type of control"": ""Chemo"", ""Type of follow-up given"": null, ""Type of therapy"": ""Combination"", ""Year"": 2012, ""__rowid__"": 23}"
row_336,336,"In Non-Small Cell Lung trials, convert 'Type of therapy' into is_combination = true/false.",Type of therapy,"[""is_combination""]",bert,column,11,0.6243283748626709,0,22,NCT02420821,31079938,IMmotion151,Combination,"{""Author"": ""Rini BI et al"", ""Cancer type"": ""Renal cell"", ""Class of ICI"": ""PD-L1"", ""Clincal setting in relation to surgery"": ""Metastatic+recurrent (unresectable)"", ""Clinical setting"": ""Metastatic+recurrent (unresectable)"", ""Control arm"": ""TKI"", ""Control regimen"": ""Sunitinib"", ""Follow-up duration for primary endpoint(s) in months | Control"": null, ""Follow-up duration for primary endpoint(s) in months | Overall"": ""24, 15"", ""Follow-up duration for primary endpoint(s) in months | Rx"": null, ""Included in MA"": ""Yes"", ""Is PD-L1 positivity inclusion criteria"": ""No"", ""Is any other biomarker used for inclusion"": ""No"", ""Lines of treatment"": ""Only 1st line of treatment for metastatic disease"", ""Monotherapy/combination"": ""Combination"", ""NCT"": ""NCT02420821"", ""Name of ICI"": ""Atezolizumab"", ""Number of arms"": 2, ""Originial publication or Follow-up"": ""Original publication"", ""Priamry Multiple, composite, or co-primary endpoints?"": ""Co-primary"", ""Primary endpoint"": ""OS+PFS"", ""PubMed ID"": ""31079938"", ""Secondary endpoint"": ""OS in PD-L1 positive population; PFS in the ITT population; proportion of patients who achieved an objective response; duration of response; patient-reported outcomes; safety"", ""Total sample size"": 915, ""Treatment regimen"": ""Atezolizumab+Bevacizumab"", ""Trial name"": ""IMmotion151"", ""Trial phase"": ""Phase 3"", ""Type of combination"": ""ICI+Anti-VEGF"", ""Type of control"": ""TKI"", ""Type of follow-up given"": ""Median"", ""Type of therapy"": ""Combination"", ""Year"": 2019, ""__rowid__"": 22}"
row_336,336,"In Non-Small Cell Lung trials, convert 'Type of therapy' into is_combination = true/false.",Type of therapy,"[""is_combination""]",bert,column,12,0.6243283748626709,0,17,NCT01984242,29867230,IMmotion150,Combination,"{""Author"": ""McDermott DF et al (1)"", ""Cancer type"": ""Renal cell"", ""Class of ICI"": ""PD-L1"", ""Clincal setting in relation to surgery"": ""Metastatic+recurrent (unresectable)"", ""Clinical setting"": ""Metastatic+recurrent (unresectable)"", ""Control arm"": ""TKI"", ""Control regimen"": ""Sunitinib"", ""Follow-up duration for primary endpoint(s) in months | Control"": null, ""Follow-up duration for primary endpoint(s) in months | Overall"": ""20.7"", ""Follow-up duration for primary endpoint(s) in months | Rx"": null, ""Included in MA"": ""No"", ""Is PD-L1 positivity inclusion criteria"": ""No"", ""Is any other biomarker used for inclusion"": ""No"", ""Lines of treatment"": ""Only 1st line of treatment for metastatic disease"", ""Monotherapy/combination"": ""Combination"", ""NCT"": ""NCT01984242"", ""Name of ICI"": ""Atezolizumab"", ""Number of arms"": 3, ""Originial publication or Follow-up"": ""Original publication"", ""Priamry Multiple, composite, or co-primary endpoints?"": null, ""Primary endpoint"": ""PFS"", ""PubMed ID"": ""29867230"", ""Secondary endpoint"": ""Investigator-assessed PFS; ORR; \nDOR; OS; patient-reported outcomes; safety."", ""Total sample size"": 305, ""Treatment regimen"": ""Atezolizumab+Bevacizumab"", ""Trial name"": ""IMmotion150"", ""Trial phase"": ""Phase 2"", ""Type of combination"": ""ICI+Chemo"", ""Type of control"": ""TKI"", ""Type of follow-up given"": ""Median"", ""Type of therapy"": ""Combination"", ""Year"": 2018, ""__rowid__"": 17}"
row_336,336,"In Non-Small Cell Lung trials, convert 'Type of therapy' into is_combination = true/false.",Type of therapy,"[""is_combination""]",bert,column,13,0.6243283748626709,0,18,NCT02231749,29562145,CheckMate 214,Combination,"{""Author"": ""Motzer RJ et al"", ""Cancer type"": ""Renal cell"", ""Class of ICI"": ""PD1, CTLA-4"", ""Clincal setting in relation to surgery"": ""Metastatic+recurrent (unresectable)"", ""Clinical setting"": ""Metastatic+recurrent (unresectable)"", ""Control arm"": ""TKI"", ""Control regimen"": ""Sunitinib"", ""Follow-up duration for primary endpoint(s) in months | Control"": null, ""Follow-up duration for primary endpoint(s) in months | Overall"": ""25.2"", ""Follow-up duration for primary endpoint(s) in months | Rx"": null, ""Included in MA"": ""Yes"", ""Is PD-L1 positivity inclusion criteria"": ""No"", ""Is any other biomarker used for inclusion"": ""No"", ""Lines of treatment"": ""Only 1st line of treatment for metastatic disease"", ""Monotherapy/combination"": ""Combination"", ""NCT"": ""NCT02231749"", ""Name of ICI"": ""Nivolumab, Ipilimumab"", ""Number of arms"": 2, ""Originial publication or Follow-up"": ""Original publication"", ""Priamry Multiple, composite, or co-primary endpoints?"": ""Co-primary"", ""Primary endpoint"": ""OS+PFS+ORR"", ""PubMed ID"": ""29562145"", ""Secondary endpoint"": ""ORR, PFS and OS in \nintention-to-treat population; incidence rate of adverse events among all treated patients."", ""Total sample size"": 1096, ""Treatment regimen"": ""Nivolumab+Ipilimumab"", ""Trial name"": ""CheckMate 214"", ""Trial phase"": ""Phase 3"", ""Type of combination"": ""ICI+ICI"", ""Type of control"": ""TKI"", ""Type of follow-up given"": ""Median"", ""Type of therapy"": ""Combination"", ""Year"": 2018, ""__rowid__"": 18}"
row_336,336,"In Non-Small Cell Lung trials, convert 'Type of therapy' into is_combination = true/false.",Type of therapy,"[""is_combination""]",bert,column,14,0.6243283748626709,0,19,NCT02231749,31427204,CheckMate 214,Combination,"{""Author"": ""Motzer RJ et al"", ""Cancer type"": ""Renal cell"", ""Class of ICI"": ""PD1, CTLA-4"", ""Clincal setting in relation to surgery"": ""Metastatic+recurrent (unresectable)"", ""Clinical setting"": ""Metastatic+recurrent (unresectable)"", ""Control arm"": ""TKI"", ""Control regimen"": ""Sunitinib"", ""Follow-up duration for primary endpoint(s) in months | Control"": null, ""Follow-up duration for primary endpoint(s) in months | Overall"": ""32.4"", ""Follow-up duration for primary endpoint(s) in months | Rx"": null, ""Included in MA"": ""Yes"", ""Is PD-L1 positivity inclusion criteria"": ""No"", ""Is any other biomarker used for inclusion"": ""No"", ""Lines of treatment"": ""Only 1st line of treatment for metastatic disease"", ""Monotherapy/combination"": ""Combination"", ""NCT"": ""NCT02231749"", ""Name of ICI"": ""Nivolumab, Ipilimumab"", ""Number of arms"": 2, ""Originial publication or Follow-up"": ""Follow-up"", ""Priamry Multiple, composite, or co-primary endpoints?"": ""Co-primary"", ""Primary endpoint"": ""OS+PFS+ORR"", ""PubMed ID"": ""31427204"", ""Secondary endpoint"": ""ORR, PFS and OS in intention-to-treat population; incidence rate of adverse events among all treated patients."", ""Total sample size"": 1096, ""Treatment regimen"": ""Nivolumab+Ipilimumab"", ""Trial name"": ""CheckMate 214"", ""Trial phase"": ""Phase 3"", ""Type of combination"": ""ICI+ICI"", ""Type of control"": ""TKI"", ""Type of follow-up given"": ""Median"", ""Type of therapy"": ""Combination"", ""Year"": 2019, ""__rowid__"": 19}"
row_336,336,"In Non-Small Cell Lung trials, convert 'Type of therapy' into is_combination = true/false.",Type of therapy,"[""is_combination""]",bert,column,15,0.6243283748626709,1,38,NCT02039674,27745820,Keynote-021,Combination,"{""Author"": ""Langer JC et al"", ""Cancer type"": ""Non-Small Cell Lung"", ""Class of ICI"": ""PD1"", ""Clincal setting in relation to surgery"": ""Metastatic+recurrent (unresectable)"", ""Clinical setting"": ""Metastatic+recurrent (unresectable)"", ""Control arm"": ""Chemo"", ""Control regimen"": ""Pemetrexed+Carboplatin"", ""Follow-up duration for primary endpoint(s) in months | Control"": null, ""Follow-up duration for primary endpoint(s) in months | Overall"": ""10.6"", ""Follow-up duration for primary endpoint(s) in months | Rx"": null, ""Included in MA"": ""Yes"", ""Is PD-L1 positivity inclusion criteria"": ""Yes"", ""Is any other biomarker used for inclusion"": ""Yes"", ""Lines of treatment"": ""Only 1st line of treatment for metastatic disease"", ""Monotherapy/combination"": ""Combination"", ""NCT"": ""NCT02039674"", ""Name of ICI"": ""Pembrolizumab"", ""Number of arms"": 2, ""Originial publication or Follow-up"": ""Original publication"", ""Priamry Multiple, composite, or co-primary endpoints?"": null, ""Primary endpoint"": ""ORR"", ""PubMed ID"": ""27745820"", ""Secondary endpoint"": ""PFS, DOR, OS"", ""Total sample size"": 123, ""Treatment regimen"": ""Pembrolizumab+Pemetrexed+Carboplatin"", ""Trial name"": ""Keynote-021"", ""Trial phase"": ""Phase 2"", ""Type of combination"": ""ICI+Chemo"", ""Type of control"": ""Chemo"", ""Type of follow-up given"": ""Median"", ""Type of therapy"": ""Combination"", ""Year"": 2016, ""__rowid__"": 38}"
row_336,336,"In Non-Small Cell Lung trials, convert 'Type of therapy' into is_combination = true/false.",Type of therapy,"[""is_combination""]",bert,column,16,0.6243283748626709,1,34,NCT01285609,28854067,,Combination,"{""Author"": ""Govindan R et al"", ""Cancer type"": ""Non-Small Cell Lung"", ""Class of ICI"": ""CTLA-4"", ""Clincal setting in relation to surgery"": ""Metastatic+recurrent (unresectable)"", ""Clinical setting"": ""Metastatic+recurrent (unresectable)"", ""Control arm"": ""Chemo"", ""Control regimen"": ""Placebo+Paclitaxel+Carboplatin"", ""Follow-up duration for primary endpoint(s) in months | Control"": ""11.8"", ""Follow-up duration for primary endpoint(s) in months | Overall"": null, ""Follow-up duration for primary endpoint(s) in months | Rx"": ""12.5"", ""Included in MA"": ""Yes"", ""Is PD-L1 positivity inclusion criteria"": ""No"", ""Is any other biomarker used for inclusion"": ""No"", ""Lines of treatment"": ""Only 1st line of treatment for metastatic disease"", ""Monotherapy/combination"": ""Combination"", ""NCT"": ""NCT01285609"", ""Name of ICI"": ""Ipilimumab"", ""Number of arms"": 2, ""Originial publication or Follow-up"": ""Original publication"", ""Priamry Multiple, composite, or co-primary endpoints?"": null, ""Primary endpoint"": ""OS"", ""PubMed ID"": ""28854067"", ""Secondary endpoint"": ""PFS, ORR, DOR, safety"", ""Total sample size"": 749, ""Treatment regimen"": ""Ipilimumab+Paclitaxel+Carboplatin"", ""Trial name"": null, ""Trial phase"": ""Phase 3"", ""Type of combination"": ""ICI+Chemo"", ""Type of control"": ""Chemo"", ""Type of follow-up given"": ""Median"", ""Type of therapy"": ""Combination"", ""Year"": 2017, ""__rowid__"": 34}"
row_336,336,"In Non-Small Cell Lung trials, convert 'Type of therapy' into is_combination = true/false.",Type of therapy,"[""is_combination""]",bert,column,17,0.6243283748626709,1,42,NCT02578680,29658856,Keynote-189,Combination,"{""Author"": ""Gandhi L et al"", ""Cancer type"": ""Non-Small Cell Lung"", ""Class of ICI"": ""PD1"", ""Clincal setting in relation to surgery"": ""Metastatic+recurrent (unresectable)"", ""Clinical setting"": ""Metastatic+recurrent (unresectable)"", ""Control arm"": ""Chemo"", ""Control regimen"": ""Placebo+Pemetrexed+Platinum agent"", ""Follow-up duration for primary endpoint(s) in months | Control"": null, ""Follow-up duration for primary endpoint(s) in months | Overall"": ""10.5"", ""Follow-up duration for primary endpoint(s) in months | Rx"": null, ""Included in MA"": ""Yes"", ""Is PD-L1 positivity inclusion criteria"": ""No"", ""Is any other biomarker used for inclusion"": ""No"", ""Lines of treatment"": ""Only 1st line of treatment for metastatic disease"", ""Monotherapy/combination"": ""Combination"", ""NCT"": ""NCT02578680"", ""Name of ICI"": ""Pembrolizumab"", ""Number of arms"": 2, ""Originial publication or Follow-up"": ""Original publication"", ""Priamry Multiple, composite, or co-primary endpoints?"": ""Multiple"", ""Primary endpoint"": ""OS+PFS"", ""PubMed ID"": ""29658856"", ""Secondary endpoint"": ""ORR, DOR, safety"", ""Total sample size"": 616, ""Treatment regimen"": ""Pembrolizumab+Platinum agent"", ""Trial name"": ""Keynote-189"", ""Trial phase"": ""Phase 3"", ""Type of combination"": ""ICI+Chemo"", ""Type of control"": ""Chemo"", ""Type of follow-up given"": ""Median"", ""Type of therapy"": ""Combination"", ""Year"": 2018, ""__rowid__"": 42}"
row_336,336,"In Non-Small Cell Lung trials, convert 'Type of therapy' into is_combination = true/false.",Type of therapy,"[""is_combination""]",bert,column,18,0.6243283748626709,1,51,NCT02477826,31562796,Checkmate 227,Combination,"{""Author"": ""Hellmann MD et al (2)"", ""Cancer type"": ""Non-Small Cell Lung"", ""Class of ICI"": ""PD1"", ""Clincal setting in relation to surgery"": ""Metastatic+recurrent (unresectable)"", ""Clinical setting"": ""Metastatic+recurrent (unresectable)"", ""Control arm"": ""Chemo"", ""Control regimen"": ""Chemotherapy"", ""Follow-up duration for primary endpoint(s) in months | Control"": null, ""Follow-up duration for primary endpoint(s) in months | Overall"": ""29.3"", ""Follow-up duration for primary endpoint(s) in months | Rx"": null, ""Included in MA"": ""Yes"", ""Is PD-L1 positivity inclusion criteria"": ""No"", ""Is any other biomarker used for inclusion"": ""Yes"", ""Lines of treatment"": ""Only 1st line of treatment for metastatic disease"", ""Monotherapy/combination"": ""Combination"", ""NCT"": ""NCT02477826"", ""Name of ICI"": ""Nivolumab"", ""Number of arms"": 4, ""Originial publication or Follow-up"": ""Follow-up"", ""Priamry Multiple, composite, or co-primary endpoints?"": null, ""Primary endpoint"": ""OS"", ""PubMed ID"": ""31562796"", ""Secondary endpoint"": ""PFS; OS with nivolumab+chemotherapy VS chemotherapy alone in patients with PD-L1 <1%; and OS with nivolumab monotherapy VS chemotherapy in patients with a PD-L1 >=50%"", ""Total sample size"": 1739, ""Treatment regimen"": ""Nivolumab+Chemotherapy"", ""Trial name"": ""Checkmate 227"", ""Trial phase"": ""Phase 3"", ""Type of combination"": ""ICI+Chemo"", ""Type of control"": ""Chemo"", ""Type of follow-up given"": ""Minimum"", ""Type of therapy"": ""Combination"", ""Year"": 2019, ""__rowid__"": 51}"
row_336,336,"In Non-Small Cell Lung trials, convert 'Type of therapy' into is_combination = true/false.",Type of therapy,"[""is_combination""]",bert,column,19,0.6243283748626709,1,49,NCT02477826,31562796,Checkmate 227,Combination,"{""Author"": ""Hellmann MD et al"", ""Cancer type"": ""Non-Small Cell Lung"", ""Class of ICI"": ""PD1, CTLA-4"", ""Clincal setting in relation to surgery"": ""Metastatic+recurrent (unresectable)"", ""Clinical setting"": ""Metastatic+recurrent (unresectable)"", ""Control arm"": ""Chemo"", ""Control regimen"": ""Chemotherapy"", ""Follow-up duration for primary endpoint(s) in months | Control"": null, ""Follow-up duration for primary endpoint(s) in months | Overall"": ""29.3"", ""Follow-up duration for primary endpoint(s) in months | Rx"": null, ""Included in MA"": ""Yes"", ""Is PD-L1 positivity inclusion criteria"": ""No"", ""Is any other biomarker used for inclusion"": ""Yes"", ""Lines of treatment"": ""Only 1st line of treatment for metastatic disease"", ""Monotherapy/combination"": ""Combination"", ""NCT"": ""NCT02477826"", ""Name of ICI"": ""Nivolumab, Ipilimumab"", ""Number of arms"": 4, ""Originial publication or Follow-up"": ""Follow-up"", ""Priamry Multiple, composite, or co-primary endpoints?"": null, ""Primary endpoint"": ""OS"", ""PubMed ID"": ""31562796"", ""Secondary endpoint"": ""PFS; OS with nivolumab+chemotherapy VS chemotherapy alone in patients with PD-L1 <1%; and OS with nivolumab monotherapy VS chemotherapy in patients with a PD-L1 >=50%"", ""Total sample size"": 1739, ""Treatment regimen"": ""Nivolumab+Ipilimumab"", ""Trial name"": ""Checkmate 227"", ""Trial phase"": ""Phase 3"", ""Type of combination"": ""ICI+ICI"", ""Type of control"": ""Chemo"", ""Type of follow-up given"": ""Minimum"", ""Type of therapy"": ""Combination"", ""Year"": 2019, ""__rowid__"": 49}"
row_336,336,"In Non-Small Cell Lung trials, convert 'Type of therapy' into is_combination = true/false.",Type of therapy,"[""is_combination""]",bert,column,20,0.6243283748626709,1,57,NCT02454933,30763730,CAURAL,Combination,"{""Author"": ""Yang JCH et al"", ""Cancer type"": ""Non-Small Cell Lung"", ""Class of ICI"": ""PD-L1"", ""Clincal setting in relation to surgery"": ""Metastatic+recurrent (unresectable)"", ""Clinical setting"": ""Metastatic+recurrent (unresectable)"", ""Control arm"": ""TKI"", ""Control regimen"": ""Osimertinib"", ""Follow-up duration for primary endpoint(s) in months | Control"": null, ""Follow-up duration for primary endpoint(s) in months | Overall"": null, ""Follow-up duration for primary endpoint(s) in months | Rx"": null, ""Included in MA"": ""No"", ""Is PD-L1 positivity inclusion criteria"": ""No"", ""Is any other biomarker used for inclusion"": ""No"", ""Lines of treatment"": ""Only 2nd or later line of treatment for metastatic disease"", ""Monotherapy/combination"": ""Combination"", ""NCT"": ""NCT02454933"", ""Name of ICI"": ""Durvalumab"", ""Number of arms"": 2, ""Originial publication or Follow-up"": ""Original publication"", ""Priamry Multiple, composite, or co-primary endpoints?"": null, ""Primary endpoint"": null, ""PubMed ID"": ""30763730"", ""Secondary endpoint"": null, ""Total sample size"": 29, ""Treatment regimen"": ""Durvalumab+Osimertinib"", ""Trial name"": ""CAURAL"", ""Trial phase"": ""Phase 3"", ""Type of combination"": ""ICI+TKI"", ""Type of control"": ""TKI"", ""Type of follow-up given"": null, ""Type of therapy"": ""Combination"", ""Year"": 2019, ""__rowid__"": 57}"
row_336,336,"In Non-Small Cell Lung trials, convert 'Type of therapy' into is_combination = true/false.",Type of therapy,"[""is_combination""]",bert,row,1,0.7547814846038818,0,12,NCT02252042,30509740,KEYNOTE-040,Monotherapy,"{""Author"": ""Cohen EEW et al"", ""Cancer type"": ""Head and Neck"", ""Class of ICI"": ""PD1"", ""Clincal setting in relation to surgery"": ""Metastatic+recurrent (unresectable)"", ""Clinical setting"": ""Metastatic+recurrent (unresectable)"", ""Control arm"": ""Chemo/Anti-EGFR"", ""Control regimen"": ""Methotrexate/Docetaxel/Cetuximab"", ""Follow-up duration for primary endpoint(s) in months | Control"": ""7.1"", ""Follow-up duration for primary endpoint(s) in months | Overall"": null, ""Follow-up duration for primary endpoint(s) in months | Rx"": ""7.5"", ""Included in MA"": ""Yes"", ""Is PD-L1 positivity inclusion criteria"": ""No"", ""Is any other biomarker used for inclusion"": ""No"", ""Lines of treatment"": ""1st and later line of treatment for metastatic disease"", ""Monotherapy/combination"": ""Monotherapy"", ""NCT"": ""NCT02252042"", ""Name of ICI"": ""Pembrolizumab"", ""Number of arms"": 2, ""Originial publication or Follow-up"": ""Original publication"", ""Priamry Multiple, composite, or co-primary endpoints?"": null, ""Primary endpoint"": ""OS"", ""PubMed ID"": ""30509740"", ""Secondary endpoint"": ""OS in the population with \na PD-L1 combined positive \nscore of 1 or higher; safety, \nPFS,ORR, duration of \nconfirmed response in all \nparticipants and those with a PD-L1 combined positive score of 1 or higher."", ""Total sample size"": 495, ""Treatment regimen"": ""Pembrolizumab"", ""Trial name"": ""KEYNOTE-040"", ""Trial phase"": ""Phase 3"", ""Type of combination"": null, ""Type of control"": ""Chemo/Anti-EGFR"", ""Type of follow-up given"": ""Median"", ""Type of therapy"": ""Monotherapy"", ""Year"": 2018, ""__rowid__"": 12}"
row_336,336,"In Non-Small Cell Lung trials, convert 'Type of therapy' into is_combination = true/false.",Type of therapy,"[""is_combination""]",bert,row,2,0.7543329000473022,1,99,NCT02453282,32271377,MYSTIC,Monotherapy,"{""Author"": ""Rizvi NA et al"", ""Cancer type"": ""Non-Small Cell Lung"", ""Class of ICI"": ""PD-L1"", ""Clincal setting in relation to surgery"": ""Metastatic+recurrent (unresectable)"", ""Clinical setting"": ""Metastatic+recurrent (unresectable)"", ""Control arm"": ""Chemo"", ""Control regimen"": ""Investigator's choice chemotherapy"", ""Follow-up duration for primary endpoint(s) in months | Control"": null, ""Follow-up duration for primary endpoint(s) in months | Overall"": ""30.2, 10.6"", ""Follow-up duration for primary endpoint(s) in months | Rx"": null, ""Included in MA"": ""Yes"", ""Is PD-L1 positivity inclusion criteria"": ""No"", ""Is any other biomarker used for inclusion"": ""Yes"", ""Lines of treatment"": ""Only 1st line of treatment for metastatic disease"", ""Monotherapy/combination"": ""Monotherapy"", ""NCT"": ""NCT02453282"", ""Name of ICI"": ""Durvalumab"", ""Number of arms"": 3, ""Originial publication or Follow-up"": ""Original publication"", ""Priamry Multiple, composite, or co-primary endpoints?"": ""Multiple"", ""Primary endpoint"": ""OS+PFS"", ""PubMed ID"": ""32271377"", ""Secondary endpoint"": ""PFS for durvalumab vs. chemotherapy; ORR and DOR in patients with PD-L1 TC ≥25%; safety and tolerability."", ""Total sample size"": 1118, ""Treatment regimen"": ""Durvalumab"", ""Trial name"": ""MYSTIC"", ""Trial phase"": ""Phase 3"", ""Type of combination"": null, ""Type of control"": ""Chemo"", ""Type of follow-up given"": ""Median"", ""Type of therapy"": ""Monotherapy"", ""Year"": 2020, ""__rowid__"": 99}"
row_336,336,"In Non-Small Cell Lung trials, convert 'Type of therapy' into is_combination = true/false.",Type of therapy,"[""is_combination""]",bert,row,3,0.752314567565918,0,140,NCT02563002,33264544,MK-3475/Keynote-177,Monotherapy,"{""Author"": ""Andre T et al."", ""Cancer type"": ""Colorectal"", ""Class of ICI"": ""PD1"", ""Clincal setting in relation to surgery"": ""Metastatic+recurrent (unresectable)"", ""Clinical setting"": ""Metastatic+recurrent (unresectable)"", ""Control arm"": ""Chemo"", ""Control regimen"": ""Oxaliplatin+ leucovorin+5-fluoropyrimidine/mFOLFOX6+bevacizumab/mFOLFOX6+cetuximab"", ""Follow-up duration for primary endpoint(s) in months | Control"": null, ""Follow-up duration for primary endpoint(s) in months | Overall"": ""32.4"", ""Follow-up duration for primary endpoint(s) in months | Rx"": null, ""Included in MA"": null, ""Is PD-L1 positivity inclusion criteria"": ""No"", ""Is any other biomarker used for inclusion"": ""Yes"", ""Lines of treatment"": ""1st and later line of treatment for metastatic disease"", ""Monotherapy/combination"": ""Monotherapy"", ""NCT"": ""NCT02563002"", ""Name of ICI"": ""Pembrolizumab"", ""Number of arms"": 2, ""Originial publication or Follow-up"": ""Original publication"", ""Priamry Multiple, composite, or co-primary endpoints?"": ""Multiple"", ""Primary endpoint"": ""PFS+OS"", ""PubMed ID"": ""33264544"", ""Secondary endpoint"": ""ORR, safety"", ""Total sample size"": 307, ""Treatment regimen"": ""Pembrolizumab"", ""Trial name"": ""MK-3475/Keynote-177"", ""Trial phase"": ""Phase 3"", ""Type of combination"": null, ""Type of control"": ""Chemo"", ""Type of follow-up given"": ""Median"", ""Type of therapy"": ""Monotherapy"", ""Year"": 2020, ""__rowid__"": 140}"
row_336,336,"In Non-Small Cell Lung trials, convert 'Type of therapy' into is_combination = true/false.",Type of therapy,"[""is_combination""]",bert,row,4,0.7521105408668518,0,78,NCT02267343,31863227,ATTRACTION-2,Monotherapy,"{""Author"": ""Chen LT et al"", ""Cancer type"": ""Gastric/GEJ"", ""Class of ICI"": ""PD1"", ""Clincal setting in relation to surgery"": ""Metastatic+recurrent (unresectable)"", ""Clinical setting"": ""Metastatic+recurrent (unresectable)"", ""Control arm"": ""Placebo"", ""Control regimen"": ""Placebo"", ""Follow-up duration for primary endpoint(s) in months | Control"": null, ""Follow-up duration for primary endpoint(s) in months | Overall"": ""27.3"", ""Follow-up duration for primary endpoint(s) in months | Rx"": null, ""Included in MA"": ""Yes"", ""Is PD-L1 positivity inclusion criteria"": ""No"", ""Is any other biomarker used for inclusion"": ""No"", ""Lines of treatment"": ""Only 2nd or later line of treatment for metastatic disease"", ""Monotherapy/combination"": ""Monotherapy"", ""NCT"": ""NCT02267343"", ""Name of ICI"": ""Nivolumab"", ""Number of arms"": 2, ""Originial publication or Follow-up"": ""Follow-up"", ""Priamry Multiple, composite, or co-primary endpoints?"": null, ""Primary endpoint"": ""OS"", ""PubMed ID"": ""31863227"", ""Secondary endpoint"": ""PFS, ORR, disease control rate, DoR, time to response, best overall response, the maximum percentage change from baseline in the sum of diameters of target lesions."", ""Total sample size"": 493, ""Treatment regimen"": ""Nivolumab"", ""Trial name"": ""ATTRACTION-2"", ""Trial phase"": ""Phase 3"", ""Type of combination"": null, ""Type of control"": ""Placebo"", ""Type of follow-up given"": ""Median"", ""Type of therapy"": ""Monotherapy"", ""Year"": 2019, ""__rowid__"": 78}"
row_336,336,"In Non-Small Cell Lung trials, convert 'Type of therapy' into is_combination = true/false.",Type of therapy,"[""is_combination""]",bert,row,5,0.7520343065261841,1,89,NCT02352948,32201234,ARCTIC,Monotherapy,"{""Author"": ""Planchard D et al"", ""Cancer type"": ""Non-Small Cell Lung"", ""Class of ICI"": ""PD-L1"", ""Clincal setting in relation to surgery"": ""Metastatic+recurrent (unresectable)"", ""Clinical setting"": ""Metastatic+recurrent (unresectable)"", ""Control arm"": ""Chemo/TKI"", ""Control regimen"": ""Erlotinib/gemcitabine/vinorelbine"", ""Follow-up duration for primary endpoint(s) in months | Control"": null, ""Follow-up duration for primary endpoint(s) in months | Overall"": ""9.1"", ""Follow-up duration for primary endpoint(s) in months | Rx"": null, ""Included in MA"": ""Yes"", ""Is PD-L1 positivity inclusion criteria"": ""No"", ""Is any other biomarker used for inclusion"": ""No"", ""Lines of treatment"": ""Only 2nd or later line of treatment for metastatic disease"", ""Monotherapy/combination"": ""Monotherapy"", ""NCT"": ""NCT02352948"", ""Name of ICI"": ""Durvalumab"", ""Number of arms"": 4, ""Originial publication or Follow-up"": ""Original publication"", ""Priamry Multiple, composite, or co-primary endpoints?"": ""Multiple"", ""Primary endpoint"": ""OS+PFS"", ""PubMed ID"": ""32201234"", ""Secondary endpoint"": ""OS rate at 12 months; proportion of patients alive and progression-free at 6 and 12 months; ORR; DoR."", ""Total sample size"": 595, ""Treatment regimen"": ""Durvalumab"", ""Trial name"": ""ARCTIC"", ""Trial phase"": ""Phase 3"", ""Type of combination"": null, ""Type of control"": ""Chemo/TKI"", ""Type of follow-up given"": ""Median"", ""Type of therapy"": ""Monotherapy"", ""Year"": 2020, ""__rowid__"": 89}"
row_336,336,"In Non-Small Cell Lung trials, convert 'Type of therapy' into is_combination = true/false.",Type of therapy,"[""is_combination""]",bert,row,6,0.751354455947876,1,129,NCT02409342,32997907,IMpower110,Monotherapy,"{""Author"": ""Herbst RS et al."", ""Cancer type"": ""Non-Small Cell Lung"", ""Class of ICI"": ""PD-L1"", ""Clincal setting in relation to surgery"": ""Metastatic+recurrent (unresectable)"", ""Clinical setting"": ""Metastatic+recurrent (unresectable)"", ""Control arm"": ""Chemo"", ""Control regimen"": ""Cisplatin/carboplatin+gemcitabine"", ""Follow-up duration for primary endpoint(s) in months | Control"": null, ""Follow-up duration for primary endpoint(s) in months | Overall"": ""13.4"", ""Follow-up duration for primary endpoint(s) in months | Rx"": null, ""Included in MA"": null, ""Is PD-L1 positivity inclusion criteria"": ""Yes"", ""Is any other biomarker used for inclusion"": ""Yes"", ""Lines of treatment"": ""Only 1st line of treatment for metastatic disease"", ""Monotherapy/combination"": ""Monotherapy"", ""NCT"": ""NCT02409342"", ""Name of ICI"": ""Atezolizumab"", ""Number of arms"": 2, ""Originial publication or Follow-up"": ""Original publication"", ""Priamry Multiple, composite, or co-primary endpoints?"": null, ""Primary endpoint"": ""OS"", ""PubMed ID"": ""32997907"", ""Secondary endpoint"": ""investigator-assessed PFS, DOR"", ""Total sample size"": 572, ""Treatment regimen"": ""Atezolizumab"", ""Trial name"": ""IMpower110"", ""Trial phase"": ""Phase 3"", ""Type of combination"": null, ""Type of control"": ""Chemo"", ""Type of follow-up given"": ""Median"", ""Type of therapy"": ""Monotherapy"", ""Year"": 2020, ""__rowid__"": 129}"
row_336,336,"In Non-Small Cell Lung trials, convert 'Type of therapy' into is_combination = true/false.",Type of therapy,"[""is_combination""]",bert,row,7,0.7499170303344727,0,9,NCT02267343,28993052,ATTRACTION-2,Monotherapy,"{""Author"": ""Kang YK et al"", ""Cancer type"": ""Gastric/GEJ"", ""Class of ICI"": ""PD1"", ""Clincal setting in relation to surgery"": ""Metastatic+recurrent (unresectable)"", ""Clinical setting"": ""Metastatic+recurrent (unresectable)"", ""Control arm"": ""Placebo"", ""Control regimen"": ""Placebo"", ""Follow-up duration for primary endpoint(s) in months | Control"": ""8.59"", ""Follow-up duration for primary endpoint(s) in months | Overall"": null, ""Follow-up duration for primary endpoint(s) in months | Rx"": ""8.87"", ""Included in MA"": ""Yes"", ""Is PD-L1 positivity inclusion criteria"": ""No"", ""Is any other biomarker used for inclusion"": ""No"", ""Lines of treatment"": ""Only 2nd or later line of treatment for metastatic disease"", ""Monotherapy/combination"": ""Monotherapy"", ""NCT"": ""NCT02267343"", ""Name of ICI"": ""Nivolumab"", ""Number of arms"": 2, ""Originial publication or Follow-up"": ""Original publication"", ""Priamry Multiple, composite, or co-primary endpoints?"": null, ""Primary endpoint"": ""OS"", ""PubMed ID"": ""28993052"", ""Secondary endpoint"": ""PFS, ORR, disease control rate, DoR, time to response, best overall response, the maximum percentage change from baseline in the sum of diameters of target lesions."", ""Total sample size"": 493, ""Treatment regimen"": ""Nivolumab"", ""Trial name"": ""ATTRACTION-2"", ""Trial phase"": ""Phase 3"", ""Type of combination"": null, ""Type of control"": ""Placebo"", ""Type of follow-up given"": ""Median"", ""Type of therapy"": ""Monotherapy"", ""Year"": 2017, ""__rowid__"": 9}"
row_336,336,"In Non-Small Cell Lung trials, convert 'Type of therapy' into is_combination = true/false.",Type of therapy,"[""is_combination""]",bert,row,8,0.7499097585678101,0,26,NCT00527735,22858559,,Combination,"{""Author"": ""Reck M et al (1)"", ""Cancer type"": ""Small Cell Lung"", ""Class of ICI"": ""CTLA-4"", ""Clincal setting in relation to surgery"": ""Metastatic+recurrent (unresectable)"", ""Clinical setting"": ""Metastatic+recurrent (unresectable)"", ""Control arm"": ""Chemo"", ""Control regimen"": ""Placebo+Paclitaxel+Carboplatin"", ""Follow-up duration for primary endpoint(s) in months | Control"": null, ""Follow-up duration for primary endpoint(s) in months | Overall"": ""11.1"", ""Follow-up duration for primary endpoint(s) in months | Rx"": null, ""Included in MA"": ""Yes"", ""Is PD-L1 positivity inclusion criteria"": ""No"", ""Is any other biomarker used for inclusion"": ""No"", ""Lines of treatment"": ""Only 1st line of treatment for metastatic disease"", ""Monotherapy/combination"": ""Combination"", ""NCT"": ""NCT00527735"", ""Name of ICI"": ""Ipilimumab"", ""Number of arms"": 3, ""Originial publication or Follow-up"": ""Original publication"", ""Priamry Multiple, composite, or co-primary endpoints?"": null, ""Primary endpoint"": null, ""PubMed ID"": ""22858559"", ""Secondary endpoint"": ""Immune-related PFS; modified WHO criteria PFS; OS; modified WHO criteria best overall response rate; irBORR (proportion of patients with irCR or irPR);  modified WHO criteria disease control rate; irDCR (proportion of patients with irCR, irPR or irSD)"", ""Total sample size"": 130, ""Treatment regimen"": ""Phased ipilimumab+Paclitaxel+Carboplatin"", ""Trial name"": null, ""Trial phase"": ""Phase 2"", ""Type of combination"": ""ICI+Chemo"", ""Type of control"": ""Chemo"", ""Type of follow-up given"": ""Minimum"", ""Type of therapy"": ""Combination"", ""Year"": 2012, ""__rowid__"": 26}"
row_336,336,"In Non-Small Cell Lung trials, convert 'Type of therapy' into is_combination = true/false.",Type of therapy,"[""is_combination""]",bert,row,9,0.7498925924301147,0,18,NCT02231749,29562145,CheckMate 214,Combination,"{""Author"": ""Motzer RJ et al"", ""Cancer type"": ""Renal cell"", ""Class of ICI"": ""PD1, CTLA-4"", ""Clincal setting in relation to surgery"": ""Metastatic+recurrent (unresectable)"", ""Clinical setting"": ""Metastatic+recurrent (unresectable)"", ""Control arm"": ""TKI"", ""Control regimen"": ""Sunitinib"", ""Follow-up duration for primary endpoint(s) in months | Control"": null, ""Follow-up duration for primary endpoint(s) in months | Overall"": ""25.2"", ""Follow-up duration for primary endpoint(s) in months | Rx"": null, ""Included in MA"": ""Yes"", ""Is PD-L1 positivity inclusion criteria"": ""No"", ""Is any other biomarker used for inclusion"": ""No"", ""Lines of treatment"": ""Only 1st line of treatment for metastatic disease"", ""Monotherapy/combination"": ""Combination"", ""NCT"": ""NCT02231749"", ""Name of ICI"": ""Nivolumab, Ipilimumab"", ""Number of arms"": 2, ""Originial publication or Follow-up"": ""Original publication"", ""Priamry Multiple, composite, or co-primary endpoints?"": ""Co-primary"", ""Primary endpoint"": ""OS+PFS+ORR"", ""PubMed ID"": ""29562145"", ""Secondary endpoint"": ""ORR, PFS and OS in \nintention-to-treat population; incidence rate of adverse events among all treated patients."", ""Total sample size"": 1096, ""Treatment regimen"": ""Nivolumab+Ipilimumab"", ""Trial name"": ""CheckMate 214"", ""Trial phase"": ""Phase 3"", ""Type of combination"": ""ICI+ICI"", ""Type of control"": ""TKI"", ""Type of follow-up given"": ""Median"", ""Type of therapy"": ""Combination"", ""Year"": 2018, ""__rowid__"": 18}"
row_336,336,"In Non-Small Cell Lung trials, convert 'Type of therapy' into is_combination = true/false.",Type of therapy,"[""is_combination""]",bert,row,10,0.7497725486755371,1,144,NCT02008227,33166718,OAK,Monotherapy,"{""Author"": ""Mazieres J et al"", ""Cancer type"": ""Non-Small Cell Lung"", ""Class of ICI"": ""PD-L1"", ""Clincal setting in relation to surgery"": ""Metastatic+recurrent (unresectable)"", ""Clinical setting"": ""Metastatic+recurrent (unresectable)"", ""Control arm"": ""Chemo"", ""Control regimen"": ""Docetaxel"", ""Follow-up duration for primary endpoint(s) in months | Control"": null, ""Follow-up duration for primary endpoint(s) in months | Overall"": ""47.7"", ""Follow-up duration for primary endpoint(s) in months | Rx"": null, ""Included in MA"": null, ""Is PD-L1 positivity inclusion criteria"": ""No"", ""Is any other biomarker used for inclusion"": ""No"", ""Lines of treatment"": ""Only 2nd or later line of treatment for metastatic disease"", ""Monotherapy/combination"": ""Monotherapy"", ""NCT"": ""NCT02008227"", ""Name of ICI"": ""Atezolizumab"", ""Number of arms"": 2, ""Originial publication or Follow-up"": ""Follow-up"", ""Priamry Multiple, composite, or co-primary endpoints?"": null, ""Primary endpoint"": ""OS"", ""PubMed ID"": ""33166718"", ""Secondary endpoint"": null, ""Total sample size"": 1225, ""Treatment regimen"": ""Atezolizumab"", ""Trial name"": ""OAK"", ""Trial phase"": ""Phase 3"", ""Type of combination"": null, ""Type of control"": ""Chemo"", ""Type of follow-up given"": ""Median"", ""Type of therapy"": ""Monotherapy"", ""Year"": 2020, ""__rowid__"": 144}"
row_336,336,"In Non-Small Cell Lung trials, convert 'Type of therapy' into is_combination = true/false.",Type of therapy,"[""is_combination""]",bert,row,11,0.7496645450592041,1,143,NCT01903993,33166718,POPLAR,Monotherapy,"{""Author"": ""Mazieres J et al"", ""Cancer type"": ""Non-Small Cell Lung"", ""Class of ICI"": ""PD-L1"", ""Clincal setting in relation to surgery"": ""Metastatic+recurrent (unresectable)"", ""Clinical setting"": ""Metastatic+recurrent (unresectable)"", ""Control arm"": ""Chemo"", ""Control regimen"": ""Docetaxel"", ""Follow-up duration for primary endpoint(s) in months | Control"": null, ""Follow-up duration for primary endpoint(s) in months | Overall"": ""48.6"", ""Follow-up duration for primary endpoint(s) in months | Rx"": null, ""Included in MA"": null, ""Is PD-L1 positivity inclusion criteria"": ""No"", ""Is any other biomarker used for inclusion"": ""No"", ""Lines of treatment"": ""Only 2nd or later line of treatment for metastatic disease"", ""Monotherapy/combination"": ""Monotherapy"", ""NCT"": ""NCT01903993"", ""Name of ICI"": ""Atezolizumab"", ""Number of arms"": 2, ""Originial publication or Follow-up"": ""Follow-up"", ""Priamry Multiple, composite, or co-primary endpoints?"": null, ""Primary endpoint"": ""OS"", ""PubMed ID"": ""33166718"", ""Secondary endpoint"": null, ""Total sample size"": 287, ""Treatment regimen"": ""Atezolizumab"", ""Trial name"": ""POPLAR"", ""Trial phase"": ""Phase 2"", ""Type of combination"": null, ""Type of control"": ""Chemo"", ""Type of follow-up given"": ""Median"", ""Type of therapy"": ""Monotherapy"", ""Year"": 2020, ""__rowid__"": 143}"
row_336,336,"In Non-Small Cell Lung trials, convert 'Type of therapy' into is_combination = true/false.",Type of therapy,"[""is_combination""]",bert,row,12,0.7496449947357178,1,24,NCT00527735,22547592,,Combination,"{""Author"": ""Lynch TJ et al (1)"", ""Cancer type"": ""Non-Small Cell Lung"", ""Class of ICI"": ""CTLA-4"", ""Clincal setting in relation to surgery"": ""Metastatic+recurrent (unresectable)"", ""Clinical setting"": ""Metastatic+recurrent (unresectable)"", ""Control arm"": ""Chemo"", ""Control regimen"": ""Placebo+Paclitaxel+Carboplatin"", ""Follow-up duration for primary endpoint(s) in months | Control"": null, ""Follow-up duration for primary endpoint(s) in months | Overall"": null, ""Follow-up duration for primary endpoint(s) in months | Rx"": null, ""Included in MA"": ""Yes"", ""Is PD-L1 positivity inclusion criteria"": ""No"", ""Is any other biomarker used for inclusion"": ""No"", ""Lines of treatment"": ""Only 1st line of treatment for metastatic disease"", ""Monotherapy/combination"": ""Combination"", ""NCT"": ""NCT00527735"", ""Name of ICI"": ""Ipilimumab"", ""Number of arms"": 3, ""Originial publication or Follow-up"": ""Original publication"", ""Priamry Multiple, composite, or co-primary endpoints?"": null, ""Primary endpoint"": ""PFS"", ""PubMed ID"": ""22547592"", ""Secondary endpoint"": ""Modified WHO criteria PFS; OS; immune-related best overall response rate; modified WHO criteria best overall response rate;  immune-related disease control rate; modified WHO criteria disease control\nrate"", ""Total sample size"": 204, ""Treatment regimen"": ""Phased ipilimumab+Paclitaxel+Carboplatin"", ""Trial name"": null, ""Trial phase"": ""Phase 2"", ""Type of combination"": ""ICI+Chemo"", ""Type of control"": ""Chemo"", ""Type of follow-up given"": null, ""Type of therapy"": ""Combination"", ""Year"": 2012, ""__rowid__"": 24}"
row_336,336,"In Non-Small Cell Lung trials, convert 'Type of therapy' into is_combination = true/false.",Type of therapy,"[""is_combination""]",bert,row,13,0.7495110034942627,0,14,NCT02105636,29884413,CheckMate 141,Monotherapy,"{""Author"": ""Ferris RL et al"", ""Cancer type"": ""Head and Neck"", ""Class of ICI"": ""PD1"", ""Clincal setting in relation to surgery"": ""Metastatic+recurrent (unresectable)"", ""Clinical setting"": ""Metastatic+recurrent (unresectable)"", ""Control arm"": ""Chemo/Anti-EGFR"", ""Control regimen"": ""Methotrexate/Docetaxel/Cetuximab"", ""Follow-up duration for primary endpoint(s) in months | Control"": null, ""Follow-up duration for primary endpoint(s) in months | Overall"": ""24.2"", ""Follow-up duration for primary endpoint(s) in months | Rx"": null, ""Included in MA"": ""Yes"", ""Is PD-L1 positivity inclusion criteria"": ""No"", ""Is any other biomarker used for inclusion"": ""No"", ""Lines of treatment"": ""1st and later line of treatment for metastatic disease"", ""Monotherapy/combination"": ""Monotherapy"", ""NCT"": ""NCT02105636"", ""Name of ICI"": ""Nivolumab"", ""Number of arms"": 2, ""Originial publication or Follow-up"": ""Follow-up"", ""Priamry Multiple, composite, or co-primary endpoints?"": null, ""Primary endpoint"": ""OS"", ""PubMed ID"": ""29884413"", ""Secondary endpoint"": ""PFS, ORR"", ""Total sample size"": 361, ""Treatment regimen"": ""Nivolumab"", ""Trial name"": ""CheckMate 141"", ""Trial phase"": ""Phase 3"", ""Type of combination"": null, ""Type of control"": ""Chemo/Anti-EGFR"", ""Type of follow-up given"": ""Minimum"", ""Type of therapy"": ""Monotherapy"", ""Year"": 2018, ""__rowid__"": 14}"
row_336,336,"In Non-Small Cell Lung trials, convert 'Type of therapy' into is_combination = true/false.",Type of therapy,"[""is_combination""]",bert,row,14,0.7494620084762573,0,22,NCT02420821,31079938,IMmotion151,Combination,"{""Author"": ""Rini BI et al"", ""Cancer type"": ""Renal cell"", ""Class of ICI"": ""PD-L1"", ""Clincal setting in relation to surgery"": ""Metastatic+recurrent (unresectable)"", ""Clinical setting"": ""Metastatic+recurrent (unresectable)"", ""Control arm"": ""TKI"", ""Control regimen"": ""Sunitinib"", ""Follow-up duration for primary endpoint(s) in months | Control"": null, ""Follow-up duration for primary endpoint(s) in months | Overall"": ""24, 15"", ""Follow-up duration for primary endpoint(s) in months | Rx"": null, ""Included in MA"": ""Yes"", ""Is PD-L1 positivity inclusion criteria"": ""No"", ""Is any other biomarker used for inclusion"": ""No"", ""Lines of treatment"": ""Only 1st line of treatment for metastatic disease"", ""Monotherapy/combination"": ""Combination"", ""NCT"": ""NCT02420821"", ""Name of ICI"": ""Atezolizumab"", ""Number of arms"": 2, ""Originial publication or Follow-up"": ""Original publication"", ""Priamry Multiple, composite, or co-primary endpoints?"": ""Co-primary"", ""Primary endpoint"": ""OS+PFS"", ""PubMed ID"": ""31079938"", ""Secondary endpoint"": ""OS in PD-L1 positive population; PFS in the ITT population; proportion of patients who achieved an objective response; duration of response; patient-reported outcomes; safety"", ""Total sample size"": 915, ""Treatment regimen"": ""Atezolizumab+Bevacizumab"", ""Trial name"": ""IMmotion151"", ""Trial phase"": ""Phase 3"", ""Type of combination"": ""ICI+Anti-VEGF"", ""Type of control"": ""TKI"", ""Type of follow-up given"": ""Median"", ""Type of therapy"": ""Combination"", ""Year"": 2019, ""__rowid__"": 22}"
row_336,336,"In Non-Small Cell Lung trials, convert 'Type of therapy' into is_combination = true/false.",Type of therapy,"[""is_combination""]",bert,row,15,0.7494546175003052,1,100,NCT02453282,32271377,MYSTIC,Combination,"{""Author"": ""Rizvi NA et al (1)"", ""Cancer type"": ""Non-Small Cell Lung"", ""Class of ICI"": ""PD-L1, CTLA-4"", ""Clincal setting in relation to surgery"": ""Metastatic+recurrent (unresectable)"", ""Clinical setting"": ""Metastatic+recurrent (unresectable)"", ""Control arm"": ""Chemo"", ""Control regimen"": ""Investigator's choice chemotherapy"", ""Follow-up duration for primary endpoint(s) in months | Control"": null, ""Follow-up duration for primary endpoint(s) in months | Overall"": ""30.2, 10.6"", ""Follow-up duration for primary endpoint(s) in months | Rx"": null, ""Included in MA"": ""Yes"", ""Is PD-L1 positivity inclusion criteria"": ""No"", ""Is any other biomarker used for inclusion"": ""Yes"", ""Lines of treatment"": ""Only 1st line of treatment for metastatic disease"", ""Monotherapy/combination"": ""Combination"", ""NCT"": ""NCT02453282"", ""Name of ICI"": ""Durvalumab, Tremelimumab"", ""Number of arms"": 3, ""Originial publication or Follow-up"": ""Original publication"", ""Priamry Multiple, composite, or co-primary endpoints?"": ""Multiple"", ""Primary endpoint"": ""OS+PFS"", ""PubMed ID"": ""32271377"", ""Secondary endpoint"": ""PFS for durvalumab vs. chemotherapy; ORR and DOR in patients with PD-L1 TC ≥25%; safety and tolerability."", ""Total sample size"": 1118, ""Treatment regimen"": ""Durvalumab+Tremelimumab"", ""Trial name"": ""MYSTIC"", ""Trial phase"": ""Phase 3"", ""Type of combination"": ""ICI+ICI"", ""Type of control"": ""Chemo"", ""Type of follow-up given"": ""Median"", ""Type of therapy"": ""Combination"", ""Year"": 2020, ""__rowid__"": 100}"
row_336,336,"In Non-Small Cell Lung trials, convert 'Type of therapy' into is_combination = true/false.",Type of therapy,"[""is_combination""]",bert,row,16,0.7493641972541809,0,17,NCT01984242,29867230,IMmotion150,Combination,"{""Author"": ""McDermott DF et al (1)"", ""Cancer type"": ""Renal cell"", ""Class of ICI"": ""PD-L1"", ""Clincal setting in relation to surgery"": ""Metastatic+recurrent (unresectable)"", ""Clinical setting"": ""Metastatic+recurrent (unresectable)"", ""Control arm"": ""TKI"", ""Control regimen"": ""Sunitinib"", ""Follow-up duration for primary endpoint(s) in months | Control"": null, ""Follow-up duration for primary endpoint(s) in months | Overall"": ""20.7"", ""Follow-up duration for primary endpoint(s) in months | Rx"": null, ""Included in MA"": ""No"", ""Is PD-L1 positivity inclusion criteria"": ""No"", ""Is any other biomarker used for inclusion"": ""No"", ""Lines of treatment"": ""Only 1st line of treatment for metastatic disease"", ""Monotherapy/combination"": ""Combination"", ""NCT"": ""NCT01984242"", ""Name of ICI"": ""Atezolizumab"", ""Number of arms"": 3, ""Originial publication or Follow-up"": ""Original publication"", ""Priamry Multiple, composite, or co-primary endpoints?"": null, ""Primary endpoint"": ""PFS"", ""PubMed ID"": ""29867230"", ""Secondary endpoint"": ""Investigator-assessed PFS; ORR; \nDOR; OS; patient-reported outcomes; safety."", ""Total sample size"": 305, ""Treatment regimen"": ""Atezolizumab+Bevacizumab"", ""Trial name"": ""IMmotion150"", ""Trial phase"": ""Phase 2"", ""Type of combination"": ""ICI+Chemo"", ""Type of control"": ""TKI"", ""Type of follow-up given"": ""Median"", ""Type of therapy"": ""Combination"", ""Year"": 2018, ""__rowid__"": 17}"
row_336,336,"In Non-Small Cell Lung trials, convert 'Type of therapy' into is_combination = true/false.",Type of therapy,"[""is_combination""]",bert,row,17,0.7493578195571899,1,90,NCT02352948,32201234,ARCTIC,Monotherapy,"{""Author"": ""Planchard D et al (1)"", ""Cancer type"": ""Non-Small Cell Lung"", ""Class of ICI"": ""CTLA-4"", ""Clincal setting in relation to surgery"": ""Metastatic+recurrent (unresectable)"", ""Clinical setting"": ""Metastatic+recurrent (unresectable)"", ""Control arm"": ""Chemo/TKI"", ""Control regimen"": ""Erlotinib/gemcitabine/vinorelbine"", ""Follow-up duration for primary endpoint(s) in months | Control"": null, ""Follow-up duration for primary endpoint(s) in months | Overall"": ""9.1"", ""Follow-up duration for primary endpoint(s) in months | Rx"": null, ""Included in MA"": ""Yes"", ""Is PD-L1 positivity inclusion criteria"": ""No"", ""Is any other biomarker used for inclusion"": ""No"", ""Lines of treatment"": ""Only 2nd or later line of treatment for metastatic disease"", ""Monotherapy/combination"": ""Monotherapy"", ""NCT"": ""NCT02352948"", ""Name of ICI"": ""Tremelimumab"", ""Number of arms"": 4, ""Originial publication or Follow-up"": ""Original publication"", ""Priamry Multiple, composite, or co-primary endpoints?"": ""Multiple"", ""Primary endpoint"": ""OS+PFS"", ""PubMed ID"": ""32201234"", ""Secondary endpoint"": ""OS rate at 12 months; proportion of patients alive and progression-free at 6 and 12 months; ORR; DoR."", ""Total sample size"": 595, ""Treatment regimen"": ""Tremelimumab"", ""Trial name"": ""ARCTIC"", ""Trial phase"": ""Phase 3"", ""Type of combination"": null, ""Type of control"": ""Chemo/TKI"", ""Type of follow-up given"": ""Median"", ""Type of therapy"": ""Monotherapy"", ""Year"": 2020, ""__rowid__"": 90}"
row_336,336,"In Non-Small Cell Lung trials, convert 'Type of therapy' into is_combination = true/false.",Type of therapy,"[""is_combination""]",bert,row,18,0.7490220069885254,0,13,NCT02105636,27718784,CheckMate 141,Monotherapy,"{""Author"": ""Ferris RL et al"", ""Cancer type"": ""Head and Neck"", ""Class of ICI"": ""PD1"", ""Clincal setting in relation to surgery"": ""Metastatic+recurrent (unresectable)"", ""Clinical setting"": ""Metastatic+recurrent (unresectable)"", ""Control arm"": ""Chemo/Anti-EGFR"", ""Control regimen"": ""Methotrexate/Docetaxel/Cetuximab"", ""Follow-up duration for primary endpoint(s) in months | Control"": null, ""Follow-up duration for primary endpoint(s) in months | Overall"": ""5.1"", ""Follow-up duration for primary endpoint(s) in months | Rx"": null, ""Included in MA"": ""Yes"", ""Is PD-L1 positivity inclusion criteria"": ""No"", ""Is any other biomarker used for inclusion"": ""No"", ""Lines of treatment"": ""1st and later line of treatment for metastatic disease"", ""Monotherapy/combination"": ""Monotherapy"", ""NCT"": ""NCT02105636"", ""Name of ICI"": ""Nivolumab"", ""Number of arms"": 2, ""Originial publication or Follow-up"": ""Original publication"", ""Priamry Multiple, composite, or co-primary endpoints?"": null, ""Primary endpoint"": ""OS"", ""PubMed ID"": ""27718784"", ""Secondary endpoint"": ""PFS, ORR"", ""Total sample size"": 361, ""Treatment regimen"": ""Nivolumab"", ""Trial name"": ""CheckMate 141"", ""Trial phase"": ""Phase 3"", ""Type of combination"": null, ""Type of control"": ""Chemo/Anti-EGFR"", ""Type of follow-up given"": ""Median"", ""Type of therapy"": ""Monotherapy"", ""Year"": 2016, ""__rowid__"": 13}"
row_336,336,"In Non-Small Cell Lung trials, convert 'Type of therapy' into is_combination = true/false.",Type of therapy,"[""is_combination""]",bert,row,19,0.7487787008285522,1,28,NCT01642004,26028407,Checkmate 017,Monotherapy,"{""Author"": ""Brahmer J et al"", ""Cancer type"": ""Non-Small Cell Lung"", ""Class of ICI"": ""PD1"", ""Clincal setting in relation to surgery"": ""Metastatic+recurrent (unresectable)"", ""Clinical setting"": ""Metastatic+recurrent (unresectable)"", ""Control arm"": ""Chemo"", ""Control regimen"": ""Docetaxel"", ""Follow-up duration for primary endpoint(s) in months | Control"": ""6"", ""Follow-up duration for primary endpoint(s) in months | Overall"": null, ""Follow-up duration for primary endpoint(s) in months | Rx"": ""9.2"", ""Included in MA"": ""Yes"", ""Is PD-L1 positivity inclusion criteria"": ""No"", ""Is any other biomarker used for inclusion"": ""No"", ""Lines of treatment"": ""Only 2nd or later line of treatment for metastatic disease"", ""Monotherapy/combination"": ""Monotherapy"", ""NCT"": ""NCT01642004"", ""Name of ICI"": ""Nivolumab"", ""Number of arms"": 2, ""Originial publication or Follow-up"": ""Original publication"", ""Priamry Multiple, composite, or co-primary endpoints?"": null, ""Primary endpoint"": ""OS"", ""PubMed ID"": ""26028407"", ""Secondary endpoint"": ""OR, PFS, PRO"", ""Total sample size"": 272, ""Treatment regimen"": ""Nivolumab"", ""Trial name"": ""Checkmate 017"", ""Trial phase"": ""Phase 3"", ""Type of combination"": null, ""Type of control"": ""Chemo"", ""Type of follow-up given"": ""Median"", ""Type of therapy"": ""Monotherapy"", ""Year"": 2015, ""__rowid__"": 28}"
row_336,336,"In Non-Small Cell Lung trials, convert 'Type of therapy' into is_combination = true/false.",Type of therapy,"[""is_combination""]",bert,row,20,0.7487318515777588,0,88,NCT02362048,32114502,KEYNOTE144,Combination,"{""Author"": ""Overman M et al"", ""Cancer type"": ""Pancreatic"", ""Class of ICI"": ""PD1"", ""Clincal setting in relation to surgery"": ""Metastatic+recurrent (unresectable)"", ""Clinical setting"": ""Metastatic+recurrent (unresectable)"", ""Control arm"": ""TKI"", ""Control regimen"": ""Acalabrutinib"", ""Follow-up duration for primary endpoint(s) in months | Control"": null, ""Follow-up duration for primary endpoint(s) in months | Overall"": null, ""Follow-up duration for primary endpoint(s) in months | Rx"": null, ""Included in MA"": ""No"", ""Is PD-L1 positivity inclusion criteria"": ""No"", ""Is any other biomarker used for inclusion"": ""No"", ""Lines of treatment"": ""Only 2nd or later line of treatment for metastatic disease"", ""Monotherapy/combination"": ""Combination"", ""NCT"": ""NCT02362048"", ""Name of ICI"": ""Pembrolizumab"", ""Number of arms"": 2, ""Originial publication or Follow-up"": ""Original publication"", ""Priamry Multiple, composite, or co-primary endpoints?"": null, ""Primary endpoint"": ""Safety"", ""PubMed ID"": ""32114502"", ""Secondary endpoint"": ""ORR; disease control rate; PFS; OS; change in cancer antigen (CA) 19–9."", ""Total sample size"": 77, ""Treatment regimen"": ""Pembrolizumab+Acalabrutinib"", ""Trial name"": ""KEYNOTE144"", ""Trial phase"": ""Phase 2"", ""Type of combination"": ""ICI+TKI"", ""Type of control"": ""TKI"", ""Type of follow-up given"": null, ""Type of therapy"": ""Combination"", ""Year"": 2020, ""__rowid__"": 88}"
row_336,336,"In Non-Small Cell Lung trials, convert 'Type of therapy' into is_combination = true/false.",Type of therapy,"[""is_combination""]",bert,tuple,1,0.7821487188339233,0,97,NCT01896869,32591464,,Combination,"{""Author"": ""Wu AA et al"", ""Cancer type"": ""Pancreatic"", ""Class of ICI"": ""CTLA-4"", ""Clincal setting in relation to surgery"": ""Metastatic+recurrent (unresectable)"", ""Clinical setting"": ""Metastatic+recurrent (unresectable)"", ""Control arm"": ""Chemo"", ""Control regimen"": ""FOLFIRINOX"", ""Follow-up duration for primary endpoint(s) in months | Control"": null, ""Follow-up duration for primary endpoint(s) in months | Overall"": null, ""Follow-up duration for primary endpoint(s) in months | Rx"": null, ""Included in MA"": ""No"", ""Is PD-L1 positivity inclusion criteria"": ""No"", ""Is any other biomarker used for inclusion"": ""No"", ""Lines of treatment"": ""Only 2nd or later line of treatment for metastatic disease"", ""Monotherapy/combination"": ""Combination"", ""NCT"": ""NCT01896869"", ""Name of ICI"": ""Ipilimumab"", ""Number of arms"": 2, ""Originial publication or Follow-up"": ""Original publication"", ""Priamry Multiple, composite, or co-primary endpoints?"": null, ""Primary endpoint"": ""OS"", ""PubMed ID"": ""32591464"", ""Secondary endpoint"": ""Safety; toxicities; clinical and immunological responses."", ""Total sample size"": 83, ""Treatment regimen"": ""Ipilimumab+GVAX"", ""Trial name"": null, ""Trial phase"": ""Phase 2"", ""Type of combination"": ""ICI+Vaccine"", ""Type of control"": ""Chemo"", ""Type of follow-up given"": null, ""Type of therapy"": ""Combination"", ""Year"": 2020, ""__rowid__"": 97}"
row_336,336,"In Non-Small Cell Lung trials, convert 'Type of therapy' into is_combination = true/false.",Type of therapy,"[""is_combination""]",bert,tuple,2,0.7794188261032104,0,78,NCT02267343,31863227,ATTRACTION-2,Monotherapy,"{""Author"": ""Chen LT et al"", ""Cancer type"": ""Gastric/GEJ"", ""Class of ICI"": ""PD1"", ""Clincal setting in relation to surgery"": ""Metastatic+recurrent (unresectable)"", ""Clinical setting"": ""Metastatic+recurrent (unresectable)"", ""Control arm"": ""Placebo"", ""Control regimen"": ""Placebo"", ""Follow-up duration for primary endpoint(s) in months | Control"": null, ""Follow-up duration for primary endpoint(s) in months | Overall"": ""27.3"", ""Follow-up duration for primary endpoint(s) in months | Rx"": null, ""Included in MA"": ""Yes"", ""Is PD-L1 positivity inclusion criteria"": ""No"", ""Is any other biomarker used for inclusion"": ""No"", ""Lines of treatment"": ""Only 2nd or later line of treatment for metastatic disease"", ""Monotherapy/combination"": ""Monotherapy"", ""NCT"": ""NCT02267343"", ""Name of ICI"": ""Nivolumab"", ""Number of arms"": 2, ""Originial publication or Follow-up"": ""Follow-up"", ""Priamry Multiple, composite, or co-primary endpoints?"": null, ""Primary endpoint"": ""OS"", ""PubMed ID"": ""31863227"", ""Secondary endpoint"": ""PFS, ORR, disease control rate, DoR, time to response, best overall response, the maximum percentage change from baseline in the sum of diameters of target lesions."", ""Total sample size"": 493, ""Treatment regimen"": ""Nivolumab"", ""Trial name"": ""ATTRACTION-2"", ""Trial phase"": ""Phase 3"", ""Type of combination"": null, ""Type of control"": ""Placebo"", ""Type of follow-up given"": ""Median"", ""Type of therapy"": ""Monotherapy"", ""Year"": 2019, ""__rowid__"": 78}"
row_336,336,"In Non-Small Cell Lung trials, convert 'Type of therapy' into is_combination = true/false.",Type of therapy,"[""is_combination""]",bert,tuple,3,0.7790336608886719,0,158,NCT02743494,33789008,CheckMate 577,Monotherapy,"{""Author"": ""Kelly RJ"", ""Cancer type"": null, ""Class of ICI"": ""PD1"", ""Clincal setting in relation to surgery"": ""Adjuvant"", ""Clinical setting"": ""Adjuvant"", ""Control arm"": ""Placebo"", ""Control regimen"": ""Placebo"", ""Follow-up duration for primary endpoint(s) in months | Control"": null, ""Follow-up duration for primary endpoint(s) in months | Overall"": ""24.4"", ""Follow-up duration for primary endpoint(s) in months | Rx"": null, ""Included in MA"": null, ""Is PD-L1 positivity inclusion criteria"": ""No"", ""Is any other biomarker used for inclusion"": ""No"", ""Lines of treatment"": null, ""Monotherapy/combination"": ""Monotherapy"", ""NCT"": ""NCT02743494"", ""Name of ICI"": ""Nivolumab"", ""Number of arms"": 2, ""Originial publication or Follow-up"": ""Original publication"", ""Priamry Multiple, composite, or co-primary endpoints?"": null, ""Primary endpoint"": ""DFS"", ""PubMed ID"": ""33789008"", ""Secondary endpoint"": ""OS; survival at 1, 2 and 3 y"", ""Total sample size"": null, ""Treatment regimen"": ""Nivolumab"", ""Trial name"": ""CheckMate 577"", ""Trial phase"": ""Phase 3"", ""Type of combination"": null, ""Type of control"": ""Placebo"", ""Type of follow-up given"": ""Median"", ""Type of therapy"": ""Monotherapy"", ""Year"": 2021, ""__rowid__"": 158}"
row_336,336,"In Non-Small Cell Lung trials, convert 'Type of therapy' into is_combination = true/false.",Type of therapy,"[""is_combination""]",bert,tuple,4,0.7776168584823608,1,28,NCT01642004,26028407,Checkmate 017,Monotherapy,"{""Author"": ""Brahmer J et al"", ""Cancer type"": ""Non-Small Cell Lung"", ""Class of ICI"": ""PD1"", ""Clincal setting in relation to surgery"": ""Metastatic+recurrent (unresectable)"", ""Clinical setting"": ""Metastatic+recurrent (unresectable)"", ""Control arm"": ""Chemo"", ""Control regimen"": ""Docetaxel"", ""Follow-up duration for primary endpoint(s) in months | Control"": ""6"", ""Follow-up duration for primary endpoint(s) in months | Overall"": null, ""Follow-up duration for primary endpoint(s) in months | Rx"": ""9.2"", ""Included in MA"": ""Yes"", ""Is PD-L1 positivity inclusion criteria"": ""No"", ""Is any other biomarker used for inclusion"": ""No"", ""Lines of treatment"": ""Only 2nd or later line of treatment for metastatic disease"", ""Monotherapy/combination"": ""Monotherapy"", ""NCT"": ""NCT01642004"", ""Name of ICI"": ""Nivolumab"", ""Number of arms"": 2, ""Originial publication or Follow-up"": ""Original publication"", ""Priamry Multiple, composite, or co-primary endpoints?"": null, ""Primary endpoint"": ""OS"", ""PubMed ID"": ""26028407"", ""Secondary endpoint"": ""OR, PFS, PRO"", ""Total sample size"": 272, ""Treatment regimen"": ""Nivolumab"", ""Trial name"": ""Checkmate 017"", ""Trial phase"": ""Phase 3"", ""Type of combination"": null, ""Type of control"": ""Chemo"", ""Type of follow-up given"": ""Median"", ""Type of therapy"": ""Monotherapy"", ""Year"": 2015, ""__rowid__"": 28}"
row_336,336,"In Non-Small Cell Lung trials, convert 'Type of therapy' into is_combination = true/false.",Type of therapy,"[""is_combination""]",bert,tuple,5,0.7771633863449097,0,9,NCT02267343,28993052,ATTRACTION-2,Monotherapy,"{""Author"": ""Kang YK et al"", ""Cancer type"": ""Gastric/GEJ"", ""Class of ICI"": ""PD1"", ""Clincal setting in relation to surgery"": ""Metastatic+recurrent (unresectable)"", ""Clinical setting"": ""Metastatic+recurrent (unresectable)"", ""Control arm"": ""Placebo"", ""Control regimen"": ""Placebo"", ""Follow-up duration for primary endpoint(s) in months | Control"": ""8.59"", ""Follow-up duration for primary endpoint(s) in months | Overall"": null, ""Follow-up duration for primary endpoint(s) in months | Rx"": ""8.87"", ""Included in MA"": ""Yes"", ""Is PD-L1 positivity inclusion criteria"": ""No"", ""Is any other biomarker used for inclusion"": ""No"", ""Lines of treatment"": ""Only 2nd or later line of treatment for metastatic disease"", ""Monotherapy/combination"": ""Monotherapy"", ""NCT"": ""NCT02267343"", ""Name of ICI"": ""Nivolumab"", ""Number of arms"": 2, ""Originial publication or Follow-up"": ""Original publication"", ""Priamry Multiple, composite, or co-primary endpoints?"": null, ""Primary endpoint"": ""OS"", ""PubMed ID"": ""28993052"", ""Secondary endpoint"": ""PFS, ORR, disease control rate, DoR, time to response, best overall response, the maximum percentage change from baseline in the sum of diameters of target lesions."", ""Total sample size"": 493, ""Treatment regimen"": ""Nivolumab"", ""Trial name"": ""ATTRACTION-2"", ""Trial phase"": ""Phase 3"", ""Type of combination"": null, ""Type of control"": ""Placebo"", ""Type of follow-up given"": ""Median"", ""Type of therapy"": ""Monotherapy"", ""Year"": 2017, ""__rowid__"": 9}"
row_336,336,"In Non-Small Cell Lung trials, convert 'Type of therapy' into is_combination = true/false.",Type of therapy,"[""is_combination""]",bert,tuple,6,0.7769743204116821,1,113,NCT02574598,32271354,PROLUNG,Combination,"{""Author"": ""Arrieta O et al"", ""Cancer type"": ""Non-Small Cell Lung"", ""Class of ICI"": ""PD1"", ""Clincal setting in relation to surgery"": ""Metastatic+recurrent (unresectable)"", ""Clinical setting"": ""Metastatic+recurrent (unresectable)"", ""Control arm"": ""Chemo"", ""Control regimen"": ""Docetaxel"", ""Follow-up duration for primary endpoint(s) in months | Control"": null, ""Follow-up duration for primary endpoint(s) in months | Overall"": null, ""Follow-up duration for primary endpoint(s) in months | Rx"": null, ""Included in MA"": ""Yes"", ""Is PD-L1 positivity inclusion criteria"": ""No"", ""Is any other biomarker used for inclusion"": ""No"", ""Lines of treatment"": ""Only 2nd or later line of treatment for metastatic disease"", ""Monotherapy/combination"": ""Combination"", ""NCT"": ""NCT02574598"", ""Name of ICI"": ""Pembrolizumab"", ""Number of arms"": 2, ""Originial publication or Follow-up"": ""Original publication"", ""Priamry Multiple, composite, or co-primary endpoints?"": null, ""Primary endpoint"": ""ORR"", ""PubMed ID"": ""32271354"", ""Secondary endpoint"": ""PFS, OS, safety"", ""Total sample size"": 78, ""Treatment regimen"": ""Pembrolizumab+ Docetaxel"", ""Trial name"": ""PROLUNG"", ""Trial phase"": ""Phase 2"", ""Type of combination"": ""ICI+Chemo"", ""Type of control"": ""Chemo"", ""Type of follow-up given"": null, ""Type of therapy"": ""Combination"", ""Year"": 2020, ""__rowid__"": 113}"
row_336,336,"In Non-Small Cell Lung trials, convert 'Type of therapy' into is_combination = true/false.",Type of therapy,"[""is_combination""]",bert,tuple,7,0.7768124938011169,0,106,NCT02500121,32271672,,Monotherapy,"{""Author"": ""Galsky MD et al"", ""Cancer type"": ""Urothelial"", ""Class of ICI"": ""PD1"", ""Clincal setting in relation to surgery"": ""Metastatic+recurrent (unresectable)"", ""Clinical setting"": ""Metastatic+recurrent (unresectable)"", ""Control arm"": ""Placebo"", ""Control regimen"": ""Placebo"", ""Follow-up duration for primary endpoint(s) in months | Control"": ""3"", ""Follow-up duration for primary endpoint(s) in months | Overall"": null, ""Follow-up duration for primary endpoint(s) in months | Rx"": ""5.4"", ""Included in MA"": ""Yes"", ""Is PD-L1 positivity inclusion criteria"": ""No"", ""Is any other biomarker used for inclusion"": ""No"", ""Lines of treatment"": ""Only 2nd or later line of treatment for metastatic disease"", ""Monotherapy/combination"": ""Monotherapy"", ""NCT"": ""NCT02500121"", ""Name of ICI"": ""Pembrolizumab"", ""Number of arms"": 2, ""Originial publication or Follow-up"": ""Original publication"", ""Priamry Multiple, composite, or co-primary endpoints?"": null, ""Primary endpoint"": ""PFS"", ""PubMed ID"": ""32271672"", ""Secondary endpoint"": ""OS, treatment outcomes CPS"", ""Total sample size"": 108, ""Treatment regimen"": ""Pembrolizumab"", ""Trial name"": null, ""Trial phase"": ""Phase 2"", ""Type of combination"": null, ""Type of control"": ""Placebo"", ""Type of follow-up given"": ""Median"", ""Type of therapy"": ""Monotherapy"", ""Year"": 2020, ""__rowid__"": 106}"
row_336,336,"In Non-Small Cell Lung trials, convert 'Type of therapy' into is_combination = true/false.",Type of therapy,"[""is_combination""]",bert,tuple,8,0.7764098644256592,0,58,NCT00324155,21639810,,Combination,"{""Author"": ""Robert C et al"", ""Cancer type"": ""Melanoma"", ""Class of ICI"": ""CTLA-4"", ""Clincal setting in relation to surgery"": ""Metastatic+recurrent (unresectable)"", ""Clinical setting"": ""Metastatic+recurrent (unresectable)"", ""Control arm"": ""Chemo"", ""Control regimen"": ""Dacarbazine"", ""Follow-up duration for primary endpoint(s) in months | Control"": null, ""Follow-up duration for primary endpoint(s) in months | Overall"": null, ""Follow-up duration for primary endpoint(s) in months | Rx"": null, ""Included in MA"": ""Yes"", ""Is PD-L1 positivity inclusion criteria"": ""No"", ""Is any other biomarker used for inclusion"": ""No"", ""Lines of treatment"": ""Only 1st line of treatment for metastatic disease"", ""Monotherapy/combination"": ""Combination"", ""NCT"": ""NCT00324155"", ""Name of ICI"": ""Ipilimumab"", ""Number of arms"": 2, ""Originial publication or Follow-up"": ""Original publication"", ""Priamry Multiple, composite, or co-primary endpoints?"": null, ""Primary endpoint"": ""OS"", ""PubMed ID"": ""21639810"", ""Secondary endpoint"": ""PFS, best ORR, DCR, time to response, DOR, safety"", ""Total sample size"": 502, ""Treatment regimen"": ""Ipilimumab+Dacarbazine"", ""Trial name"": null, ""Trial phase"": ""Phase 3"", ""Type of combination"": ""ICI+Chemo"", ""Type of control"": ""Chemo"", ""Type of follow-up given"": null, ""Type of therapy"": ""Combination"", ""Year"": 2011, ""__rowid__"": 58}"
row_336,336,"In Non-Small Cell Lung trials, convert 'Type of therapy' into is_combination = true/false.",Type of therapy,"[""is_combination""]",bert,tuple,9,0.7762211561203003,1,40,NCT02008227,27979383,OAK,Monotherapy,"{""Author"": ""Rittmeyer A et al"", ""Cancer type"": ""Non-Small Cell Lung"", ""Class of ICI"": ""PD-L1"", ""Clincal setting in relation to surgery"": ""Metastatic+recurrent (unresectable)"", ""Clinical setting"": ""Metastatic+recurrent (unresectable)"", ""Control arm"": ""Chemo"", ""Control regimen"": ""Docetaxel"", ""Follow-up duration for primary endpoint(s) in months | Control"": null, ""Follow-up duration for primary endpoint(s) in months | Overall"": ""21"", ""Follow-up duration for primary endpoint(s) in months | Rx"": null, ""Included in MA"": ""No"", ""Is PD-L1 positivity inclusion criteria"": ""No"", ""Is any other biomarker used for inclusion"": ""Yes"", ""Lines of treatment"": ""Only 2nd or later line of treatment for metastatic disease"", ""Monotherapy/combination"": ""Monotherapy"", ""NCT"": ""NCT02008227"", ""Name of ICI"": ""Atezolizumab"", ""Number of arms"": 2, ""Originial publication or Follow-up"": ""Original publication"", ""Priamry Multiple, composite, or co-primary endpoints?"": null, ""Primary endpoint"": ""OS"", ""PubMed ID"": ""27979383"", ""Secondary endpoint"": ""PFS, ORR, DoR"", ""Total sample size"": 1225, ""Treatment regimen"": ""Atezolizumab"", ""Trial name"": ""OAK"", ""Trial phase"": ""Phase 3"", ""Type of combination"": null, ""Type of control"": ""Chemo"", ""Type of follow-up given"": ""Median"", ""Type of therapy"": ""Monotherapy"", ""Year"": 2017, ""__rowid__"": 40}"
row_336,336,"In Non-Small Cell Lung trials, convert 'Type of therapy' into is_combination = true/false.",Type of therapy,"[""is_combination""]",bert,tuple,10,0.7759371995925903,0,140,NCT02563002,33264544,MK-3475/Keynote-177,Monotherapy,"{""Author"": ""Andre T et al."", ""Cancer type"": ""Colorectal"", ""Class of ICI"": ""PD1"", ""Clincal setting in relation to surgery"": ""Metastatic+recurrent (unresectable)"", ""Clinical setting"": ""Metastatic+recurrent (unresectable)"", ""Control arm"": ""Chemo"", ""Control regimen"": ""Oxaliplatin+ leucovorin+5-fluoropyrimidine/mFOLFOX6+bevacizumab/mFOLFOX6+cetuximab"", ""Follow-up duration for primary endpoint(s) in months | Control"": null, ""Follow-up duration for primary endpoint(s) in months | Overall"": ""32.4"", ""Follow-up duration for primary endpoint(s) in months | Rx"": null, ""Included in MA"": null, ""Is PD-L1 positivity inclusion criteria"": ""No"", ""Is any other biomarker used for inclusion"": ""Yes"", ""Lines of treatment"": ""1st and later line of treatment for metastatic disease"", ""Monotherapy/combination"": ""Monotherapy"", ""NCT"": ""NCT02563002"", ""Name of ICI"": ""Pembrolizumab"", ""Number of arms"": 2, ""Originial publication or Follow-up"": ""Original publication"", ""Priamry Multiple, composite, or co-primary endpoints?"": ""Multiple"", ""Primary endpoint"": ""PFS+OS"", ""PubMed ID"": ""33264544"", ""Secondary endpoint"": ""ORR, safety"", ""Total sample size"": 307, ""Treatment regimen"": ""Pembrolizumab"", ""Trial name"": ""MK-3475/Keynote-177"", ""Trial phase"": ""Phase 3"", ""Type of combination"": null, ""Type of control"": ""Chemo"", ""Type of follow-up given"": ""Median"", ""Type of therapy"": ""Monotherapy"", ""Year"": 2020, ""__rowid__"": 140}"
row_336,336,"In Non-Small Cell Lung trials, convert 'Type of therapy' into is_combination = true/false.",Type of therapy,"[""is_combination""]",bert,tuple,11,0.7758738994598389,0,95,NCT02523313,32416781,IMMUNED,Monotherapy,"{""Author"": ""Zimmer L et al"", ""Cancer type"": ""Melanoma"", ""Class of ICI"": ""PD1"", ""Clincal setting in relation to surgery"": ""Metastatic+recurrent (unresectable)"", ""Clinical setting"": ""Metastatic+recurrent (unresectable)"", ""Control arm"": ""Placebo"", ""Control regimen"": ""Placebo"", ""Follow-up duration for primary endpoint(s) in months | Control"": null, ""Follow-up duration for primary endpoint(s) in months | Overall"": ""28.4"", ""Follow-up duration for primary endpoint(s) in months | Rx"": null, ""Included in MA"": ""Yes"", ""Is PD-L1 positivity inclusion criteria"": ""No"", ""Is any other biomarker used for inclusion"": ""No"", ""Lines of treatment"": ""1st and later line of treatment for metastatic disease"", ""Monotherapy/combination"": ""Monotherapy"", ""NCT"": ""NCT02523313"", ""Name of ICI"": ""Nivolumab"", ""Number of arms"": 3, ""Originial publication or Follow-up"": ""Original publication"", ""Priamry Multiple, composite, or co-primary endpoints?"": null, ""Primary endpoint"": ""RFS"", ""PubMed ID"": ""32416781"", ""Secondary endpoint"": ""OS; time to recurrence; safety; PFS or RFS 2."", ""Total sample size"": 167, ""Treatment regimen"": ""Nivolumab"", ""Trial name"": ""IMMUNED"", ""Trial phase"": ""Phase 2"", ""Type of combination"": null, ""Type of control"": ""Placebo"", ""Type of follow-up given"": ""Median"", ""Type of therapy"": ""Monotherapy"", ""Year"": 2020, ""__rowid__"": 95}"
row_336,336,"In Non-Small Cell Lung trials, convert 'Type of therapy' into is_combination = true/false.",Type of therapy,"[""is_combination""]",bert,tuple,12,0.7757132053375244,1,57,NCT02454933,30763730,CAURAL,Combination,"{""Author"": ""Yang JCH et al"", ""Cancer type"": ""Non-Small Cell Lung"", ""Class of ICI"": ""PD-L1"", ""Clincal setting in relation to surgery"": ""Metastatic+recurrent (unresectable)"", ""Clinical setting"": ""Metastatic+recurrent (unresectable)"", ""Control arm"": ""TKI"", ""Control regimen"": ""Osimertinib"", ""Follow-up duration for primary endpoint(s) in months | Control"": null, ""Follow-up duration for primary endpoint(s) in months | Overall"": null, ""Follow-up duration for primary endpoint(s) in months | Rx"": null, ""Included in MA"": ""No"", ""Is PD-L1 positivity inclusion criteria"": ""No"", ""Is any other biomarker used for inclusion"": ""No"", ""Lines of treatment"": ""Only 2nd or later line of treatment for metastatic disease"", ""Monotherapy/combination"": ""Combination"", ""NCT"": ""NCT02454933"", ""Name of ICI"": ""Durvalumab"", ""Number of arms"": 2, ""Originial publication or Follow-up"": ""Original publication"", ""Priamry Multiple, composite, or co-primary endpoints?"": null, ""Primary endpoint"": null, ""PubMed ID"": ""30763730"", ""Secondary endpoint"": null, ""Total sample size"": 29, ""Treatment regimen"": ""Durvalumab+Osimertinib"", ""Trial name"": ""CAURAL"", ""Trial phase"": ""Phase 3"", ""Type of combination"": ""ICI+TKI"", ""Type of control"": ""TKI"", ""Type of follow-up given"": null, ""Type of therapy"": ""Combination"", ""Year"": 2019, ""__rowid__"": 57}"
row_336,336,"In Non-Small Cell Lung trials, convert 'Type of therapy' into is_combination = true/false.",Type of therapy,"[""is_combination""]",bert,tuple,13,0.7756596207618713,0,61,NCT00257205,23295794,,Monotherapy,"{""Author"": ""Ribas A et al"", ""Cancer type"": ""Melanoma"", ""Class of ICI"": ""CTLA-4"", ""Clincal setting in relation to surgery"": ""Metastatic+recurrent (unresectable)"", ""Clinical setting"": ""Metastatic+recurrent (unresectable)"", ""Control arm"": ""Chemo"", ""Control regimen"": ""Temozolomide/dacarbazine"", ""Follow-up duration for primary endpoint(s) in months | Control"": null, ""Follow-up duration for primary endpoint(s) in months | Overall"": null, ""Follow-up duration for primary endpoint(s) in months | Rx"": null, ""Included in MA"": ""Yes"", ""Is PD-L1 positivity inclusion criteria"": ""No"", ""Is any other biomarker used for inclusion"": ""No"", ""Lines of treatment"": ""Only 1st line of treatment for metastatic disease"", ""Monotherapy/combination"": ""Monotherapy"", ""NCT"": ""NCT00257205"", ""Name of ICI"": ""Tremelimumab"", ""Number of arms"": 2, ""Originial publication or Follow-up"": ""Original publication"", ""Priamry Multiple, composite, or co-primary endpoints?"": null, ""Primary endpoint"": ""OS"", ""PubMed ID"": ""23295794"", ""Secondary endpoint"": ""PFS; best overall response; duration of response; PFS at 6 months after random assignment; safety."", ""Total sample size"": 655, ""Treatment regimen"": ""Tremelimumab"", ""Trial name"": null, ""Trial phase"": ""Phase 3"", ""Type of combination"": null, ""Type of control"": ""Chemo"", ""Type of follow-up given"": null, ""Type of therapy"": ""Monotherapy"", ""Year"": 2013, ""__rowid__"": 61}"
row_336,336,"In Non-Small Cell Lung trials, convert 'Type of therapy' into is_combination = true/false.",Type of therapy,"[""is_combination""]",bert,tuple,14,0.775558352470398,1,129,NCT02409342,32997907,IMpower110,Monotherapy,"{""Author"": ""Herbst RS et al."", ""Cancer type"": ""Non-Small Cell Lung"", ""Class of ICI"": ""PD-L1"", ""Clincal setting in relation to surgery"": ""Metastatic+recurrent (unresectable)"", ""Clinical setting"": ""Metastatic+recurrent (unresectable)"", ""Control arm"": ""Chemo"", ""Control regimen"": ""Cisplatin/carboplatin+gemcitabine"", ""Follow-up duration for primary endpoint(s) in months | Control"": null, ""Follow-up duration for primary endpoint(s) in months | Overall"": ""13.4"", ""Follow-up duration for primary endpoint(s) in months | Rx"": null, ""Included in MA"": null, ""Is PD-L1 positivity inclusion criteria"": ""Yes"", ""Is any other biomarker used for inclusion"": ""Yes"", ""Lines of treatment"": ""Only 1st line of treatment for metastatic disease"", ""Monotherapy/combination"": ""Monotherapy"", ""NCT"": ""NCT02409342"", ""Name of ICI"": ""Atezolizumab"", ""Number of arms"": 2, ""Originial publication or Follow-up"": ""Original publication"", ""Priamry Multiple, composite, or co-primary endpoints?"": null, ""Primary endpoint"": ""OS"", ""PubMed ID"": ""32997907"", ""Secondary endpoint"": ""investigator-assessed PFS, DOR"", ""Total sample size"": 572, ""Treatment regimen"": ""Atezolizumab"", ""Trial name"": ""IMpower110"", ""Trial phase"": ""Phase 3"", ""Type of combination"": null, ""Type of control"": ""Chemo"", ""Type of follow-up given"": ""Median"", ""Type of therapy"": ""Monotherapy"", ""Year"": 2020, ""__rowid__"": 129}"
row_336,336,"In Non-Small Cell Lung trials, convert 'Type of therapy' into is_combination = true/false.",Type of therapy,"[""is_combination""]",bert,tuple,15,0.7750416398048401,0,133,NCT02564263,33026938,KEYNOTE-181,Monotherapy,"{""Author"": ""Kojima T et al."", ""Cancer type"": ""Esophageal/GEJ"", ""Class of ICI"": ""PD1"", ""Clincal setting in relation to surgery"": ""Metastatic+recurrent (unresectable)"", ""Clinical setting"": ""Metastatic+recurrent (unresectable)"", ""Control arm"": ""Chemo"", ""Control regimen"": ""Paclitaxel/Docetaxel/Irinotecan"", ""Follow-up duration for primary endpoint(s) in months | Control"": ""6.9"", ""Follow-up duration for primary endpoint(s) in months | Overall"": null, ""Follow-up duration for primary endpoint(s) in months | Rx"": ""7.1"", ""Included in MA"": null, ""Is PD-L1 positivity inclusion criteria"": ""No"", ""Is any other biomarker used for inclusion"": ""Yes"", ""Lines of treatment"": ""Only 2nd or later line of treatment for metastatic disease"", ""Monotherapy/combination"": ""Monotherapy"", ""NCT"": ""NCT02564263"", ""Name of ICI"": ""Pembrolizumab"", ""Number of arms"": 2, ""Originial publication or Follow-up"": ""Original publication"", ""Priamry Multiple, composite, or co-primary endpoints?"": null, ""Primary endpoint"": ""OS"", ""PubMed ID"": ""33026938"", ""Secondary endpoint"": ""PFS, ORR, safety, tolerability"", ""Total sample size"": 628, ""Treatment regimen"": ""Pembrolizumab"", ""Trial name"": ""KEYNOTE-181"", ""Trial phase"": ""Phase 3"", ""Type of combination"": null, ""Type of control"": ""Chemo"", ""Type of follow-up given"": ""Median"", ""Type of therapy"": ""Monotherapy"", ""Year"": 2020, ""__rowid__"": 133}"
row_336,336,"In Non-Small Cell Lung trials, convert 'Type of therapy' into is_combination = true/false.",Type of therapy,"[""is_combination""]",bert,tuple,16,0.7748987078666687,1,27,NCT01673867,26412456,Checkmate 057,Monotherapy,"{""Author"": ""Borghaei  H et al"", ""Cancer type"": ""Non-Small Cell Lung"", ""Class of ICI"": ""PD1"", ""Clincal setting in relation to surgery"": ""Metastatic+recurrent (unresectable)"", ""Clinical setting"": ""Metastatic+recurrent (unresectable)"", ""Control arm"": ""Chemo"", ""Control regimen"": ""Docetaxel"", ""Follow-up duration for primary endpoint(s) in months | Control"": ""9.4"", ""Follow-up duration for primary endpoint(s) in months | Overall"": null, ""Follow-up duration for primary endpoint(s) in months | Rx"": ""12.2"", ""Included in MA"": ""Yes"", ""Is PD-L1 positivity inclusion criteria"": ""No"", ""Is any other biomarker used for inclusion"": ""No"", ""Lines of treatment"": ""Only 2nd or later line of treatment for metastatic disease"", ""Monotherapy/combination"": ""Monotherapy"", ""NCT"": ""NCT01673867"", ""Name of ICI"": ""Nivolumab"", ""Number of arms"": 2, ""Originial publication or Follow-up"": ""Original publication"", ""Priamry Multiple, composite, or co-primary endpoints?"": null, ""Primary endpoint"": ""OS"", ""PubMed ID"": ""26412456"", ""Secondary endpoint"": ""OR, PFS, PRO"", ""Total sample size"": 582, ""Treatment regimen"": ""Nivolumab"", ""Trial name"": ""Checkmate 057"", ""Trial phase"": ""Phase 3"", ""Type of combination"": null, ""Type of control"": ""Chemo"", ""Type of follow-up given"": ""Median"", ""Type of therapy"": ""Monotherapy"", ""Year"": 2015, ""__rowid__"": 27}"
row_336,336,"In Non-Small Cell Lung trials, convert 'Type of therapy' into is_combination = true/false.",Type of therapy,"[""is_combination""]",bert,tuple,17,0.7747693657875061,0,117,NCT00094653,23942774,MDX010-20,Monotherapy,"{""Author"": ""McDermott D et al"", ""Cancer type"": ""Melanoma"", ""Class of ICI"": ""CTLA-4"", ""Clincal setting in relation to surgery"": ""Metastatic+recurrent (unresectable)"", ""Clinical setting"": ""Metastatic+recurrent (unresectable)"", ""Control arm"": ""Vaccine"", ""Control regimen"": ""Gp100 vaccine"", ""Follow-up duration for primary endpoint(s) in months | Control"": ""24"", ""Follow-up duration for primary endpoint(s) in months | Overall"": null, ""Follow-up duration for primary endpoint(s) in months | Rx"": ""24"", ""Included in MA"": ""No"", ""Is PD-L1 positivity inclusion criteria"": ""No"", ""Is any other biomarker used for inclusion"": ""Yes"", ""Lines of treatment"": ""Only 2nd or later line of treatment for metastatic disease"", ""Monotherapy/combination"": ""Monotherapy"", ""NCT"": ""NCT00094653"", ""Name of ICI"": ""Ipilimumab"", ""Number of arms"": 3, ""Originial publication or Follow-up"": ""Follow-up"", ""Priamry Multiple, composite, or co-primary endpoints?"": null, ""Primary endpoint"": ""OS"", ""PubMed ID"": ""23942774"", ""Secondary endpoint"": ""DOS, responses, and safety among patients with ≥2 years’ survival."", ""Total sample size"": 676, ""Treatment regimen"": ""Ipilimumab"", ""Trial name"": ""MDX010-20"", ""Trial phase"": ""Phase 3"", ""Type of combination"": null, ""Type of control"": ""Vaccine"", ""Type of follow-up given"": ""Minimum"", ""Type of therapy"": ""Monotherapy"", ""Year"": 2013, ""__rowid__"": 117}"
row_336,336,"In Non-Small Cell Lung trials, convert 'Type of therapy' into is_combination = true/false.",Type of therapy,"[""is_combination""]",bert,tuple,18,0.7747024893760681,0,126,NCT02603432,32945632,,Monotherapy,"{""Author"": ""Powles T et al"", ""Cancer type"": ""Urothelial"", ""Class of ICI"": ""PD-L1"", ""Clincal setting in relation to surgery"": ""Metastatic+recurrent (unresectable)"", ""Clinical setting"": ""Metastatic+recurrent (unresectable)"", ""Control arm"": ""Best supportive care"", ""Control regimen"": ""Best supportive care"", ""Follow-up duration for primary endpoint(s) in months | Control"": null, ""Follow-up duration for primary endpoint(s) in months | Overall"": ""19"", ""Follow-up duration for primary endpoint(s) in months | Rx"": null, ""Included in MA"": null, ""Is PD-L1 positivity inclusion criteria"": ""No"", ""Is any other biomarker used for inclusion"": ""No"", ""Lines of treatment"": ""1st and later line of treatment for metastatic disease"", ""Monotherapy/combination"": ""Monotherapy"", ""NCT"": ""NCT02603432"", ""Name of ICI"": ""Avelumab"", ""Number of arms"": 2, ""Originial publication or Follow-up"": ""Original publication"", ""Priamry Multiple, composite, or co-primary endpoints?"": null, ""Primary endpoint"": ""OS"", ""PubMed ID"": ""32945632"", ""Secondary endpoint"": ""PFS, ORR, time to response, DoR, DCR, safety"", ""Total sample size"": 700, ""Treatment regimen"": ""Avelumab+Best Supportive Care"", ""Trial name"": null, ""Trial phase"": ""Phase 3"", ""Type of combination"": null, ""Type of control"": ""Best supportive care"", ""Type of follow-up given"": ""Median"", ""Type of therapy"": ""Monotherapy"", ""Year"": 2020, ""__rowid__"": 126}"
row_336,336,"In Non-Small Cell Lung trials, convert 'Type of therapy' into is_combination = true/false.",Type of therapy,"[""is_combination""]",bert,tuple,19,0.7743456959724426,0,94,NCT01274338,31880964,E1609,Monotherapy,"{""Author"": ""Tarhini AA et al (1)"", ""Cancer type"": ""Melanoma"", ""Class of ICI"": ""CTLA-4"", ""Clincal setting in relation to surgery"": ""Adjuvant"", ""Clinical setting"": ""Adjuvant"", ""Control arm"": ""Interferon"", ""Control regimen"": ""High-dose Interferon alfa-2b"", ""Follow-up duration for primary endpoint(s) in months | Control"": null, ""Follow-up duration for primary endpoint(s) in months | Overall"": ""57.4"", ""Follow-up duration for primary endpoint(s) in months | Rx"": null, ""Included in MA"": ""No"", ""Is PD-L1 positivity inclusion criteria"": ""No"", ""Is any other biomarker used for inclusion"": ""No"", ""Lines of treatment"": null, ""Monotherapy/combination"": ""Monotherapy"", ""NCT"": ""NCT01274338"", ""Name of ICI"": ""Ipilimumab"", ""Number of arms"": 3, ""Originial publication or Follow-up"": ""Original publication"", ""Priamry Multiple, composite, or co-primary endpoints?"": ""Co-primary"", ""Primary endpoint"": ""OS+RFS"", ""PubMed ID"": ""31880964"", ""Secondary endpoint"": ""Safety, tolerability and quality-of-life with adjuvant ipilimumab"", ""Total sample size"": 1670, ""Treatment regimen"": ""Ipilimumab"", ""Trial name"": ""E1609"", ""Trial phase"": ""Phase 3"", ""Type of combination"": null, ""Type of control"": ""Interferon"", ""Type of follow-up given"": ""Median"", ""Type of therapy"": ""Monotherapy"", ""Year"": 2020, ""__rowid__"": 94}"
row_336,336,"In Non-Small Cell Lung trials, convert 'Type of therapy' into is_combination = true/false.",Type of therapy,"[""is_combination""]",bert,tuple,20,0.7743256092071533,1,54,NCT02142738,30620668,Keynote-024,Monotherapy,"{""Author"": ""Reck M et al"", ""Cancer type"": ""Non-Small Cell Lung"", ""Class of ICI"": ""PD1"", ""Clincal setting in relation to surgery"": ""Metastatic+recurrent (unresectable)"", ""Clinical setting"": ""Metastatic+recurrent (unresectable)"", ""Control arm"": ""Chemo"", ""Control regimen"": ""Platinum-based chemotherapy"", ""Follow-up duration for primary endpoint(s) in months | Control"": null, ""Follow-up duration for primary endpoint(s) in months | Overall"": ""25.2"", ""Follow-up duration for primary endpoint(s) in months | Rx"": null, ""Included in MA"": ""Yes"", ""Is PD-L1 positivity inclusion criteria"": ""Yes"", ""Is any other biomarker used for inclusion"": ""No"", ""Lines of treatment"": ""Only 1st line of treatment for metastatic disease"", ""Monotherapy/combination"": ""Monotherapy"", ""NCT"": ""NCT02142738"", ""Name of ICI"": ""Pembrolizumab"", ""Number of arms"": 2, ""Originial publication or Follow-up"": ""Follow-up"", ""Priamry Multiple, composite, or co-primary endpoints?"": null, ""Primary endpoint"": ""PFS"", ""PubMed ID"": ""30620668"", ""Secondary endpoint"": ""OS, ORR, safety"", ""Total sample size"": 305, ""Treatment regimen"": ""Pembrolizumab"", ""Trial name"": ""Keynote-024"", ""Trial phase"": ""Phase 3"", ""Type of combination"": null, ""Type of control"": ""Chemo"", ""Type of follow-up given"": ""Median"", ""Type of therapy"": ""Monotherapy"", ""Year"": 2019, ""__rowid__"": 54}"
row_336,336,"In Non-Small Cell Lung trials, convert 'Type of therapy' into is_combination = true/false.",Type of therapy,"[""is_combination""]",sbert,column,1,0.495706707239151,0,157,NCT02952586,33794205,JAVELIN Head and Neck 101,Combination,"{""Author"": ""Lee NY et al"", ""Cancer type"": ""Head and Neck"", ""Class of ICI"": ""PD-L1"", ""Clincal setting in relation to surgery"": ""Metastatic+recurrent (unresectable)"", ""Clinical setting"": ""Metastatic+recurrent (unresectable)"", ""Control arm"": ""Chemoradio"", ""Control regimen"": ""Chemoradiotherapy"", ""Follow-up duration for primary endpoint(s) in months | Control"": ""14.8"", ""Follow-up duration for primary endpoint(s) in months | Overall"": null, ""Follow-up duration for primary endpoint(s) in months | Rx"": ""14.6"", ""Included in MA"": null, ""Is PD-L1 positivity inclusion criteria"": ""No"", ""Is any other biomarker used for inclusion"": ""No"", ""Lines of treatment"": ""Only 1st line of treatment for metastatic disease"", ""Monotherapy/combination"": ""Combination"", ""NCT"": ""NCT02952586"", ""Name of ICI"": ""Avelumab"", ""Number of arms"": 2, ""Originial publication or Follow-up"": ""Original publication"", ""Priamry Multiple, composite, or co-primary endpoints?"": null, ""Primary endpoint"": ""PFS"", ""PubMed ID"": ""33794205"", ""Secondary endpoint"": ""OS; ORR; DoR; path CR"", ""Total sample size"": 697, ""Treatment regimen"": ""Avelumab+Chemoradiotherapy"", ""Trial name"": ""JAVELIN Head and Neck 101"", ""Trial phase"": ""Phase 3"", ""Type of combination"": ""ICI+Chemoradiotherapy"", ""Type of control"": ""Chemoradio"", ""Type of follow-up given"": ""Median"", ""Type of therapy"": ""Combination"", ""Year"": 2021, ""__rowid__"": 157}"
row_336,336,"In Non-Small Cell Lung trials, convert 'Type of therapy' into is_combination = true/false.",Type of therapy,"[""is_combination""]",sbert,column,2,0.4957066774368286,0,4,NCT02425891,30345906,IMpassion130,Combination,"{""Author"": ""Schmid P et al"", ""Cancer type"": ""Breast"", ""Class of ICI"": ""PD-L1"", ""Clincal setting in relation to surgery"": ""Metastatic+recurrent (unresectable)"", ""Clinical setting"": ""Metastatic+recurrent (unresectable)"", ""Control arm"": ""Chemo"", ""Control regimen"": ""Nab-paclitaxel"", ""Follow-up duration for primary endpoint(s) in months | Control"": ""12.5"", ""Follow-up duration for primary endpoint(s) in months | Overall"": ""12.9"", ""Follow-up duration for primary endpoint(s) in months | Rx"": ""13"", ""Included in MA"": ""Yes"", ""Is PD-L1 positivity inclusion criteria"": ""No"", ""Is any other biomarker used for inclusion"": ""No"", ""Lines of treatment"": ""Only 1st line of treatment for metastatic disease"", ""Monotherapy/combination"": ""Combination"", ""NCT"": ""NCT02425891"", ""Name of ICI"": ""Atezolizumab"", ""Number of arms"": 2, ""Originial publication or Follow-up"": ""Original publication"", ""Priamry Multiple, composite, or co-primary endpoints?"": ""Multiple"", ""Primary endpoint"": ""OS+PFS"", ""PubMed ID"": ""30345906"", ""Secondary endpoint"": ""investigator-assessed RECIST v1.1 ORR,  DoR"", ""Total sample size"": 902, ""Treatment regimen"": ""Atezolizumab+Nab-paclitaxel"", ""Trial name"": ""IMpassion130"", ""Trial phase"": ""Phase 3"", ""Type of combination"": ""ICI+Chemo"", ""Type of control"": ""Chemo"", ""Type of follow-up given"": ""Median"", ""Type of therapy"": ""Combination"", ""Year"": 2018, ""__rowid__"": 4}"
row_336,336,"In Non-Small Cell Lung trials, convert 'Type of therapy' into is_combination = true/false.",Type of therapy,"[""is_combination""]",sbert,column,3,0.4957066774368286,0,6,NCT02788279,31003911,IMblaze130,Combination,"{""Author"": ""Eng C et al"", ""Cancer type"": ""Colorectal"", ""Class of ICI"": ""PD-L1"", ""Clincal setting in relation to surgery"": ""Metastatic+recurrent (unresectable)"", ""Clinical setting"": ""Metastatic+recurrent (unresectable)"", ""Control arm"": ""Multikinase inhibitor"", ""Control regimen"": ""Regorafenib"", ""Follow-up duration for primary endpoint(s) in months | Control"": null, ""Follow-up duration for primary endpoint(s) in months | Overall"": ""7.3"", ""Follow-up duration for primary endpoint(s) in months | Rx"": null, ""Included in MA"": ""No"", ""Is PD-L1 positivity inclusion criteria"": ""No"", ""Is any other biomarker used for inclusion"": ""No"", ""Lines of treatment"": ""Only 2nd or later line of treatment for metastatic disease"", ""Monotherapy/combination"": ""Combination"", ""NCT"": ""NCT02788279"", ""Name of ICI"": ""Atezolizumab"", ""Number of arms"": 3, ""Originial publication or Follow-up"": ""Original publication"", ""Priamry Multiple, composite, or co-primary endpoints?"": null, ""Primary endpoint"": ""OS"", ""PubMed ID"": ""31003911"", ""Secondary endpoint"": ""investigator-assessed RECIST v1.1 ORR, PFS, DoR"", ""Total sample size"": 363, ""Treatment regimen"": ""Atezolizumab+Cobimetinib"", ""Trial name"": ""IMblaze130"", ""Trial phase"": ""Phase 3"", ""Type of combination"": ""ICI+MEKi"", ""Type of control"": ""Multikinase inhibitor"", ""Type of follow-up given"": ""Median"", ""Type of therapy"": ""Combination"", ""Year"": 2019, ""__rowid__"": 6}"
row_336,336,"In Non-Small Cell Lung trials, convert 'Type of therapy' into is_combination = true/false.",Type of therapy,"[""is_combination""]",sbert,column,4,0.4957066774368286,0,5,NCT02685059,31095287,GeparNuevo,Combination,"{""Author"": ""Loibl S et al"", ""Cancer type"": ""Breast"", ""Class of ICI"": ""PD-L1"", ""Clincal setting in relation to surgery"": ""Neoadjuvant"", ""Clinical setting"": ""Neoadjuvant"", ""Control arm"": ""Chemo"", ""Control regimen"": ""Placebo+Nab-paclitaxel+Epirubicin+Cyclophosphamide"", ""Follow-up duration for primary endpoint(s) in months | Control"": null, ""Follow-up duration for primary endpoint(s) in months | Overall"": null, ""Follow-up duration for primary endpoint(s) in months | Rx"": null, ""Included in MA"": ""Yes"", ""Is PD-L1 positivity inclusion criteria"": ""No"", ""Is any other biomarker used for inclusion"": ""No"", ""Lines of treatment"": null, ""Monotherapy/combination"": ""Combination"", ""NCT"": ""NCT02685059"", ""Name of ICI"": ""Durvalumab"", ""Number of arms"": 2, ""Originial publication or Follow-up"": ""Original publication"", ""Priamry Multiple, composite, or co-primary endpoints?"": null, ""Primary endpoint"": ""Path CR"", ""PubMed ID"": ""31095287"", ""Secondary endpoint"": ""response rate by other path CR definitions (ypT0/is ypN0, ypT0/is ypN0/þ, and ypN0) and by clinical and imaging assessment; rate of breast conserving surgery and axilla lymph node dissection; efficacy in predefined subgroups according to centrally assessed sTILs [low ( 10%), intermediate (11%–59%), high ( 60%)]"", ""Total sample size"": 174, ""Treatment regimen"": ""Durvalumab+Nab-paclitaxel+epirubicin+cyclophosphamide"", ""Trial name"": ""GeparNuevo"", ""Trial phase"": ""Phase 2"", ""Type of combination"": ""ICI+Chemo"", ""Type of control"": ""Chemo"", ""Type of follow-up given"": null, ""Type of therapy"": ""Combination"", ""Year"": 2019, ""__rowid__"": 5}"
row_336,336,"In Non-Small Cell Lung trials, convert 'Type of therapy' into is_combination = true/false.",Type of therapy,"[""is_combination""]",sbert,column,5,0.4957066774368286,0,20,NCT02684006,30779531,JAVELIN Renal 101,Combination,"{""Author"": ""Motzer RJ et al"", ""Cancer type"": ""Renal cell"", ""Class of ICI"": ""PD-L1"", ""Clincal setting in relation to surgery"": ""Metastatic+recurrent (unresectable)"", ""Clinical setting"": ""Metastatic+recurrent (unresectable)"", ""Control arm"": ""TKI"", ""Control regimen"": ""Sunitinib"", ""Follow-up duration for primary endpoint(s) in months | Control"": ""10.7, 8.4"", ""Follow-up duration for primary endpoint(s) in months | Overall"": null, ""Follow-up duration for primary endpoint(s) in months | Rx"": ""11.6, 9.9"", ""Included in MA"": ""Yes"", ""Is PD-L1 positivity inclusion criteria"": ""No"", ""Is any other biomarker used for inclusion"": ""No"", ""Lines of treatment"": ""Only 1st line of treatment for metastatic disease"", ""Monotherapy/combination"": ""Combination"", ""NCT"": ""NCT02684006"", ""Name of ICI"": ""Avelumab"", ""Number of arms"": 2, ""Originial publication or Follow-up"": ""Original publication"", ""Priamry Multiple, composite, or co-primary endpoints?"": ""Multiple"", ""Primary endpoint"": ""OS+PFS"", ""PubMed ID"": ""30779531"", ""Secondary endpoint"": ""PFS and OS irrespective of PD-L1 expression; PFS as determined by investigator assessment; ORR; adverse events; pharmacokinetic measures; tumor tissue biomarkers; patient-reported outcomes."", ""Total sample size"": 886, ""Treatment regimen"": ""Avelumab+Axitinib"", ""Trial name"": ""JAVELIN Renal 101"", ""Trial phase"": ""Phase 3"", ""Type of combination"": ""ICI+TKI"", ""Type of control"": ""TKI"", ""Type of follow-up given"": ""Median"", ""Type of therapy"": ""Combination"", ""Year"": 2019, ""__rowid__"": 20}"
row_336,336,"In Non-Small Cell Lung trials, convert 'Type of therapy' into is_combination = true/false.",Type of therapy,"[""is_combination""]",sbert,column,6,0.4957066774368286,0,32,NCT01450761,27458307,CA184-156,Combination,"{""Author"": ""Reck M et al"", ""Cancer type"": ""Small Cell Lung"", ""Class of ICI"": ""CTLA-4"", ""Clincal setting in relation to surgery"": ""Metastatic+recurrent (unresectable)"", ""Clinical setting"": ""Metastatic+recurrent (unresectable)"", ""Control arm"": ""Chemo"", ""Control regimen"": ""Placebo+Etoposide+Platinum agent"", ""Follow-up duration for primary endpoint(s) in months | Control"": ""10.2"", ""Follow-up duration for primary endpoint(s) in months | Overall"": null, ""Follow-up duration for primary endpoint(s) in months | Rx"": ""10.5"", ""Included in MA"": ""Yes"", ""Is PD-L1 positivity inclusion criteria"": ""No"", ""Is any other biomarker used for inclusion"": ""No"", ""Lines of treatment"": ""Only 1st line of treatment for metastatic disease"", ""Monotherapy/combination"": ""Combination"", ""NCT"": ""NCT01450761"", ""Name of ICI"": ""Ipilimumab"", ""Number of arms"": 2, ""Originial publication or Follow-up"": ""Original publication"", ""Priamry Multiple, composite, or co-primary endpoints?"": null, ""Primary endpoint"": ""OS"", ""PubMed ID"": ""27458307"", ""Secondary endpoint"": ""PFS, ORR, DOR"", ""Total sample size"": 1132, ""Treatment regimen"": ""Ipilimumab+Etoposide+Platinum agent"", ""Trial name"": ""CA184-156"", ""Trial phase"": ""Phase 3"", ""Type of combination"": ""ICI+Chemo"", ""Type of control"": ""Chemo"", ""Type of follow-up given"": ""Median"", ""Type of therapy"": ""Combination"", ""Year"": 2016, ""__rowid__"": 32}"
row_336,336,"In Non-Small Cell Lung trials, convert 'Type of therapy' into is_combination = true/false.",Type of therapy,"[""is_combination""]",sbert,column,7,0.4957066774368286,0,26,NCT00527735,22858559,,Combination,"{""Author"": ""Reck M et al (1)"", ""Cancer type"": ""Small Cell Lung"", ""Class of ICI"": ""CTLA-4"", ""Clincal setting in relation to surgery"": ""Metastatic+recurrent (unresectable)"", ""Clinical setting"": ""Metastatic+recurrent (unresectable)"", ""Control arm"": ""Chemo"", ""Control regimen"": ""Placebo+Paclitaxel+Carboplatin"", ""Follow-up duration for primary endpoint(s) in months | Control"": null, ""Follow-up duration for primary endpoint(s) in months | Overall"": ""11.1"", ""Follow-up duration for primary endpoint(s) in months | Rx"": null, ""Included in MA"": ""Yes"", ""Is PD-L1 positivity inclusion criteria"": ""No"", ""Is any other biomarker used for inclusion"": ""No"", ""Lines of treatment"": ""Only 1st line of treatment for metastatic disease"", ""Monotherapy/combination"": ""Combination"", ""NCT"": ""NCT00527735"", ""Name of ICI"": ""Ipilimumab"", ""Number of arms"": 3, ""Originial publication or Follow-up"": ""Original publication"", ""Priamry Multiple, composite, or co-primary endpoints?"": null, ""Primary endpoint"": null, ""PubMed ID"": ""22858559"", ""Secondary endpoint"": ""Immune-related PFS; modified WHO criteria PFS; OS; modified WHO criteria best overall response rate; irBORR (proportion of patients with irCR or irPR);  modified WHO criteria disease control rate; irDCR (proportion of patients with irCR, irPR or irSD)"", ""Total sample size"": 130, ""Treatment regimen"": ""Phased ipilimumab+Paclitaxel+Carboplatin"", ""Trial name"": null, ""Trial phase"": ""Phase 2"", ""Type of combination"": ""ICI+Chemo"", ""Type of control"": ""Chemo"", ""Type of follow-up given"": ""Minimum"", ""Type of therapy"": ""Combination"", ""Year"": 2012, ""__rowid__"": 26}"
row_336,336,"In Non-Small Cell Lung trials, convert 'Type of therapy' into is_combination = true/false.",Type of therapy,"[""is_combination""]",sbert,column,8,0.4957066774368286,0,21,NCT02853331,30779529,KEYNOTE-426,Combination,"{""Author"": ""Rini BI et al"", ""Cancer type"": ""Renal cell"", ""Class of ICI"": ""PD1"", ""Clincal setting in relation to surgery"": ""Metastatic+recurrent (unresectable)"", ""Clinical setting"": ""Metastatic+recurrent (unresectable)"", ""Control arm"": ""TKI"", ""Control regimen"": ""Sunitinib"", ""Follow-up duration for primary endpoint(s) in months | Control"": null, ""Follow-up duration for primary endpoint(s) in months | Overall"": ""12.8"", ""Follow-up duration for primary endpoint(s) in months | Rx"": null, ""Included in MA"": ""Yes"", ""Is PD-L1 positivity inclusion criteria"": ""No"", ""Is any other biomarker used for inclusion"": ""No"", ""Lines of treatment"": ""Only 1st line of treatment for metastatic disease"", ""Monotherapy/combination"": ""Combination"", ""NCT"": ""NCT02853331"", ""Name of ICI"": ""Pembrolizumab"", ""Number of arms"": 2, ""Originial publication or Follow-up"": ""Original publication"", ""Priamry Multiple, composite, or co-primary endpoints?"": ""Multiple"", ""Primary endpoint"": ""OS+PFS"", ""PubMed ID"": ""30779529"", ""Secondary endpoint"": ""ORR; duration of response; safety"", ""Total sample size"": 861, ""Treatment regimen"": ""Pembrolizumab+Axitinib"", ""Trial name"": ""KEYNOTE-426"", ""Trial phase"": ""Phase 3"", ""Type of combination"": ""ICI+TKI"", ""Type of control"": ""TKI"", ""Type of follow-up given"": ""Median"", ""Type of therapy"": ""Combination"", ""Year"": 2019, ""__rowid__"": 21}"
row_336,336,"In Non-Small Cell Lung trials, convert 'Type of therapy' into is_combination = true/false.",Type of therapy,"[""is_combination""]",sbert,column,9,0.4957066774368286,1,24,NCT00527735,22547592,,Combination,"{""Author"": ""Lynch TJ et al (1)"", ""Cancer type"": ""Non-Small Cell Lung"", ""Class of ICI"": ""CTLA-4"", ""Clincal setting in relation to surgery"": ""Metastatic+recurrent (unresectable)"", ""Clinical setting"": ""Metastatic+recurrent (unresectable)"", ""Control arm"": ""Chemo"", ""Control regimen"": ""Placebo+Paclitaxel+Carboplatin"", ""Follow-up duration for primary endpoint(s) in months | Control"": null, ""Follow-up duration for primary endpoint(s) in months | Overall"": null, ""Follow-up duration for primary endpoint(s) in months | Rx"": null, ""Included in MA"": ""Yes"", ""Is PD-L1 positivity inclusion criteria"": ""No"", ""Is any other biomarker used for inclusion"": ""No"", ""Lines of treatment"": ""Only 1st line of treatment for metastatic disease"", ""Monotherapy/combination"": ""Combination"", ""NCT"": ""NCT00527735"", ""Name of ICI"": ""Ipilimumab"", ""Number of arms"": 3, ""Originial publication or Follow-up"": ""Original publication"", ""Priamry Multiple, composite, or co-primary endpoints?"": null, ""Primary endpoint"": ""PFS"", ""PubMed ID"": ""22547592"", ""Secondary endpoint"": ""Modified WHO criteria PFS; OS; immune-related best overall response rate; modified WHO criteria best overall response rate;  immune-related disease control rate; modified WHO criteria disease control\nrate"", ""Total sample size"": 204, ""Treatment regimen"": ""Phased ipilimumab+Paclitaxel+Carboplatin"", ""Trial name"": null, ""Trial phase"": ""Phase 2"", ""Type of combination"": ""ICI+Chemo"", ""Type of control"": ""Chemo"", ""Type of follow-up given"": null, ""Type of therapy"": ""Combination"", ""Year"": 2012, ""__rowid__"": 24}"
row_336,336,"In Non-Small Cell Lung trials, convert 'Type of therapy' into is_combination = true/false.",Type of therapy,"[""is_combination""]",sbert,column,10,0.4957066774368286,1,23,NCT00527735,22547592,,Combination,"{""Author"": ""Lynch TJ et al"", ""Cancer type"": ""Non-Small Cell Lung"", ""Class of ICI"": ""CTLA-4"", ""Clincal setting in relation to surgery"": ""Metastatic+recurrent (unresectable)"", ""Clinical setting"": ""Metastatic+recurrent (unresectable)"", ""Control arm"": ""Chemo"", ""Control regimen"": ""Placebo+Paclitaxel+Carboplatin"", ""Follow-up duration for primary endpoint(s) in months | Control"": null, ""Follow-up duration for primary endpoint(s) in months | Overall"": null, ""Follow-up duration for primary endpoint(s) in months | Rx"": null, ""Included in MA"": ""Yes"", ""Is PD-L1 positivity inclusion criteria"": ""No"", ""Is any other biomarker used for inclusion"": ""No"", ""Lines of treatment"": ""Only 1st line of treatment for metastatic disease"", ""Monotherapy/combination"": ""Combination"", ""NCT"": ""NCT00527735"", ""Name of ICI"": ""Ipilimumab"", ""Number of arms"": 3, ""Originial publication or Follow-up"": ""Original publication"", ""Priamry Multiple, composite, or co-primary endpoints?"": null, ""Primary endpoint"": ""PFS"", ""PubMed ID"": ""22547592"", ""Secondary endpoint"": ""Modified WHO criteria PFS; OS; immune-related best overall response rate; modified WHO criteria best overall response rate;  immune-related disease control rate; modified WHO criteria disease control\nrate"", ""Total sample size"": 204, ""Treatment regimen"": ""Concurrent ipilimumab+Paclitaxel+Carboplatin"", ""Trial name"": null, ""Trial phase"": ""Phase 2"", ""Type of combination"": ""ICI+Chemo"", ""Type of control"": ""Chemo"", ""Type of follow-up given"": null, ""Type of therapy"": ""Combination"", ""Year"": 2012, ""__rowid__"": 23}"
row_336,336,"In Non-Small Cell Lung trials, convert 'Type of therapy' into is_combination = true/false.",Type of therapy,"[""is_combination""]",sbert,column,11,0.4957066774368286,0,22,NCT02420821,31079938,IMmotion151,Combination,"{""Author"": ""Rini BI et al"", ""Cancer type"": ""Renal cell"", ""Class of ICI"": ""PD-L1"", ""Clincal setting in relation to surgery"": ""Metastatic+recurrent (unresectable)"", ""Clinical setting"": ""Metastatic+recurrent (unresectable)"", ""Control arm"": ""TKI"", ""Control regimen"": ""Sunitinib"", ""Follow-up duration for primary endpoint(s) in months | Control"": null, ""Follow-up duration for primary endpoint(s) in months | Overall"": ""24, 15"", ""Follow-up duration for primary endpoint(s) in months | Rx"": null, ""Included in MA"": ""Yes"", ""Is PD-L1 positivity inclusion criteria"": ""No"", ""Is any other biomarker used for inclusion"": ""No"", ""Lines of treatment"": ""Only 1st line of treatment for metastatic disease"", ""Monotherapy/combination"": ""Combination"", ""NCT"": ""NCT02420821"", ""Name of ICI"": ""Atezolizumab"", ""Number of arms"": 2, ""Originial publication or Follow-up"": ""Original publication"", ""Priamry Multiple, composite, or co-primary endpoints?"": ""Co-primary"", ""Primary endpoint"": ""OS+PFS"", ""PubMed ID"": ""31079938"", ""Secondary endpoint"": ""OS in PD-L1 positive population; PFS in the ITT population; proportion of patients who achieved an objective response; duration of response; patient-reported outcomes; safety"", ""Total sample size"": 915, ""Treatment regimen"": ""Atezolizumab+Bevacizumab"", ""Trial name"": ""IMmotion151"", ""Trial phase"": ""Phase 3"", ""Type of combination"": ""ICI+Anti-VEGF"", ""Type of control"": ""TKI"", ""Type of follow-up given"": ""Median"", ""Type of therapy"": ""Combination"", ""Year"": 2019, ""__rowid__"": 22}"
row_336,336,"In Non-Small Cell Lung trials, convert 'Type of therapy' into is_combination = true/false.",Type of therapy,"[""is_combination""]",sbert,column,12,0.4957066774368286,0,17,NCT01984242,29867230,IMmotion150,Combination,"{""Author"": ""McDermott DF et al (1)"", ""Cancer type"": ""Renal cell"", ""Class of ICI"": ""PD-L1"", ""Clincal setting in relation to surgery"": ""Metastatic+recurrent (unresectable)"", ""Clinical setting"": ""Metastatic+recurrent (unresectable)"", ""Control arm"": ""TKI"", ""Control regimen"": ""Sunitinib"", ""Follow-up duration for primary endpoint(s) in months | Control"": null, ""Follow-up duration for primary endpoint(s) in months | Overall"": ""20.7"", ""Follow-up duration for primary endpoint(s) in months | Rx"": null, ""Included in MA"": ""No"", ""Is PD-L1 positivity inclusion criteria"": ""No"", ""Is any other biomarker used for inclusion"": ""No"", ""Lines of treatment"": ""Only 1st line of treatment for metastatic disease"", ""Monotherapy/combination"": ""Combination"", ""NCT"": ""NCT01984242"", ""Name of ICI"": ""Atezolizumab"", ""Number of arms"": 3, ""Originial publication or Follow-up"": ""Original publication"", ""Priamry Multiple, composite, or co-primary endpoints?"": null, ""Primary endpoint"": ""PFS"", ""PubMed ID"": ""29867230"", ""Secondary endpoint"": ""Investigator-assessed PFS; ORR; \nDOR; OS; patient-reported outcomes; safety."", ""Total sample size"": 305, ""Treatment regimen"": ""Atezolizumab+Bevacizumab"", ""Trial name"": ""IMmotion150"", ""Trial phase"": ""Phase 2"", ""Type of combination"": ""ICI+Chemo"", ""Type of control"": ""TKI"", ""Type of follow-up given"": ""Median"", ""Type of therapy"": ""Combination"", ""Year"": 2018, ""__rowid__"": 17}"
row_336,336,"In Non-Small Cell Lung trials, convert 'Type of therapy' into is_combination = true/false.",Type of therapy,"[""is_combination""]",sbert,column,13,0.4957066774368286,0,18,NCT02231749,29562145,CheckMate 214,Combination,"{""Author"": ""Motzer RJ et al"", ""Cancer type"": ""Renal cell"", ""Class of ICI"": ""PD1, CTLA-4"", ""Clincal setting in relation to surgery"": ""Metastatic+recurrent (unresectable)"", ""Clinical setting"": ""Metastatic+recurrent (unresectable)"", ""Control arm"": ""TKI"", ""Control regimen"": ""Sunitinib"", ""Follow-up duration for primary endpoint(s) in months | Control"": null, ""Follow-up duration for primary endpoint(s) in months | Overall"": ""25.2"", ""Follow-up duration for primary endpoint(s) in months | Rx"": null, ""Included in MA"": ""Yes"", ""Is PD-L1 positivity inclusion criteria"": ""No"", ""Is any other biomarker used for inclusion"": ""No"", ""Lines of treatment"": ""Only 1st line of treatment for metastatic disease"", ""Monotherapy/combination"": ""Combination"", ""NCT"": ""NCT02231749"", ""Name of ICI"": ""Nivolumab, Ipilimumab"", ""Number of arms"": 2, ""Originial publication or Follow-up"": ""Original publication"", ""Priamry Multiple, composite, or co-primary endpoints?"": ""Co-primary"", ""Primary endpoint"": ""OS+PFS+ORR"", ""PubMed ID"": ""29562145"", ""Secondary endpoint"": ""ORR, PFS and OS in \nintention-to-treat population; incidence rate of adverse events among all treated patients."", ""Total sample size"": 1096, ""Treatment regimen"": ""Nivolumab+Ipilimumab"", ""Trial name"": ""CheckMate 214"", ""Trial phase"": ""Phase 3"", ""Type of combination"": ""ICI+ICI"", ""Type of control"": ""TKI"", ""Type of follow-up given"": ""Median"", ""Type of therapy"": ""Combination"", ""Year"": 2018, ""__rowid__"": 18}"
row_336,336,"In Non-Small Cell Lung trials, convert 'Type of therapy' into is_combination = true/false.",Type of therapy,"[""is_combination""]",sbert,column,14,0.4957066774368286,0,19,NCT02231749,31427204,CheckMate 214,Combination,"{""Author"": ""Motzer RJ et al"", ""Cancer type"": ""Renal cell"", ""Class of ICI"": ""PD1, CTLA-4"", ""Clincal setting in relation to surgery"": ""Metastatic+recurrent (unresectable)"", ""Clinical setting"": ""Metastatic+recurrent (unresectable)"", ""Control arm"": ""TKI"", ""Control regimen"": ""Sunitinib"", ""Follow-up duration for primary endpoint(s) in months | Control"": null, ""Follow-up duration for primary endpoint(s) in months | Overall"": ""32.4"", ""Follow-up duration for primary endpoint(s) in months | Rx"": null, ""Included in MA"": ""Yes"", ""Is PD-L1 positivity inclusion criteria"": ""No"", ""Is any other biomarker used for inclusion"": ""No"", ""Lines of treatment"": ""Only 1st line of treatment for metastatic disease"", ""Monotherapy/combination"": ""Combination"", ""NCT"": ""NCT02231749"", ""Name of ICI"": ""Nivolumab, Ipilimumab"", ""Number of arms"": 2, ""Originial publication or Follow-up"": ""Follow-up"", ""Priamry Multiple, composite, or co-primary endpoints?"": ""Co-primary"", ""Primary endpoint"": ""OS+PFS+ORR"", ""PubMed ID"": ""31427204"", ""Secondary endpoint"": ""ORR, PFS and OS in intention-to-treat population; incidence rate of adverse events among all treated patients."", ""Total sample size"": 1096, ""Treatment regimen"": ""Nivolumab+Ipilimumab"", ""Trial name"": ""CheckMate 214"", ""Trial phase"": ""Phase 3"", ""Type of combination"": ""ICI+ICI"", ""Type of control"": ""TKI"", ""Type of follow-up given"": ""Median"", ""Type of therapy"": ""Combination"", ""Year"": 2019, ""__rowid__"": 19}"
row_336,336,"In Non-Small Cell Lung trials, convert 'Type of therapy' into is_combination = true/false.",Type of therapy,"[""is_combination""]",sbert,column,15,0.4957066774368286,1,38,NCT02039674,27745820,Keynote-021,Combination,"{""Author"": ""Langer JC et al"", ""Cancer type"": ""Non-Small Cell Lung"", ""Class of ICI"": ""PD1"", ""Clincal setting in relation to surgery"": ""Metastatic+recurrent (unresectable)"", ""Clinical setting"": ""Metastatic+recurrent (unresectable)"", ""Control arm"": ""Chemo"", ""Control regimen"": ""Pemetrexed+Carboplatin"", ""Follow-up duration for primary endpoint(s) in months | Control"": null, ""Follow-up duration for primary endpoint(s) in months | Overall"": ""10.6"", ""Follow-up duration for primary endpoint(s) in months | Rx"": null, ""Included in MA"": ""Yes"", ""Is PD-L1 positivity inclusion criteria"": ""Yes"", ""Is any other biomarker used for inclusion"": ""Yes"", ""Lines of treatment"": ""Only 1st line of treatment for metastatic disease"", ""Monotherapy/combination"": ""Combination"", ""NCT"": ""NCT02039674"", ""Name of ICI"": ""Pembrolizumab"", ""Number of arms"": 2, ""Originial publication or Follow-up"": ""Original publication"", ""Priamry Multiple, composite, or co-primary endpoints?"": null, ""Primary endpoint"": ""ORR"", ""PubMed ID"": ""27745820"", ""Secondary endpoint"": ""PFS, DOR, OS"", ""Total sample size"": 123, ""Treatment regimen"": ""Pembrolizumab+Pemetrexed+Carboplatin"", ""Trial name"": ""Keynote-021"", ""Trial phase"": ""Phase 2"", ""Type of combination"": ""ICI+Chemo"", ""Type of control"": ""Chemo"", ""Type of follow-up given"": ""Median"", ""Type of therapy"": ""Combination"", ""Year"": 2016, ""__rowid__"": 38}"
row_336,336,"In Non-Small Cell Lung trials, convert 'Type of therapy' into is_combination = true/false.",Type of therapy,"[""is_combination""]",sbert,column,16,0.4957066774368286,0,25,NCT00527735,22858559,,Combination,"{""Author"": ""Reck M et al"", ""Cancer type"": ""Small Cell Lung"", ""Class of ICI"": ""CTLA-4"", ""Clincal setting in relation to surgery"": ""Metastatic+recurrent (unresectable)"", ""Clinical setting"": ""Metastatic+recurrent (unresectable)"", ""Control arm"": ""Chemo"", ""Control regimen"": ""Placebo+Paclitaxel+Carboplatin"", ""Follow-up duration for primary endpoint(s) in months | Control"": null, ""Follow-up duration for primary endpoint(s) in months | Overall"": ""11.1"", ""Follow-up duration for primary endpoint(s) in months | Rx"": null, ""Included in MA"": ""Yes"", ""Is PD-L1 positivity inclusion criteria"": ""No"", ""Is any other biomarker used for inclusion"": ""No"", ""Lines of treatment"": ""Only 1st line of treatment for metastatic disease"", ""Monotherapy/combination"": ""Combination"", ""NCT"": ""NCT00527735"", ""Name of ICI"": ""Ipilimumab"", ""Number of arms"": 3, ""Originial publication or Follow-up"": ""Original publication"", ""Priamry Multiple, composite, or co-primary endpoints?"": null, ""Primary endpoint"": null, ""PubMed ID"": ""22858559"", ""Secondary endpoint"": ""Immune-related PFS; modified WHO criteria PFS; OS; modified WHO criteria best overall response rate; irBORR (proportion of patients with irCR or irPR);  modified WHO criteria disease control rate; irDCR (proportion of patients with irCR, irPR or irSD)"", ""Total sample size"": 130, ""Treatment regimen"": ""Concurrent ipilimumab+Paclitaxel+Carboplatin"", ""Trial name"": null, ""Trial phase"": ""Phase 2"", ""Type of combination"": ""ICI+Chemo"", ""Type of control"": ""Chemo"", ""Type of follow-up given"": ""Minimum"", ""Type of therapy"": ""Combination"", ""Year"": 2012, ""__rowid__"": 25}"
row_336,336,"In Non-Small Cell Lung trials, convert 'Type of therapy' into is_combination = true/false.",Type of therapy,"[""is_combination""]",sbert,column,17,0.4957066774368286,1,42,NCT02578680,29658856,Keynote-189,Combination,"{""Author"": ""Gandhi L et al"", ""Cancer type"": ""Non-Small Cell Lung"", ""Class of ICI"": ""PD1"", ""Clincal setting in relation to surgery"": ""Metastatic+recurrent (unresectable)"", ""Clinical setting"": ""Metastatic+recurrent (unresectable)"", ""Control arm"": ""Chemo"", ""Control regimen"": ""Placebo+Pemetrexed+Platinum agent"", ""Follow-up duration for primary endpoint(s) in months | Control"": null, ""Follow-up duration for primary endpoint(s) in months | Overall"": ""10.5"", ""Follow-up duration for primary endpoint(s) in months | Rx"": null, ""Included in MA"": ""Yes"", ""Is PD-L1 positivity inclusion criteria"": ""No"", ""Is any other biomarker used for inclusion"": ""No"", ""Lines of treatment"": ""Only 1st line of treatment for metastatic disease"", ""Monotherapy/combination"": ""Combination"", ""NCT"": ""NCT02578680"", ""Name of ICI"": ""Pembrolizumab"", ""Number of arms"": 2, ""Originial publication or Follow-up"": ""Original publication"", ""Priamry Multiple, composite, or co-primary endpoints?"": ""Multiple"", ""Primary endpoint"": ""OS+PFS"", ""PubMed ID"": ""29658856"", ""Secondary endpoint"": ""ORR, DOR, safety"", ""Total sample size"": 616, ""Treatment regimen"": ""Pembrolizumab+Platinum agent"", ""Trial name"": ""Keynote-189"", ""Trial phase"": ""Phase 3"", ""Type of combination"": ""ICI+Chemo"", ""Type of control"": ""Chemo"", ""Type of follow-up given"": ""Median"", ""Type of therapy"": ""Combination"", ""Year"": 2018, ""__rowid__"": 42}"
row_336,336,"In Non-Small Cell Lung trials, convert 'Type of therapy' into is_combination = true/false.",Type of therapy,"[""is_combination""]",sbert,column,18,0.4957066774368286,1,51,NCT02477826,31562796,Checkmate 227,Combination,"{""Author"": ""Hellmann MD et al (2)"", ""Cancer type"": ""Non-Small Cell Lung"", ""Class of ICI"": ""PD1"", ""Clincal setting in relation to surgery"": ""Metastatic+recurrent (unresectable)"", ""Clinical setting"": ""Metastatic+recurrent (unresectable)"", ""Control arm"": ""Chemo"", ""Control regimen"": ""Chemotherapy"", ""Follow-up duration for primary endpoint(s) in months | Control"": null, ""Follow-up duration for primary endpoint(s) in months | Overall"": ""29.3"", ""Follow-up duration for primary endpoint(s) in months | Rx"": null, ""Included in MA"": ""Yes"", ""Is PD-L1 positivity inclusion criteria"": ""No"", ""Is any other biomarker used for inclusion"": ""Yes"", ""Lines of treatment"": ""Only 1st line of treatment for metastatic disease"", ""Monotherapy/combination"": ""Combination"", ""NCT"": ""NCT02477826"", ""Name of ICI"": ""Nivolumab"", ""Number of arms"": 4, ""Originial publication or Follow-up"": ""Follow-up"", ""Priamry Multiple, composite, or co-primary endpoints?"": null, ""Primary endpoint"": ""OS"", ""PubMed ID"": ""31562796"", ""Secondary endpoint"": ""PFS; OS with nivolumab+chemotherapy VS chemotherapy alone in patients with PD-L1 <1%; and OS with nivolumab monotherapy VS chemotherapy in patients with a PD-L1 >=50%"", ""Total sample size"": 1739, ""Treatment regimen"": ""Nivolumab+Chemotherapy"", ""Trial name"": ""Checkmate 227"", ""Trial phase"": ""Phase 3"", ""Type of combination"": ""ICI+Chemo"", ""Type of control"": ""Chemo"", ""Type of follow-up given"": ""Minimum"", ""Type of therapy"": ""Combination"", ""Year"": 2019, ""__rowid__"": 51}"
row_336,336,"In Non-Small Cell Lung trials, convert 'Type of therapy' into is_combination = true/false.",Type of therapy,"[""is_combination""]",sbert,column,19,0.4957066774368286,1,49,NCT02477826,31562796,Checkmate 227,Combination,"{""Author"": ""Hellmann MD et al"", ""Cancer type"": ""Non-Small Cell Lung"", ""Class of ICI"": ""PD1, CTLA-4"", ""Clincal setting in relation to surgery"": ""Metastatic+recurrent (unresectable)"", ""Clinical setting"": ""Metastatic+recurrent (unresectable)"", ""Control arm"": ""Chemo"", ""Control regimen"": ""Chemotherapy"", ""Follow-up duration for primary endpoint(s) in months | Control"": null, ""Follow-up duration for primary endpoint(s) in months | Overall"": ""29.3"", ""Follow-up duration for primary endpoint(s) in months | Rx"": null, ""Included in MA"": ""Yes"", ""Is PD-L1 positivity inclusion criteria"": ""No"", ""Is any other biomarker used for inclusion"": ""Yes"", ""Lines of treatment"": ""Only 1st line of treatment for metastatic disease"", ""Monotherapy/combination"": ""Combination"", ""NCT"": ""NCT02477826"", ""Name of ICI"": ""Nivolumab, Ipilimumab"", ""Number of arms"": 4, ""Originial publication or Follow-up"": ""Follow-up"", ""Priamry Multiple, composite, or co-primary endpoints?"": null, ""Primary endpoint"": ""OS"", ""PubMed ID"": ""31562796"", ""Secondary endpoint"": ""PFS; OS with nivolumab+chemotherapy VS chemotherapy alone in patients with PD-L1 <1%; and OS with nivolumab monotherapy VS chemotherapy in patients with a PD-L1 >=50%"", ""Total sample size"": 1739, ""Treatment regimen"": ""Nivolumab+Ipilimumab"", ""Trial name"": ""Checkmate 227"", ""Trial phase"": ""Phase 3"", ""Type of combination"": ""ICI+ICI"", ""Type of control"": ""Chemo"", ""Type of follow-up given"": ""Minimum"", ""Type of therapy"": ""Combination"", ""Year"": 2019, ""__rowid__"": 49}"
row_336,336,"In Non-Small Cell Lung trials, convert 'Type of therapy' into is_combination = true/false.",Type of therapy,"[""is_combination""]",sbert,column,20,0.4957066774368286,1,57,NCT02454933,30763730,CAURAL,Combination,"{""Author"": ""Yang JCH et al"", ""Cancer type"": ""Non-Small Cell Lung"", ""Class of ICI"": ""PD-L1"", ""Clincal setting in relation to surgery"": ""Metastatic+recurrent (unresectable)"", ""Clinical setting"": ""Metastatic+recurrent (unresectable)"", ""Control arm"": ""TKI"", ""Control regimen"": ""Osimertinib"", ""Follow-up duration for primary endpoint(s) in months | Control"": null, ""Follow-up duration for primary endpoint(s) in months | Overall"": null, ""Follow-up duration for primary endpoint(s) in months | Rx"": null, ""Included in MA"": ""No"", ""Is PD-L1 positivity inclusion criteria"": ""No"", ""Is any other biomarker used for inclusion"": ""No"", ""Lines of treatment"": ""Only 2nd or later line of treatment for metastatic disease"", ""Monotherapy/combination"": ""Combination"", ""NCT"": ""NCT02454933"", ""Name of ICI"": ""Durvalumab"", ""Number of arms"": 2, ""Originial publication or Follow-up"": ""Original publication"", ""Priamry Multiple, composite, or co-primary endpoints?"": null, ""Primary endpoint"": null, ""PubMed ID"": ""30763730"", ""Secondary endpoint"": null, ""Total sample size"": 29, ""Treatment regimen"": ""Durvalumab+Osimertinib"", ""Trial name"": ""CAURAL"", ""Trial phase"": ""Phase 3"", ""Type of combination"": ""ICI+TKI"", ""Type of control"": ""TKI"", ""Type of follow-up given"": null, ""Type of therapy"": ""Combination"", ""Year"": 2019, ""__rowid__"": 57}"
row_336,336,"In Non-Small Cell Lung trials, convert 'Type of therapy' into is_combination = true/false.",Type of therapy,"[""is_combination""]",sbert,row,1,0.56646728515625,1,113,NCT02574598,32271354,PROLUNG,Combination,"{""Author"": ""Arrieta O et al"", ""Cancer type"": ""Non-Small Cell Lung"", ""Class of ICI"": ""PD1"", ""Clincal setting in relation to surgery"": ""Metastatic+recurrent (unresectable)"", ""Clinical setting"": ""Metastatic+recurrent (unresectable)"", ""Control arm"": ""Chemo"", ""Control regimen"": ""Docetaxel"", ""Follow-up duration for primary endpoint(s) in months | Control"": null, ""Follow-up duration for primary endpoint(s) in months | Overall"": null, ""Follow-up duration for primary endpoint(s) in months | Rx"": null, ""Included in MA"": ""Yes"", ""Is PD-L1 positivity inclusion criteria"": ""No"", ""Is any other biomarker used for inclusion"": ""No"", ""Lines of treatment"": ""Only 2nd or later line of treatment for metastatic disease"", ""Monotherapy/combination"": ""Combination"", ""NCT"": ""NCT02574598"", ""Name of ICI"": ""Pembrolizumab"", ""Number of arms"": 2, ""Originial publication or Follow-up"": ""Original publication"", ""Priamry Multiple, composite, or co-primary endpoints?"": null, ""Primary endpoint"": ""ORR"", ""PubMed ID"": ""32271354"", ""Secondary endpoint"": ""PFS, OS, safety"", ""Total sample size"": 78, ""Treatment regimen"": ""Pembrolizumab+ Docetaxel"", ""Trial name"": ""PROLUNG"", ""Trial phase"": ""Phase 2"", ""Type of combination"": ""ICI+Chemo"", ""Type of control"": ""Chemo"", ""Type of follow-up given"": null, ""Type of therapy"": ""Combination"", ""Year"": 2020, ""__rowid__"": 113}"
row_336,336,"In Non-Small Cell Lung trials, convert 'Type of therapy' into is_combination = true/false.",Type of therapy,"[""is_combination""]",sbert,row,2,0.5642393827438354,1,155,NCT03088540,33581821,EMPOWER-Lung 1,Monotherapy,"{""Author"": ""Sezer A et al"", ""Cancer type"": ""Non-Small Cell Lung"", ""Class of ICI"": ""PD1"", ""Clincal setting in relation to surgery"": ""Metastatic+recurrent (unresectable)"", ""Clinical setting"": ""Metastatic+recurrent (unresectable)"", ""Control arm"": ""Chemo"", ""Control regimen"": ""Chemotherapy"", ""Follow-up duration for primary endpoint(s) in months | Control"": ""10.9"", ""Follow-up duration for primary endpoint(s) in months | Overall"": null, ""Follow-up duration for primary endpoint(s) in months | Rx"": ""10.8"", ""Included in MA"": null, ""Is PD-L1 positivity inclusion criteria"": ""Yes"", ""Is any other biomarker used for inclusion"": ""Yes"", ""Lines of treatment"": ""Only 1st line of treatment for metastatic disease"", ""Monotherapy/combination"": ""Monotherapy"", ""NCT"": ""NCT03088540"", ""Name of ICI"": ""Cemiplimab"", ""Number of arms"": 2, ""Originial publication or Follow-up"": ""Original publication"", ""Priamry Multiple, composite, or co-primary endpoints?"": ""Multiple"", ""Primary endpoint"": ""OS+PFS"", ""PubMed ID"": ""33581821"", ""Secondary endpoint"": ""ORR; DoR; HRQOL; safety"", ""Total sample size"": 710, ""Treatment regimen"": ""Cemiplimab"", ""Trial name"": ""EMPOWER-Lung 1"", ""Trial phase"": ""Phase 3"", ""Type of combination"": null, ""Type of control"": ""Chemo"", ""Type of follow-up given"": ""Median"", ""Type of therapy"": ""Monotherapy"", ""Year"": 2021, ""__rowid__"": 155}"
row_336,336,"In Non-Small Cell Lung trials, convert 'Type of therapy' into is_combination = true/false.",Type of therapy,"[""is_combination""]",sbert,row,3,0.5611876249313354,1,28,NCT01642004,26028407,Checkmate 017,Monotherapy,"{""Author"": ""Brahmer J et al"", ""Cancer type"": ""Non-Small Cell Lung"", ""Class of ICI"": ""PD1"", ""Clincal setting in relation to surgery"": ""Metastatic+recurrent (unresectable)"", ""Clinical setting"": ""Metastatic+recurrent (unresectable)"", ""Control arm"": ""Chemo"", ""Control regimen"": ""Docetaxel"", ""Follow-up duration for primary endpoint(s) in months | Control"": ""6"", ""Follow-up duration for primary endpoint(s) in months | Overall"": null, ""Follow-up duration for primary endpoint(s) in months | Rx"": ""9.2"", ""Included in MA"": ""Yes"", ""Is PD-L1 positivity inclusion criteria"": ""No"", ""Is any other biomarker used for inclusion"": ""No"", ""Lines of treatment"": ""Only 2nd or later line of treatment for metastatic disease"", ""Monotherapy/combination"": ""Monotherapy"", ""NCT"": ""NCT01642004"", ""Name of ICI"": ""Nivolumab"", ""Number of arms"": 2, ""Originial publication or Follow-up"": ""Original publication"", ""Priamry Multiple, composite, or co-primary endpoints?"": null, ""Primary endpoint"": ""OS"", ""PubMed ID"": ""26028407"", ""Secondary endpoint"": ""OR, PFS, PRO"", ""Total sample size"": 272, ""Treatment regimen"": ""Nivolumab"", ""Trial name"": ""Checkmate 017"", ""Trial phase"": ""Phase 3"", ""Type of combination"": null, ""Type of control"": ""Chemo"", ""Type of follow-up given"": ""Median"", ""Type of therapy"": ""Monotherapy"", ""Year"": 2015, ""__rowid__"": 28}"
row_336,336,"In Non-Small Cell Lung trials, convert 'Type of therapy' into is_combination = true/false.",Type of therapy,"[""is_combination""]",sbert,row,4,0.5611632466316223,0,150,NCT02538666,33683919,CheckMate 451,Monotherapy,"{""Author"": ""Owonikoko TK et al"", ""Cancer type"": ""Small Cell Lung"", ""Class of ICI"": ""PD1"", ""Clincal setting in relation to surgery"": ""Maintenance"", ""Clinical setting"": ""Maintenance"", ""Control arm"": ""Placebo"", ""Control regimen"": ""Placebo"", ""Follow-up duration for primary endpoint(s) in months | Control"": ""9.1"", ""Follow-up duration for primary endpoint(s) in months | Overall"": null, ""Follow-up duration for primary endpoint(s) in months | Rx"": ""9.9"", ""Included in MA"": null, ""Is PD-L1 positivity inclusion criteria"": ""No"", ""Is any other biomarker used for inclusion"": ""No"", ""Lines of treatment"": ""Only 1st line of treatment for metastatic disease"", ""Monotherapy/combination"": ""Monotherapy"", ""NCT"": ""NCT02538666"", ""Name of ICI"": ""Nivolumab"", ""Number of arms"": 3, ""Originial publication or Follow-up"": ""Original publication"", ""Priamry Multiple, composite, or co-primary endpoints?"": null, ""Primary endpoint"": null, ""PubMed ID"": ""33683919"", ""Secondary endpoint"": ""OS in Arm 2 vs Arm 3; PFS"", ""Total sample size"": 834, ""Treatment regimen"": ""Nivolumab"", ""Trial name"": ""CheckMate 451"", ""Trial phase"": ""Phase 3"", ""Type of combination"": null, ""Type of control"": ""Placebo"", ""Type of follow-up given"": ""Median"", ""Type of therapy"": ""Monotherapy"", ""Year"": 2021, ""__rowid__"": 150}"
row_336,336,"In Non-Small Cell Lung trials, convert 'Type of therapy' into is_combination = true/false.",Type of therapy,"[""is_combination""]",sbert,row,5,0.5603092908859253,1,47,NCT02477826,29658845,Checkmate 227,Combination,"{""Author"": ""Hellmann MD et al"", ""Cancer type"": ""Non-Small Cell Lung"", ""Class of ICI"": ""PD1, CTLA-4"", ""Clincal setting in relation to surgery"": ""Metastatic+recurrent (unresectable)"", ""Clinical setting"": ""Metastatic+recurrent (unresectable)"", ""Control arm"": ""Chemo"", ""Control regimen"": ""Chemotherapy"", ""Follow-up duration for primary endpoint(s) in months | Control"": null, ""Follow-up duration for primary endpoint(s) in months | Overall"": ""11.2"", ""Follow-up duration for primary endpoint(s) in months | Rx"": null, ""Included in MA"": ""Yes"", ""Is PD-L1 positivity inclusion criteria"": ""No"", ""Is any other biomarker used for inclusion"": ""No"", ""Lines of treatment"": ""Only 1st line of treatment for metastatic disease"", ""Monotherapy/combination"": ""Combination"", ""NCT"": ""NCT02477826"", ""Name of ICI"": ""Nivolumab, Ipilimumab"", ""Number of arms"": 3, ""Originial publication or Follow-up"": ""Original publication"", ""Priamry Multiple, composite, or co-primary endpoints?"": ""Co-primary"", ""Primary endpoint"": ""OS+PFS"", ""PubMed ID"": ""29658845"", ""Secondary endpoint"": ""PFS with nivolumab VS chemotherapy among patients with a TMB of at least 13 mutations per megabase and a PD-L1 expression level of >= 1%; OS with nivolumab + ipilimumab VS platinum doublet chemotherapy among patients with a TMB of >=10 mutations per megabase"", ""Total sample size"": 1739, ""Treatment regimen"": ""Nivolumab+Ipilimumab"", ""Trial name"": ""Checkmate 227"", ""Trial phase"": ""Phase 3"", ""Type of combination"": ""ICI+ICI"", ""Type of control"": ""Chemo"", ""Type of follow-up given"": ""Minimum"", ""Type of therapy"": ""Combination"", ""Year"": 2018, ""__rowid__"": 47}"
row_336,336,"In Non-Small Cell Lung trials, convert 'Type of therapy' into is_combination = true/false.",Type of therapy,"[""is_combination""]",sbert,row,6,0.5593180060386658,1,51,NCT02477826,31562796,Checkmate 227,Combination,"{""Author"": ""Hellmann MD et al (2)"", ""Cancer type"": ""Non-Small Cell Lung"", ""Class of ICI"": ""PD1"", ""Clincal setting in relation to surgery"": ""Metastatic+recurrent (unresectable)"", ""Clinical setting"": ""Metastatic+recurrent (unresectable)"", ""Control arm"": ""Chemo"", ""Control regimen"": ""Chemotherapy"", ""Follow-up duration for primary endpoint(s) in months | Control"": null, ""Follow-up duration for primary endpoint(s) in months | Overall"": ""29.3"", ""Follow-up duration for primary endpoint(s) in months | Rx"": null, ""Included in MA"": ""Yes"", ""Is PD-L1 positivity inclusion criteria"": ""No"", ""Is any other biomarker used for inclusion"": ""Yes"", ""Lines of treatment"": ""Only 1st line of treatment for metastatic disease"", ""Monotherapy/combination"": ""Combination"", ""NCT"": ""NCT02477826"", ""Name of ICI"": ""Nivolumab"", ""Number of arms"": 4, ""Originial publication or Follow-up"": ""Follow-up"", ""Priamry Multiple, composite, or co-primary endpoints?"": null, ""Primary endpoint"": ""OS"", ""PubMed ID"": ""31562796"", ""Secondary endpoint"": ""PFS; OS with nivolumab+chemotherapy VS chemotherapy alone in patients with PD-L1 <1%; and OS with nivolumab monotherapy VS chemotherapy in patients with a PD-L1 >=50%"", ""Total sample size"": 1739, ""Treatment regimen"": ""Nivolumab+Chemotherapy"", ""Trial name"": ""Checkmate 227"", ""Trial phase"": ""Phase 3"", ""Type of combination"": ""ICI+Chemo"", ""Type of control"": ""Chemo"", ""Type of follow-up given"": ""Minimum"", ""Type of therapy"": ""Combination"", ""Year"": 2019, ""__rowid__"": 51}"
row_336,336,"In Non-Small Cell Lung trials, convert 'Type of therapy' into is_combination = true/false.",Type of therapy,"[""is_combination""]",sbert,row,7,0.5582171678543091,1,57,NCT02454933,30763730,CAURAL,Combination,"{""Author"": ""Yang JCH et al"", ""Cancer type"": ""Non-Small Cell Lung"", ""Class of ICI"": ""PD-L1"", ""Clincal setting in relation to surgery"": ""Metastatic+recurrent (unresectable)"", ""Clinical setting"": ""Metastatic+recurrent (unresectable)"", ""Control arm"": ""TKI"", ""Control regimen"": ""Osimertinib"", ""Follow-up duration for primary endpoint(s) in months | Control"": null, ""Follow-up duration for primary endpoint(s) in months | Overall"": null, ""Follow-up duration for primary endpoint(s) in months | Rx"": null, ""Included in MA"": ""No"", ""Is PD-L1 positivity inclusion criteria"": ""No"", ""Is any other biomarker used for inclusion"": ""No"", ""Lines of treatment"": ""Only 2nd or later line of treatment for metastatic disease"", ""Monotherapy/combination"": ""Combination"", ""NCT"": ""NCT02454933"", ""Name of ICI"": ""Durvalumab"", ""Number of arms"": 2, ""Originial publication or Follow-up"": ""Original publication"", ""Priamry Multiple, composite, or co-primary endpoints?"": null, ""Primary endpoint"": null, ""PubMed ID"": ""30763730"", ""Secondary endpoint"": null, ""Total sample size"": 29, ""Treatment regimen"": ""Durvalumab+Osimertinib"", ""Trial name"": ""CAURAL"", ""Trial phase"": ""Phase 3"", ""Type of combination"": ""ICI+TKI"", ""Type of control"": ""TKI"", ""Type of follow-up given"": null, ""Type of therapy"": ""Combination"", ""Year"": 2019, ""__rowid__"": 57}"
row_336,336,"In Non-Small Cell Lung trials, convert 'Type of therapy' into is_combination = true/false.",Type of therapy,"[""is_combination""]",sbert,row,8,0.557414174079895,1,50,NCT02477826,31562796,Checkmate 227,Monotherapy,"{""Author"": ""Hellmann MD et al (1)"", ""Cancer type"": ""Non-Small Cell Lung"", ""Class of ICI"": ""PD1"", ""Clincal setting in relation to surgery"": ""Metastatic+recurrent (unresectable)"", ""Clinical setting"": ""Metastatic+recurrent (unresectable)"", ""Control arm"": ""Chemo"", ""Control regimen"": ""Chemotherapy"", ""Follow-up duration for primary endpoint(s) in months | Control"": null, ""Follow-up duration for primary endpoint(s) in months | Overall"": ""29.3"", ""Follow-up duration for primary endpoint(s) in months | Rx"": null, ""Included in MA"": ""Yes"", ""Is PD-L1 positivity inclusion criteria"": ""No"", ""Is any other biomarker used for inclusion"": ""Yes"", ""Lines of treatment"": ""Only 1st line of treatment for metastatic disease"", ""Monotherapy/combination"": ""Monotherapy"", ""NCT"": ""NCT02477826"", ""Name of ICI"": ""Nivolumab"", ""Number of arms"": 4, ""Originial publication or Follow-up"": ""Follow-up"", ""Priamry Multiple, composite, or co-primary endpoints?"": null, ""Primary endpoint"": ""OS"", ""PubMed ID"": ""31562796"", ""Secondary endpoint"": ""PFS; OS with nivolumab+chemotherapy VS chemotherapy alone in patients with PD-L1 <1%; and OS with nivolumab monotherapy VS chemotherapy in patients with a PD-L1 >=50%"", ""Total sample size"": 1739, ""Treatment regimen"": ""Nivolumab"", ""Trial name"": ""Checkmate 227"", ""Trial phase"": ""Phase 3"", ""Type of combination"": null, ""Type of control"": ""Chemo"", ""Type of follow-up given"": ""Minimum"", ""Type of therapy"": ""Monotherapy"", ""Year"": 2019, ""__rowid__"": 50}"
row_336,336,"In Non-Small Cell Lung trials, convert 'Type of therapy' into is_combination = true/false.",Type of therapy,"[""is_combination""]",sbert,row,9,0.5552709102630615,1,40,NCT02008227,27979383,OAK,Monotherapy,"{""Author"": ""Rittmeyer A et al"", ""Cancer type"": ""Non-Small Cell Lung"", ""Class of ICI"": ""PD-L1"", ""Clincal setting in relation to surgery"": ""Metastatic+recurrent (unresectable)"", ""Clinical setting"": ""Metastatic+recurrent (unresectable)"", ""Control arm"": ""Chemo"", ""Control regimen"": ""Docetaxel"", ""Follow-up duration for primary endpoint(s) in months | Control"": null, ""Follow-up duration for primary endpoint(s) in months | Overall"": ""21"", ""Follow-up duration for primary endpoint(s) in months | Rx"": null, ""Included in MA"": ""No"", ""Is PD-L1 positivity inclusion criteria"": ""No"", ""Is any other biomarker used for inclusion"": ""Yes"", ""Lines of treatment"": ""Only 2nd or later line of treatment for metastatic disease"", ""Monotherapy/combination"": ""Monotherapy"", ""NCT"": ""NCT02008227"", ""Name of ICI"": ""Atezolizumab"", ""Number of arms"": 2, ""Originial publication or Follow-up"": ""Original publication"", ""Priamry Multiple, composite, or co-primary endpoints?"": null, ""Primary endpoint"": ""OS"", ""PubMed ID"": ""27979383"", ""Secondary endpoint"": ""PFS, ORR, DoR"", ""Total sample size"": 1225, ""Treatment regimen"": ""Atezolizumab"", ""Trial name"": ""OAK"", ""Trial phase"": ""Phase 3"", ""Type of combination"": null, ""Type of control"": ""Chemo"", ""Type of follow-up given"": ""Median"", ""Type of therapy"": ""Monotherapy"", ""Year"": 2017, ""__rowid__"": 40}"
row_336,336,"In Non-Small Cell Lung trials, convert 'Type of therapy' into is_combination = true/false.",Type of therapy,"[""is_combination""]",sbert,row,10,0.5544149875640869,0,147,NCT02481830,33539946,CheckMate 331,Monotherapy,"{""Author"": ""Spigel DR et al"", ""Cancer type"": ""Small Cell Lung"", ""Class of ICI"": ""PD1"", ""Clincal setting in relation to surgery"": ""Metastatic+recurrent (unresectable)"", ""Clinical setting"": ""Metastatic+recurrent (unresectable)"", ""Control arm"": ""Chemo"", ""Control regimen"": ""Chemotherapy"", ""Follow-up duration for primary endpoint(s) in months | Control"": null, ""Follow-up duration for primary endpoint(s) in months | Overall"": ""15.8"", ""Follow-up duration for primary endpoint(s) in months | Rx"": null, ""Included in MA"": null, ""Is PD-L1 positivity inclusion criteria"": ""No"", ""Is any other biomarker used for inclusion"": ""No"", ""Lines of treatment"": ""Only 2nd or later line of treatment for metastatic disease"", ""Monotherapy/combination"": ""Monotherapy"", ""NCT"": ""NCT02481830"", ""Name of ICI"": ""Nivolumab"", ""Number of arms"": 2, ""Originial publication or Follow-up"": ""Original publication"", ""Priamry Multiple, composite, or co-primary endpoints?"": null, ""Primary endpoint"": ""OS"", ""PubMed ID"": ""33539946"", ""Secondary endpoint"": ""PFS; ORR; DoR"", ""Total sample size"": 569, ""Treatment regimen"": ""Nivolumab"", ""Trial name"": ""CheckMate 331"", ""Trial phase"": ""Phase 3"", ""Type of combination"": null, ""Type of control"": ""Chemo"", ""Type of follow-up given"": ""Minimum"", ""Type of therapy"": ""Monotherapy"", ""Year"": 2021, ""__rowid__"": 147}"
row_336,336,"In Non-Small Cell Lung trials, convert 'Type of therapy' into is_combination = true/false.",Type of therapy,"[""is_combination""]",sbert,row,11,0.5538052916526794,1,48,NCT02477826,29658845,Checkmate 227,Monotherapy,"{""Author"": ""Hellmann MD et al (1)"", ""Cancer type"": ""Non-Small Cell Lung"", ""Class of ICI"": ""PD1"", ""Clincal setting in relation to surgery"": ""Metastatic+recurrent (unresectable)"", ""Clinical setting"": ""Metastatic+recurrent (unresectable)"", ""Control arm"": ""Chemo"", ""Control regimen"": ""Chemotherapy"", ""Follow-up duration for primary endpoint(s) in months | Control"": null, ""Follow-up duration for primary endpoint(s) in months | Overall"": ""11.2"", ""Follow-up duration for primary endpoint(s) in months | Rx"": null, ""Included in MA"": ""Yes"", ""Is PD-L1 positivity inclusion criteria"": ""No"", ""Is any other biomarker used for inclusion"": ""No"", ""Lines of treatment"": ""Only 1st line of treatment for metastatic disease"", ""Monotherapy/combination"": ""Monotherapy"", ""NCT"": ""NCT02477826"", ""Name of ICI"": ""Nivolumab"", ""Number of arms"": 3, ""Originial publication or Follow-up"": ""Original publication"", ""Priamry Multiple, composite, or co-primary endpoints?"": ""Co-primary"", ""Primary endpoint"": ""OS+PFS"", ""PubMed ID"": ""29658845"", ""Secondary endpoint"": ""PFS with nivolumab VS chemotherapy among patients with a TMB of at least 13 mutations per megabase and a PD-L1 expression level of >= 1%; OS with nivolumab + ipilimumab VS platinum doublet chemotherapy among patients with a TMB of >=10 mutations per megabase"", ""Total sample size"": 1739, ""Treatment regimen"": ""Nivolumab"", ""Trial name"": ""Checkmate 227"", ""Trial phase"": ""Phase 3"", ""Type of combination"": null, ""Type of control"": ""Chemo"", ""Type of follow-up given"": ""Minimum"", ""Type of therapy"": ""Monotherapy"", ""Year"": 2018, ""__rowid__"": 48}"
row_336,336,"In Non-Small Cell Lung trials, convert 'Type of therapy' into is_combination = true/false.",Type of therapy,"[""is_combination""]",sbert,row,12,0.5509001016616821,0,149,NCT02538666,33683919,CheckMate 451,Combination,"{""Author"": ""Owonikoko TK et al"", ""Cancer type"": ""Small Cell Lung"", ""Class of ICI"": ""PD1, CTLA-4"", ""Clincal setting in relation to surgery"": ""Maintenance"", ""Clinical setting"": ""Maintenance"", ""Control arm"": ""Placebo"", ""Control regimen"": ""Placebo"", ""Follow-up duration for primary endpoint(s) in months | Control"": ""9.1"", ""Follow-up duration for primary endpoint(s) in months | Overall"": null, ""Follow-up duration for primary endpoint(s) in months | Rx"": ""8.4"", ""Included in MA"": null, ""Is PD-L1 positivity inclusion criteria"": ""No"", ""Is any other biomarker used for inclusion"": ""No"", ""Lines of treatment"": ""Only 1st line of treatment for metastatic disease"", ""Monotherapy/combination"": ""Combination"", ""NCT"": ""NCT02538666"", ""Name of ICI"": ""Nivolumab, Ipilimumab"", ""Number of arms"": 3, ""Originial publication or Follow-up"": ""Original publication"", ""Priamry Multiple, composite, or co-primary endpoints?"": null, ""Primary endpoint"": ""OS"", ""PubMed ID"": ""33683919"", ""Secondary endpoint"": ""OS in Arm 2 vs Arm 3; PFS"", ""Total sample size"": 834, ""Treatment regimen"": ""Nivolumab+Ipilimumab"", ""Trial name"": ""CheckMate 451"", ""Trial phase"": ""Phase 3"", ""Type of combination"": ""ICI+ICI"", ""Type of control"": ""Placebo"", ""Type of follow-up given"": ""Median"", ""Type of therapy"": ""Combination"", ""Year"": 2021, ""__rowid__"": 149}"
row_336,336,"In Non-Small Cell Lung trials, convert 'Type of therapy' into is_combination = true/false.",Type of therapy,"[""is_combination""]",sbert,row,13,0.5507217645645142,1,33,NCT02041533,28636851,Checkmate 026,Monotherapy,"{""Author"": ""Carbone DP et al"", ""Cancer type"": ""Non-Small Cell Lung"", ""Class of ICI"": ""PD1"", ""Clincal setting in relation to surgery"": ""Metastatic+recurrent (unresectable)"", ""Clinical setting"": ""Metastatic+recurrent (unresectable)"", ""Control arm"": ""Chemo"", ""Control regimen"": ""Platinum-based chemotherapy"", ""Follow-up duration for primary endpoint(s) in months | Control"": null, ""Follow-up duration for primary endpoint(s) in months | Overall"": ""13.5"", ""Follow-up duration for primary endpoint(s) in months | Rx"": null, ""Included in MA"": ""Yes"", ""Is PD-L1 positivity inclusion criteria"": ""Yes"", ""Is any other biomarker used for inclusion"": ""Yes"", ""Lines of treatment"": ""Only 1st line of treatment for metastatic disease"", ""Monotherapy/combination"": ""Monotherapy"", ""NCT"": ""NCT02041533"", ""Name of ICI"": ""Nivolumab"", ""Number of arms"": 2, ""Originial publication or Follow-up"": ""Original publication"", ""Priamry Multiple, composite, or co-primary endpoints?"": null, ""Primary endpoint"": ""PFS"", ""PubMed ID"": ""28636851"", ""Secondary endpoint"": ""OS,PFS(PD-L1),RR,"", ""Total sample size"": 423, ""Treatment regimen"": ""Nivolumab"", ""Trial name"": ""Checkmate 026"", ""Trial phase"": ""Phase 3"", ""Type of combination"": null, ""Type of control"": ""Chemo"", ""Type of follow-up given"": ""Median"", ""Type of therapy"": ""Monotherapy"", ""Year"": 2017, ""__rowid__"": 33}"
row_336,336,"In Non-Small Cell Lung trials, convert 'Type of therapy' into is_combination = true/false.",Type of therapy,"[""is_combination""]",sbert,row,14,0.55058753490448,1,49,NCT02477826,31562796,Checkmate 227,Combination,"{""Author"": ""Hellmann MD et al"", ""Cancer type"": ""Non-Small Cell Lung"", ""Class of ICI"": ""PD1, CTLA-4"", ""Clincal setting in relation to surgery"": ""Metastatic+recurrent (unresectable)"", ""Clinical setting"": ""Metastatic+recurrent (unresectable)"", ""Control arm"": ""Chemo"", ""Control regimen"": ""Chemotherapy"", ""Follow-up duration for primary endpoint(s) in months | Control"": null, ""Follow-up duration for primary endpoint(s) in months | Overall"": ""29.3"", ""Follow-up duration for primary endpoint(s) in months | Rx"": null, ""Included in MA"": ""Yes"", ""Is PD-L1 positivity inclusion criteria"": ""No"", ""Is any other biomarker used for inclusion"": ""Yes"", ""Lines of treatment"": ""Only 1st line of treatment for metastatic disease"", ""Monotherapy/combination"": ""Combination"", ""NCT"": ""NCT02477826"", ""Name of ICI"": ""Nivolumab, Ipilimumab"", ""Number of arms"": 4, ""Originial publication or Follow-up"": ""Follow-up"", ""Priamry Multiple, composite, or co-primary endpoints?"": null, ""Primary endpoint"": ""OS"", ""PubMed ID"": ""31562796"", ""Secondary endpoint"": ""PFS; OS with nivolumab+chemotherapy VS chemotherapy alone in patients with PD-L1 <1%; and OS with nivolumab monotherapy VS chemotherapy in patients with a PD-L1 >=50%"", ""Total sample size"": 1739, ""Treatment regimen"": ""Nivolumab+Ipilimumab"", ""Trial name"": ""Checkmate 227"", ""Trial phase"": ""Phase 3"", ""Type of combination"": ""ICI+ICI"", ""Type of control"": ""Chemo"", ""Type of follow-up given"": ""Minimum"", ""Type of therapy"": ""Combination"", ""Year"": 2019, ""__rowid__"": 49}"
row_336,336,"In Non-Small Cell Lung trials, convert 'Type of therapy' into is_combination = true/false.",Type of therapy,"[""is_combination""]",sbert,row,15,0.5499963164329529,1,54,NCT02142738,30620668,Keynote-024,Monotherapy,"{""Author"": ""Reck M et al"", ""Cancer type"": ""Non-Small Cell Lung"", ""Class of ICI"": ""PD1"", ""Clincal setting in relation to surgery"": ""Metastatic+recurrent (unresectable)"", ""Clinical setting"": ""Metastatic+recurrent (unresectable)"", ""Control arm"": ""Chemo"", ""Control regimen"": ""Platinum-based chemotherapy"", ""Follow-up duration for primary endpoint(s) in months | Control"": null, ""Follow-up duration for primary endpoint(s) in months | Overall"": ""25.2"", ""Follow-up duration for primary endpoint(s) in months | Rx"": null, ""Included in MA"": ""Yes"", ""Is PD-L1 positivity inclusion criteria"": ""Yes"", ""Is any other biomarker used for inclusion"": ""No"", ""Lines of treatment"": ""Only 1st line of treatment for metastatic disease"", ""Monotherapy/combination"": ""Monotherapy"", ""NCT"": ""NCT02142738"", ""Name of ICI"": ""Pembrolizumab"", ""Number of arms"": 2, ""Originial publication or Follow-up"": ""Follow-up"", ""Priamry Multiple, composite, or co-primary endpoints?"": null, ""Primary endpoint"": ""PFS"", ""PubMed ID"": ""30620668"", ""Secondary endpoint"": ""OS, ORR, safety"", ""Total sample size"": 305, ""Treatment regimen"": ""Pembrolizumab"", ""Trial name"": ""Keynote-024"", ""Trial phase"": ""Phase 3"", ""Type of combination"": null, ""Type of control"": ""Chemo"", ""Type of follow-up given"": ""Median"", ""Type of therapy"": ""Monotherapy"", ""Year"": 2019, ""__rowid__"": 54}"
row_336,336,"In Non-Small Cell Lung trials, convert 'Type of therapy' into is_combination = true/false.",Type of therapy,"[""is_combination""]",sbert,row,16,0.5495035648345947,1,129,NCT02409342,32997907,IMpower110,Monotherapy,"{""Author"": ""Herbst RS et al."", ""Cancer type"": ""Non-Small Cell Lung"", ""Class of ICI"": ""PD-L1"", ""Clincal setting in relation to surgery"": ""Metastatic+recurrent (unresectable)"", ""Clinical setting"": ""Metastatic+recurrent (unresectable)"", ""Control arm"": ""Chemo"", ""Control regimen"": ""Cisplatin/carboplatin+gemcitabine"", ""Follow-up duration for primary endpoint(s) in months | Control"": null, ""Follow-up duration for primary endpoint(s) in months | Overall"": ""13.4"", ""Follow-up duration for primary endpoint(s) in months | Rx"": null, ""Included in MA"": null, ""Is PD-L1 positivity inclusion criteria"": ""Yes"", ""Is any other biomarker used for inclusion"": ""Yes"", ""Lines of treatment"": ""Only 1st line of treatment for metastatic disease"", ""Monotherapy/combination"": ""Monotherapy"", ""NCT"": ""NCT02409342"", ""Name of ICI"": ""Atezolizumab"", ""Number of arms"": 2, ""Originial publication or Follow-up"": ""Original publication"", ""Priamry Multiple, composite, or co-primary endpoints?"": null, ""Primary endpoint"": ""OS"", ""PubMed ID"": ""32997907"", ""Secondary endpoint"": ""investigator-assessed PFS, DOR"", ""Total sample size"": 572, ""Treatment regimen"": ""Atezolizumab"", ""Trial name"": ""IMpower110"", ""Trial phase"": ""Phase 3"", ""Type of combination"": null, ""Type of control"": ""Chemo"", ""Type of follow-up given"": ""Median"", ""Type of therapy"": ""Monotherapy"", ""Year"": 2020, ""__rowid__"": 129}"
row_336,336,"In Non-Small Cell Lung trials, convert 'Type of therapy' into is_combination = true/false.",Type of therapy,"[""is_combination""]",sbert,row,17,0.54652339220047,1,99,NCT02453282,32271377,MYSTIC,Monotherapy,"{""Author"": ""Rizvi NA et al"", ""Cancer type"": ""Non-Small Cell Lung"", ""Class of ICI"": ""PD-L1"", ""Clincal setting in relation to surgery"": ""Metastatic+recurrent (unresectable)"", ""Clinical setting"": ""Metastatic+recurrent (unresectable)"", ""Control arm"": ""Chemo"", ""Control regimen"": ""Investigator's choice chemotherapy"", ""Follow-up duration for primary endpoint(s) in months | Control"": null, ""Follow-up duration for primary endpoint(s) in months | Overall"": ""30.2, 10.6"", ""Follow-up duration for primary endpoint(s) in months | Rx"": null, ""Included in MA"": ""Yes"", ""Is PD-L1 positivity inclusion criteria"": ""No"", ""Is any other biomarker used for inclusion"": ""Yes"", ""Lines of treatment"": ""Only 1st line of treatment for metastatic disease"", ""Monotherapy/combination"": ""Monotherapy"", ""NCT"": ""NCT02453282"", ""Name of ICI"": ""Durvalumab"", ""Number of arms"": 3, ""Originial publication or Follow-up"": ""Original publication"", ""Priamry Multiple, composite, or co-primary endpoints?"": ""Multiple"", ""Primary endpoint"": ""OS+PFS"", ""PubMed ID"": ""32271377"", ""Secondary endpoint"": ""PFS for durvalumab vs. chemotherapy; ORR and DOR in patients with PD-L1 TC ≥25%; safety and tolerability."", ""Total sample size"": 1118, ""Treatment regimen"": ""Durvalumab"", ""Trial name"": ""MYSTIC"", ""Trial phase"": ""Phase 3"", ""Type of combination"": null, ""Type of control"": ""Chemo"", ""Type of follow-up given"": ""Median"", ""Type of therapy"": ""Monotherapy"", ""Year"": 2020, ""__rowid__"": 99}"
row_336,336,"In Non-Small Cell Lung trials, convert 'Type of therapy' into is_combination = true/false.",Type of therapy,"[""is_combination""]",sbert,row,18,0.5464968085289001,1,37,NCT02395172,30262187,JAVELIN Lung 200,Monotherapy,"{""Author"": ""Barlesi F et al"", ""Cancer type"": ""Non-Small Cell Lung"", ""Class of ICI"": ""PD-L1"", ""Clincal setting in relation to surgery"": ""Metastatic+recurrent (unresectable)"", ""Clinical setting"": ""Metastatic+recurrent (unresectable)"", ""Control arm"": ""Chemo"", ""Control regimen"": ""Docetaxel"", ""Follow-up duration for primary endpoint(s) in months | Control"": ""17.8"", ""Follow-up duration for primary endpoint(s) in months | Overall"": ""18.3"", ""Follow-up duration for primary endpoint(s) in months | Rx"": ""18.9"", ""Included in MA"": ""Yes"", ""Is PD-L1 positivity inclusion criteria"": ""No"", ""Is any other biomarker used for inclusion"": ""No"", ""Lines of treatment"": ""Only 2nd or later line of treatment for metastatic disease"", ""Monotherapy/combination"": ""Monotherapy"", ""NCT"": ""NCT02395172"", ""Name of ICI"": ""Atezolizumab"", ""Number of arms"": 2, ""Originial publication or Follow-up"": ""Original publication"", ""Priamry Multiple, composite, or co-primary endpoints?"": null, ""Primary endpoint"": ""OS"", ""PubMed ID"": ""30262187"", ""Secondary endpoint"": ""PFS, ORR, , BOR, PRO, Safety"", ""Total sample size"": 758, ""Treatment regimen"": ""Atezolizumab"", ""Trial name"": ""JAVELIN Lung 200"", ""Trial phase"": ""Phase 3"", ""Type of combination"": null, ""Type of control"": ""Chemo"", ""Type of follow-up given"": ""Median"", ""Type of therapy"": ""Monotherapy"", ""Year"": 2018, ""__rowid__"": 37}"
row_336,336,"In Non-Small Cell Lung trials, convert 'Type of therapy' into is_combination = true/false.",Type of therapy,"[""is_combination""]",sbert,row,19,0.5463804602622986,1,41,NCT02008227,29777823,OAK,Monotherapy,"{""Author"": ""Fehrenbacher L et al"", ""Cancer type"": ""Non-Small Cell Lung"", ""Class of ICI"": ""PD-L1"", ""Clincal setting in relation to surgery"": ""Metastatic+recurrent (unresectable)"", ""Clinical setting"": ""Metastatic+recurrent (unresectable)"", ""Control arm"": ""Chemo"", ""Control regimen"": ""Docetaxel"", ""Follow-up duration for primary endpoint(s) in months | Control"": null, ""Follow-up duration for primary endpoint(s) in months | Overall"": ""26"", ""Follow-up duration for primary endpoint(s) in months | Rx"": null, ""Included in MA"": ""No"", ""Is PD-L1 positivity inclusion criteria"": ""No"", ""Is any other biomarker used for inclusion"": ""Yes"", ""Lines of treatment"": ""Only 2nd or later line of treatment for metastatic disease"", ""Monotherapy/combination"": ""Monotherapy"", ""NCT"": ""NCT02008227"", ""Name of ICI"": ""Atezolizumab"", ""Number of arms"": 2, ""Originial publication or Follow-up"": ""Follow-up"", ""Priamry Multiple, composite, or co-primary endpoints?"": null, ""Primary endpoint"": ""OS"", ""PubMed ID"": ""29777823"", ""Secondary endpoint"": ""PFS, ORR, DoR"", ""Total sample size"": 1225, ""Treatment regimen"": ""Atezolizumab"", ""Trial name"": ""OAK"", ""Trial phase"": ""Phase 3"", ""Type of combination"": null, ""Type of control"": ""Chemo"", ""Type of follow-up given"": ""Median"", ""Type of therapy"": ""Monotherapy"", ""Year"": 2018, ""__rowid__"": 41}"
row_336,336,"In Non-Small Cell Lung trials, convert 'Type of therapy' into is_combination = true/false.",Type of therapy,"[""is_combination""]",sbert,row,20,0.5457994937896729,1,143,NCT01903993,33166718,POPLAR,Monotherapy,"{""Author"": ""Mazieres J et al"", ""Cancer type"": ""Non-Small Cell Lung"", ""Class of ICI"": ""PD-L1"", ""Clincal setting in relation to surgery"": ""Metastatic+recurrent (unresectable)"", ""Clinical setting"": ""Metastatic+recurrent (unresectable)"", ""Control arm"": ""Chemo"", ""Control regimen"": ""Docetaxel"", ""Follow-up duration for primary endpoint(s) in months | Control"": null, ""Follow-up duration for primary endpoint(s) in months | Overall"": ""48.6"", ""Follow-up duration for primary endpoint(s) in months | Rx"": null, ""Included in MA"": null, ""Is PD-L1 positivity inclusion criteria"": ""No"", ""Is any other biomarker used for inclusion"": ""No"", ""Lines of treatment"": ""Only 2nd or later line of treatment for metastatic disease"", ""Monotherapy/combination"": ""Monotherapy"", ""NCT"": ""NCT01903993"", ""Name of ICI"": ""Atezolizumab"", ""Number of arms"": 2, ""Originial publication or Follow-up"": ""Follow-up"", ""Priamry Multiple, composite, or co-primary endpoints?"": null, ""Primary endpoint"": ""OS"", ""PubMed ID"": ""33166718"", ""Secondary endpoint"": null, ""Total sample size"": 287, ""Treatment regimen"": ""Atezolizumab"", ""Trial name"": ""POPLAR"", ""Trial phase"": ""Phase 2"", ""Type of combination"": null, ""Type of control"": ""Chemo"", ""Type of follow-up given"": ""Median"", ""Type of therapy"": ""Monotherapy"", ""Year"": 2020, ""__rowid__"": 143}"
row_336,336,"In Non-Small Cell Lung trials, convert 'Type of therapy' into is_combination = true/false.",Type of therapy,"[""is_combination""]",sbert,tuple,1,0.6604022979736328,0,158,NCT02743494,33789008,CheckMate 577,Monotherapy,"{""Author"": ""Kelly RJ"", ""Cancer type"": null, ""Class of ICI"": ""PD1"", ""Clincal setting in relation to surgery"": ""Adjuvant"", ""Clinical setting"": ""Adjuvant"", ""Control arm"": ""Placebo"", ""Control regimen"": ""Placebo"", ""Follow-up duration for primary endpoint(s) in months | Control"": null, ""Follow-up duration for primary endpoint(s) in months | Overall"": ""24.4"", ""Follow-up duration for primary endpoint(s) in months | Rx"": null, ""Included in MA"": null, ""Is PD-L1 positivity inclusion criteria"": ""No"", ""Is any other biomarker used for inclusion"": ""No"", ""Lines of treatment"": null, ""Monotherapy/combination"": ""Monotherapy"", ""NCT"": ""NCT02743494"", ""Name of ICI"": ""Nivolumab"", ""Number of arms"": 2, ""Originial publication or Follow-up"": ""Original publication"", ""Priamry Multiple, composite, or co-primary endpoints?"": null, ""Primary endpoint"": ""DFS"", ""PubMed ID"": ""33789008"", ""Secondary endpoint"": ""OS; survival at 1, 2 and 3 y"", ""Total sample size"": null, ""Treatment regimen"": ""Nivolumab"", ""Trial name"": ""CheckMate 577"", ""Trial phase"": ""Phase 3"", ""Type of combination"": null, ""Type of control"": ""Placebo"", ""Type of follow-up given"": ""Median"", ""Type of therapy"": ""Monotherapy"", ""Year"": 2021, ""__rowid__"": 158}"
row_336,336,"In Non-Small Cell Lung trials, convert 'Type of therapy' into is_combination = true/false.",Type of therapy,"[""is_combination""]",sbert,tuple,2,0.6573388576507568,0,150,NCT02538666,33683919,CheckMate 451,Monotherapy,"{""Author"": ""Owonikoko TK et al"", ""Cancer type"": ""Small Cell Lung"", ""Class of ICI"": ""PD1"", ""Clincal setting in relation to surgery"": ""Maintenance"", ""Clinical setting"": ""Maintenance"", ""Control arm"": ""Placebo"", ""Control regimen"": ""Placebo"", ""Follow-up duration for primary endpoint(s) in months | Control"": ""9.1"", ""Follow-up duration for primary endpoint(s) in months | Overall"": null, ""Follow-up duration for primary endpoint(s) in months | Rx"": ""9.9"", ""Included in MA"": null, ""Is PD-L1 positivity inclusion criteria"": ""No"", ""Is any other biomarker used for inclusion"": ""No"", ""Lines of treatment"": ""Only 1st line of treatment for metastatic disease"", ""Monotherapy/combination"": ""Monotherapy"", ""NCT"": ""NCT02538666"", ""Name of ICI"": ""Nivolumab"", ""Number of arms"": 3, ""Originial publication or Follow-up"": ""Original publication"", ""Priamry Multiple, composite, or co-primary endpoints?"": null, ""Primary endpoint"": null, ""PubMed ID"": ""33683919"", ""Secondary endpoint"": ""OS in Arm 2 vs Arm 3; PFS"", ""Total sample size"": 834, ""Treatment regimen"": ""Nivolumab"", ""Trial name"": ""CheckMate 451"", ""Trial phase"": ""Phase 3"", ""Type of combination"": null, ""Type of control"": ""Placebo"", ""Type of follow-up given"": ""Median"", ""Type of therapy"": ""Monotherapy"", ""Year"": 2021, ""__rowid__"": 150}"
row_336,336,"In Non-Small Cell Lung trials, convert 'Type of therapy' into is_combination = true/false.",Type of therapy,"[""is_combination""]",sbert,tuple,3,0.646537184715271,0,153,NCT02450331,33721560,Imvigor010,Monotherapy,"{""Author"": ""Bellmunt J et al"", ""Cancer type"": ""Urothelial"", ""Class of ICI"": ""PD-L1"", ""Clincal setting in relation to surgery"": ""Adjuvant"", ""Clinical setting"": ""Adjuvant"", ""Control arm"": ""Observation"", ""Control regimen"": ""Observation"", ""Follow-up duration for primary endpoint(s) in months | Control"": null, ""Follow-up duration for primary endpoint(s) in months | Overall"": ""21.9"", ""Follow-up duration for primary endpoint(s) in months | Rx"": null, ""Included in MA"": null, ""Is PD-L1 positivity inclusion criteria"": ""No"", ""Is any other biomarker used for inclusion"": ""No"", ""Lines of treatment"": null, ""Monotherapy/combination"": ""Monotherapy"", ""NCT"": ""NCT02450331"", ""Name of ICI"": ""Atezolizumab"", ""Number of arms"": 2, ""Originial publication or Follow-up"": ""Original publication"", ""Priamry Multiple, composite, or co-primary endpoints?"": null, ""Primary endpoint"": ""DFS"", ""PubMed ID"": ""33721560"", ""Secondary endpoint"": ""OS; disease-specific survival; distant metastasis-free survival; non-urinary tract recurrence-free survival; pharmacokinetics; PROs"", ""Total sample size"": 809, ""Treatment regimen"": ""Atezolizumab"", ""Trial name"": ""Imvigor010"", ""Trial phase"": ""Phase 3"", ""Type of combination"": null, ""Type of control"": ""Observation"", ""Type of follow-up given"": ""Median"", ""Type of therapy"": ""Monotherapy"", ""Year"": 2021, ""__rowid__"": 153}"
row_336,336,"In Non-Small Cell Lung trials, convert 'Type of therapy' into is_combination = true/false.",Type of therapy,"[""is_combination""]",sbert,tuple,4,0.6411787271499634,0,151,NCT02299999,33462450,SAFIR02-BREAST IMMUNO,Monotherapy,"{""Author"": ""Bachelot T et al"", ""Cancer type"": ""Breast"", ""Class of ICI"": ""PD-L1"", ""Clincal setting in relation to surgery"": ""Maintenance"", ""Clinical setting"": ""Maintenance"", ""Control arm"": ""Chemo"", ""Control regimen"": ""Chemotherapy"", ""Follow-up duration for primary endpoint(s) in months | Control"": null, ""Follow-up duration for primary endpoint(s) in months | Overall"": ""19.7"", ""Follow-up duration for primary endpoint(s) in months | Rx"": null, ""Included in MA"": null, ""Is PD-L1 positivity inclusion criteria"": ""No"", ""Is any other biomarker used for inclusion"": ""Yes"", ""Lines of treatment"": ""Only 2nd or later line of treatment for metastatic disease"", ""Monotherapy/combination"": ""Monotherapy"", ""NCT"": ""NCT02299999"", ""Name of ICI"": ""Durvalumab"", ""Number of arms"": 2, ""Originial publication or Follow-up"": ""Original publication"", ""Priamry Multiple, composite, or co-primary endpoints?"": null, ""Primary endpoint"": ""PFS"", ""PubMed ID"": ""33462450"", ""Secondary endpoint"": ""OS"", ""Total sample size"": 199, ""Treatment regimen"": ""Durvalumab"", ""Trial name"": ""SAFIR02-BREAST IMMUNO"", ""Trial phase"": ""Phase 2"", ""Type of combination"": null, ""Type of control"": ""Chemo"", ""Type of follow-up given"": ""Median"", ""Type of therapy"": ""Monotherapy"", ""Year"": 2021, ""__rowid__"": 151}"
row_336,336,"In Non-Small Cell Lung trials, convert 'Type of therapy' into is_combination = true/false.",Type of therapy,"[""is_combination""]",sbert,tuple,5,0.6390990614891052,1,57,NCT02454933,30763730,CAURAL,Combination,"{""Author"": ""Yang JCH et al"", ""Cancer type"": ""Non-Small Cell Lung"", ""Class of ICI"": ""PD-L1"", ""Clincal setting in relation to surgery"": ""Metastatic+recurrent (unresectable)"", ""Clinical setting"": ""Metastatic+recurrent (unresectable)"", ""Control arm"": ""TKI"", ""Control regimen"": ""Osimertinib"", ""Follow-up duration for primary endpoint(s) in months | Control"": null, ""Follow-up duration for primary endpoint(s) in months | Overall"": null, ""Follow-up duration for primary endpoint(s) in months | Rx"": null, ""Included in MA"": ""No"", ""Is PD-L1 positivity inclusion criteria"": ""No"", ""Is any other biomarker used for inclusion"": ""No"", ""Lines of treatment"": ""Only 2nd or later line of treatment for metastatic disease"", ""Monotherapy/combination"": ""Combination"", ""NCT"": ""NCT02454933"", ""Name of ICI"": ""Durvalumab"", ""Number of arms"": 2, ""Originial publication or Follow-up"": ""Original publication"", ""Priamry Multiple, composite, or co-primary endpoints?"": null, ""Primary endpoint"": null, ""PubMed ID"": ""30763730"", ""Secondary endpoint"": null, ""Total sample size"": 29, ""Treatment regimen"": ""Durvalumab+Osimertinib"", ""Trial name"": ""CAURAL"", ""Trial phase"": ""Phase 3"", ""Type of combination"": ""ICI+TKI"", ""Type of control"": ""TKI"", ""Type of follow-up given"": null, ""Type of therapy"": ""Combination"", ""Year"": 2019, ""__rowid__"": 57}"
row_336,336,"In Non-Small Cell Lung trials, convert 'Type of therapy' into is_combination = true/false.",Type of therapy,"[""is_combination""]",sbert,tuple,6,0.63761305809021,0,149,NCT02538666,33683919,CheckMate 451,Combination,"{""Author"": ""Owonikoko TK et al"", ""Cancer type"": ""Small Cell Lung"", ""Class of ICI"": ""PD1, CTLA-4"", ""Clincal setting in relation to surgery"": ""Maintenance"", ""Clinical setting"": ""Maintenance"", ""Control arm"": ""Placebo"", ""Control regimen"": ""Placebo"", ""Follow-up duration for primary endpoint(s) in months | Control"": ""9.1"", ""Follow-up duration for primary endpoint(s) in months | Overall"": null, ""Follow-up duration for primary endpoint(s) in months | Rx"": ""8.4"", ""Included in MA"": null, ""Is PD-L1 positivity inclusion criteria"": ""No"", ""Is any other biomarker used for inclusion"": ""No"", ""Lines of treatment"": ""Only 1st line of treatment for metastatic disease"", ""Monotherapy/combination"": ""Combination"", ""NCT"": ""NCT02538666"", ""Name of ICI"": ""Nivolumab, Ipilimumab"", ""Number of arms"": 3, ""Originial publication or Follow-up"": ""Original publication"", ""Priamry Multiple, composite, or co-primary endpoints?"": null, ""Primary endpoint"": ""OS"", ""PubMed ID"": ""33683919"", ""Secondary endpoint"": ""OS in Arm 2 vs Arm 3; PFS"", ""Total sample size"": 834, ""Treatment regimen"": ""Nivolumab+Ipilimumab"", ""Trial name"": ""CheckMate 451"", ""Trial phase"": ""Phase 3"", ""Type of combination"": ""ICI+ICI"", ""Type of control"": ""Placebo"", ""Type of follow-up given"": ""Median"", ""Type of therapy"": ""Combination"", ""Year"": 2021, ""__rowid__"": 149}"
row_336,336,"In Non-Small Cell Lung trials, convert 'Type of therapy' into is_combination = true/false.",Type of therapy,"[""is_combination""]",sbert,tuple,7,0.6344869136810303,0,43,NCT02763579,30280641,IMPower 133,Combination,"{""Author"": ""Horn L et al"", ""Cancer type"": ""Small Cell Lung"", ""Class of ICI"": ""PD-L1"", ""Clincal setting in relation to surgery"": ""Metastatic+recurrent (unresectable)"", ""Clinical setting"": ""Metastatic+recurrent (unresectable)"", ""Control arm"": ""Placebo"", ""Control regimen"": ""Placebo"", ""Follow-up duration for primary endpoint(s) in months | Control"": null, ""Follow-up duration for primary endpoint(s) in months | Overall"": ""13.9"", ""Follow-up duration for primary endpoint(s) in months | Rx"": null, ""Included in MA"": ""Yes"", ""Is PD-L1 positivity inclusion criteria"": ""No"", ""Is any other biomarker used for inclusion"": ""No"", ""Lines of treatment"": ""Only 1st line of treatment for metastatic disease"", ""Monotherapy/combination"": ""Combination"", ""NCT"": ""NCT02763579"", ""Name of ICI"": ""Atezolizumab"", ""Number of arms"": 2, ""Originial publication or Follow-up"": ""Original publication"", ""Priamry Multiple, composite, or co-primary endpoints?"": ""Multiple"", ""Primary endpoint"": ""OS+PFS"", ""PubMed ID"": ""30280641"", ""Secondary endpoint"": ""ORR, DOR"", ""Total sample size"": 403, ""Treatment regimen"": ""Atezolizumab+Etoposide+Carboplatin"", ""Trial name"": ""IMPower 133"", ""Trial phase"": ""Phase 3"", ""Type of combination"": ""ICI+Chemo"", ""Type of control"": ""Placebo"", ""Type of follow-up given"": ""Median"", ""Type of therapy"": ""Combination"", ""Year"": 2018, ""__rowid__"": 43}"
row_336,336,"In Non-Small Cell Lung trials, convert 'Type of therapy' into is_combination = true/false.",Type of therapy,"[""is_combination""]",sbert,tuple,8,0.6325757503509521,0,147,NCT02481830,33539946,CheckMate 331,Monotherapy,"{""Author"": ""Spigel DR et al"", ""Cancer type"": ""Small Cell Lung"", ""Class of ICI"": ""PD1"", ""Clincal setting in relation to surgery"": ""Metastatic+recurrent (unresectable)"", ""Clinical setting"": ""Metastatic+recurrent (unresectable)"", ""Control arm"": ""Chemo"", ""Control regimen"": ""Chemotherapy"", ""Follow-up duration for primary endpoint(s) in months | Control"": null, ""Follow-up duration for primary endpoint(s) in months | Overall"": ""15.8"", ""Follow-up duration for primary endpoint(s) in months | Rx"": null, ""Included in MA"": null, ""Is PD-L1 positivity inclusion criteria"": ""No"", ""Is any other biomarker used for inclusion"": ""No"", ""Lines of treatment"": ""Only 2nd or later line of treatment for metastatic disease"", ""Monotherapy/combination"": ""Monotherapy"", ""NCT"": ""NCT02481830"", ""Name of ICI"": ""Nivolumab"", ""Number of arms"": 2, ""Originial publication or Follow-up"": ""Original publication"", ""Priamry Multiple, composite, or co-primary endpoints?"": null, ""Primary endpoint"": ""OS"", ""PubMed ID"": ""33539946"", ""Secondary endpoint"": ""PFS; ORR; DoR"", ""Total sample size"": 569, ""Treatment regimen"": ""Nivolumab"", ""Trial name"": ""CheckMate 331"", ""Trial phase"": ""Phase 3"", ""Type of combination"": null, ""Type of control"": ""Chemo"", ""Type of follow-up given"": ""Minimum"", ""Type of therapy"": ""Monotherapy"", ""Year"": 2021, ""__rowid__"": 147}"
row_336,336,"In Non-Small Cell Lung trials, convert 'Type of therapy' into is_combination = true/false.",Type of therapy,"[""is_combination""]",sbert,tuple,9,0.6283520460128784,0,71,NCT01721772,25399552,CheckMate 066,Monotherapy,"{""Author"": ""Robert C et al"", ""Cancer type"": ""Melanoma"", ""Class of ICI"": ""PD1"", ""Clincal setting in relation to surgery"": ""Metastatic+recurrent (unresectable)"", ""Clinical setting"": ""Metastatic+recurrent (unresectable)"", ""Control arm"": ""Chemo"", ""Control regimen"": ""Dacarbazine"", ""Follow-up duration for primary endpoint(s) in months | Control"": null, ""Follow-up duration for primary endpoint(s) in months | Overall"": ""16.7"", ""Follow-up duration for primary endpoint(s) in months | Rx"": null, ""Included in MA"": ""Yes"", ""Is PD-L1 positivity inclusion criteria"": ""No"", ""Is any other biomarker used for inclusion"": ""Yes"", ""Lines of treatment"": ""Only 1st line of treatment for metastatic disease"", ""Monotherapy/combination"": ""Monotherapy"", ""NCT"": ""NCT01721772"", ""Name of ICI"": ""Nivolumab"", ""Number of arms"": 2, ""Originial publication or Follow-up"": ""Original publication"", ""Priamry Multiple, composite, or co-primary endpoints?"": null, ""Primary endpoint"": ""OS"", ""PubMed ID"": ""25399552"", ""Secondary endpoint"": ""Investigator-assessed PFS and objective response; tumor PD-L1 expression as a predictive biomarker of OS."", ""Total sample size"": 418, ""Treatment regimen"": ""Nivolumab"", ""Trial name"": ""CheckMate 066"", ""Trial phase"": ""Phase 3"", ""Type of combination"": null, ""Type of control"": ""Chemo"", ""Type of follow-up given"": ""Upto"", ""Type of therapy"": ""Monotherapy"", ""Year"": 2015, ""__rowid__"": 71}"
row_336,336,"In Non-Small Cell Lung trials, convert 'Type of therapy' into is_combination = true/false.",Type of therapy,"[""is_combination""]",sbert,tuple,10,0.6283478736877441,1,113,NCT02574598,32271354,PROLUNG,Combination,"{""Author"": ""Arrieta O et al"", ""Cancer type"": ""Non-Small Cell Lung"", ""Class of ICI"": ""PD1"", ""Clincal setting in relation to surgery"": ""Metastatic+recurrent (unresectable)"", ""Clinical setting"": ""Metastatic+recurrent (unresectable)"", ""Control arm"": ""Chemo"", ""Control regimen"": ""Docetaxel"", ""Follow-up duration for primary endpoint(s) in months | Control"": null, ""Follow-up duration for primary endpoint(s) in months | Overall"": null, ""Follow-up duration for primary endpoint(s) in months | Rx"": null, ""Included in MA"": ""Yes"", ""Is PD-L1 positivity inclusion criteria"": ""No"", ""Is any other biomarker used for inclusion"": ""No"", ""Lines of treatment"": ""Only 2nd or later line of treatment for metastatic disease"", ""Monotherapy/combination"": ""Combination"", ""NCT"": ""NCT02574598"", ""Name of ICI"": ""Pembrolizumab"", ""Number of arms"": 2, ""Originial publication or Follow-up"": ""Original publication"", ""Priamry Multiple, composite, or co-primary endpoints?"": null, ""Primary endpoint"": ""ORR"", ""PubMed ID"": ""32271354"", ""Secondary endpoint"": ""PFS, OS, safety"", ""Total sample size"": 78, ""Treatment regimen"": ""Pembrolizumab+ Docetaxel"", ""Trial name"": ""PROLUNG"", ""Trial phase"": ""Phase 2"", ""Type of combination"": ""ICI+Chemo"", ""Type of control"": ""Chemo"", ""Type of follow-up given"": null, ""Type of therapy"": ""Combination"", ""Year"": 2020, ""__rowid__"": 113}"
row_336,336,"In Non-Small Cell Lung trials, convert 'Type of therapy' into is_combination = true/false.",Type of therapy,"[""is_combination""]",sbert,tuple,11,0.627273440361023,0,141,NCT02362594,32946353,EORTC 1325-MG/KEYNOTE-054,Monotherapy,"{""Author"": ""Eggermont AMM et al"", ""Cancer type"": ""Melanoma"", ""Class of ICI"": ""PD1"", ""Clincal setting in relation to surgery"": ""Adjuvant"", ""Clinical setting"": ""Adjuvant"", ""Control arm"": ""Placebo"", ""Control regimen"": ""Placebo"", ""Follow-up duration for primary endpoint(s) in months | Control"": ""36.5"", ""Follow-up duration for primary endpoint(s) in months | Overall"": ""36.6"", ""Follow-up duration for primary endpoint(s) in months | Rx"": ""36.6"", ""Included in MA"": null, ""Is PD-L1 positivity inclusion criteria"": ""No"", ""Is any other biomarker used for inclusion"": ""No"", ""Lines of treatment"": ""Only 1st line of treatment for metastatic disease"", ""Monotherapy/combination"": ""Monotherapy"", ""NCT"": ""NCT02362594"", ""Name of ICI"": ""Pembrolizumab"", ""Number of arms"": 2, ""Originial publication or Follow-up"": ""Follow-up"", ""Priamry Multiple, composite, or co-primary endpoints?"": ""Co-primary"", ""Primary endpoint"": ""RFS"", ""PubMed ID"": ""32946353"", ""Secondary endpoint"": null, ""Total sample size"": 1019, ""Treatment regimen"": ""Pembrolizumab"", ""Trial name"": ""EORTC 1325-MG/KEYNOTE-054"", ""Trial phase"": ""Phase 3"", ""Type of combination"": null, ""Type of control"": ""Placebo"", ""Type of follow-up given"": ""Median"", ""Type of therapy"": ""Monotherapy"", ""Year"": 2020, ""__rowid__"": 141}"
row_336,336,"In Non-Small Cell Lung trials, convert 'Type of therapy' into is_combination = true/false.",Type of therapy,"[""is_combination""]",sbert,tuple,12,0.6271401643753052,0,135,NCT01721772,32997575,CheckMate 066,Monotherapy,"{""Author"": ""Robert C et al"", ""Cancer type"": ""Melanoma"", ""Class of ICI"": ""PD1"", ""Clincal setting in relation to surgery"": ""Metastatic+recurrent (unresectable)"", ""Clinical setting"": ""Metastatic+recurrent (unresectable)"", ""Control arm"": ""Chemo"", ""Control regimen"": ""Dacarbazine"", ""Follow-up duration for primary endpoint(s) in months | Control"": ""10.9"", ""Follow-up duration for primary endpoint(s) in months | Overall"": null, ""Follow-up duration for primary endpoint(s) in months | Rx"": ""32"", ""Included in MA"": null, ""Is PD-L1 positivity inclusion criteria"": ""No"", ""Is any other biomarker used for inclusion"": ""Yes"", ""Lines of treatment"": ""Only 1st line of treatment for metastatic disease"", ""Monotherapy/combination"": ""Monotherapy"", ""NCT"": ""NCT01721772"", ""Name of ICI"": ""Nivolumab"", ""Number of arms"": 2, ""Originial publication or Follow-up"": ""Follow-up"", ""Priamry Multiple, composite, or co-primary endpoints?"": null, ""Primary endpoint"": ""OS"", ""PubMed ID"": ""32997575"", ""Secondary endpoint"": ""Investigator-assessed PFS and objective response; tumor PD-L1 expression as a predictive biomarker of OS."", ""Total sample size"": 418, ""Treatment regimen"": ""Nivolumab"", ""Trial name"": ""CheckMate 066"", ""Trial phase"": ""Phase 3"", ""Type of combination"": null, ""Type of control"": ""Chemo"", ""Type of follow-up given"": ""Median"", ""Type of therapy"": ""Monotherapy"", ""Year"": 2020, ""__rowid__"": 135}"
row_336,336,"In Non-Small Cell Lung trials, convert 'Type of therapy' into is_combination = true/false.",Type of therapy,"[""is_combination""]",sbert,tuple,13,0.6254193186759949,1,40,NCT02008227,27979383,OAK,Monotherapy,"{""Author"": ""Rittmeyer A et al"", ""Cancer type"": ""Non-Small Cell Lung"", ""Class of ICI"": ""PD-L1"", ""Clincal setting in relation to surgery"": ""Metastatic+recurrent (unresectable)"", ""Clinical setting"": ""Metastatic+recurrent (unresectable)"", ""Control arm"": ""Chemo"", ""Control regimen"": ""Docetaxel"", ""Follow-up duration for primary endpoint(s) in months | Control"": null, ""Follow-up duration for primary endpoint(s) in months | Overall"": ""21"", ""Follow-up duration for primary endpoint(s) in months | Rx"": null, ""Included in MA"": ""No"", ""Is PD-L1 positivity inclusion criteria"": ""No"", ""Is any other biomarker used for inclusion"": ""Yes"", ""Lines of treatment"": ""Only 2nd or later line of treatment for metastatic disease"", ""Monotherapy/combination"": ""Monotherapy"", ""NCT"": ""NCT02008227"", ""Name of ICI"": ""Atezolizumab"", ""Number of arms"": 2, ""Originial publication or Follow-up"": ""Original publication"", ""Priamry Multiple, composite, or co-primary endpoints?"": null, ""Primary endpoint"": ""OS"", ""PubMed ID"": ""27979383"", ""Secondary endpoint"": ""PFS, ORR, DoR"", ""Total sample size"": 1225, ""Treatment regimen"": ""Atezolizumab"", ""Trial name"": ""OAK"", ""Trial phase"": ""Phase 3"", ""Type of combination"": null, ""Type of control"": ""Chemo"", ""Type of follow-up given"": ""Median"", ""Type of therapy"": ""Monotherapy"", ""Year"": 2017, ""__rowid__"": 40}"
row_336,336,"In Non-Small Cell Lung trials, convert 'Type of therapy' into is_combination = true/false.",Type of therapy,"[""is_combination""]",sbert,tuple,14,0.6250301599502563,1,28,NCT01642004,26028407,Checkmate 017,Monotherapy,"{""Author"": ""Brahmer J et al"", ""Cancer type"": ""Non-Small Cell Lung"", ""Class of ICI"": ""PD1"", ""Clincal setting in relation to surgery"": ""Metastatic+recurrent (unresectable)"", ""Clinical setting"": ""Metastatic+recurrent (unresectable)"", ""Control arm"": ""Chemo"", ""Control regimen"": ""Docetaxel"", ""Follow-up duration for primary endpoint(s) in months | Control"": ""6"", ""Follow-up duration for primary endpoint(s) in months | Overall"": null, ""Follow-up duration for primary endpoint(s) in months | Rx"": ""9.2"", ""Included in MA"": ""Yes"", ""Is PD-L1 positivity inclusion criteria"": ""No"", ""Is any other biomarker used for inclusion"": ""No"", ""Lines of treatment"": ""Only 2nd or later line of treatment for metastatic disease"", ""Monotherapy/combination"": ""Monotherapy"", ""NCT"": ""NCT01642004"", ""Name of ICI"": ""Nivolumab"", ""Number of arms"": 2, ""Originial publication or Follow-up"": ""Original publication"", ""Priamry Multiple, composite, or co-primary endpoints?"": null, ""Primary endpoint"": ""OS"", ""PubMed ID"": ""26028407"", ""Secondary endpoint"": ""OR, PFS, PRO"", ""Total sample size"": 272, ""Treatment regimen"": ""Nivolumab"", ""Trial name"": ""Checkmate 017"", ""Trial phase"": ""Phase 3"", ""Type of combination"": null, ""Type of control"": ""Chemo"", ""Type of follow-up given"": ""Median"", ""Type of therapy"": ""Monotherapy"", ""Year"": 2015, ""__rowid__"": 28}"
row_336,336,"In Non-Small Cell Lung trials, convert 'Type of therapy' into is_combination = true/false.",Type of therapy,"[""is_combination""]",sbert,tuple,15,0.6248764991760254,1,41,NCT02008227,29777823,OAK,Monotherapy,"{""Author"": ""Fehrenbacher L et al"", ""Cancer type"": ""Non-Small Cell Lung"", ""Class of ICI"": ""PD-L1"", ""Clincal setting in relation to surgery"": ""Metastatic+recurrent (unresectable)"", ""Clinical setting"": ""Metastatic+recurrent (unresectable)"", ""Control arm"": ""Chemo"", ""Control regimen"": ""Docetaxel"", ""Follow-up duration for primary endpoint(s) in months | Control"": null, ""Follow-up duration for primary endpoint(s) in months | Overall"": ""26"", ""Follow-up duration for primary endpoint(s) in months | Rx"": null, ""Included in MA"": ""No"", ""Is PD-L1 positivity inclusion criteria"": ""No"", ""Is any other biomarker used for inclusion"": ""Yes"", ""Lines of treatment"": ""Only 2nd or later line of treatment for metastatic disease"", ""Monotherapy/combination"": ""Monotherapy"", ""NCT"": ""NCT02008227"", ""Name of ICI"": ""Atezolizumab"", ""Number of arms"": 2, ""Originial publication or Follow-up"": ""Follow-up"", ""Priamry Multiple, composite, or co-primary endpoints?"": null, ""Primary endpoint"": ""OS"", ""PubMed ID"": ""29777823"", ""Secondary endpoint"": ""PFS, ORR, DoR"", ""Total sample size"": 1225, ""Treatment regimen"": ""Atezolizumab"", ""Trial name"": ""OAK"", ""Trial phase"": ""Phase 3"", ""Type of combination"": null, ""Type of control"": ""Chemo"", ""Type of follow-up given"": ""Median"", ""Type of therapy"": ""Monotherapy"", ""Year"": 2018, ""__rowid__"": 41}"
row_336,336,"In Non-Small Cell Lung trials, convert 'Type of therapy' into is_combination = true/false.",Type of therapy,"[""is_combination""]",sbert,tuple,16,0.6242687702178955,1,54,NCT02142738,30620668,Keynote-024,Monotherapy,"{""Author"": ""Reck M et al"", ""Cancer type"": ""Non-Small Cell Lung"", ""Class of ICI"": ""PD1"", ""Clincal setting in relation to surgery"": ""Metastatic+recurrent (unresectable)"", ""Clinical setting"": ""Metastatic+recurrent (unresectable)"", ""Control arm"": ""Chemo"", ""Control regimen"": ""Platinum-based chemotherapy"", ""Follow-up duration for primary endpoint(s) in months | Control"": null, ""Follow-up duration for primary endpoint(s) in months | Overall"": ""25.2"", ""Follow-up duration for primary endpoint(s) in months | Rx"": null, ""Included in MA"": ""Yes"", ""Is PD-L1 positivity inclusion criteria"": ""Yes"", ""Is any other biomarker used for inclusion"": ""No"", ""Lines of treatment"": ""Only 1st line of treatment for metastatic disease"", ""Monotherapy/combination"": ""Monotherapy"", ""NCT"": ""NCT02142738"", ""Name of ICI"": ""Pembrolizumab"", ""Number of arms"": 2, ""Originial publication or Follow-up"": ""Follow-up"", ""Priamry Multiple, composite, or co-primary endpoints?"": null, ""Primary endpoint"": ""PFS"", ""PubMed ID"": ""30620668"", ""Secondary endpoint"": ""OS, ORR, safety"", ""Total sample size"": 305, ""Treatment regimen"": ""Pembrolizumab"", ""Trial name"": ""Keynote-024"", ""Trial phase"": ""Phase 3"", ""Type of combination"": null, ""Type of control"": ""Chemo"", ""Type of follow-up given"": ""Median"", ""Type of therapy"": ""Monotherapy"", ""Year"": 2019, ""__rowid__"": 54}"
row_336,336,"In Non-Small Cell Lung trials, convert 'Type of therapy' into is_combination = true/false.",Type of therapy,"[""is_combination""]",sbert,tuple,17,0.6241269707679749,0,72,NCT01721772,30422243,CheckMate 066,Monotherapy,"{""Author"": ""Ascierto PA et al"", ""Cancer type"": ""Melanoma"", ""Class of ICI"": ""PD1"", ""Clincal setting in relation to surgery"": ""Metastatic+recurrent (unresectable)"", ""Clinical setting"": ""Metastatic+recurrent (unresectable)"", ""Control arm"": ""Chemo"", ""Control regimen"": ""Dacarbazine"", ""Follow-up duration for primary endpoint(s) in months | Control"": null, ""Follow-up duration for primary endpoint(s) in months | Overall"": ""38.4"", ""Follow-up duration for primary endpoint(s) in months | Rx"": null, ""Included in MA"": ""Yes"", ""Is PD-L1 positivity inclusion criteria"": ""No"", ""Is any other biomarker used for inclusion"": ""Yes"", ""Lines of treatment"": ""Only 1st line of treatment for metastatic disease"", ""Monotherapy/combination"": ""Monotherapy"", ""NCT"": ""NCT01721772"", ""Name of ICI"": ""Nivolumab"", ""Number of arms"": 2, ""Originial publication or Follow-up"": ""Follow-up"", ""Priamry Multiple, composite, or co-primary endpoints?"": null, ""Primary endpoint"": ""OS"", ""PubMed ID"": ""30422243"", ""Secondary endpoint"": ""Investigator-assessed PFS and objective response; tumor PD-L1 expression as a predictive biomarker of OS."", ""Total sample size"": 418, ""Treatment regimen"": ""Nivolumab"", ""Trial name"": ""CheckMate 066"", ""Trial phase"": ""Phase 3"", ""Type of combination"": null, ""Type of control"": ""Chemo"", ""Type of follow-up given"": ""Median"", ""Type of therapy"": ""Monotherapy"", ""Year"": 2019, ""__rowid__"": 72}"
row_336,336,"In Non-Small Cell Lung trials, convert 'Type of therapy' into is_combination = true/false.",Type of therapy,"[""is_combination""]",sbert,tuple,18,0.6240301728248596,1,36,NCT02125461,30280658,PACIFIC,Monotherapy,"{""Author"": ""Antonia SJ et al"", ""Cancer type"": ""Non-Small Cell Lung"", ""Class of ICI"": ""PD-L1"", ""Clincal setting in relation to surgery"": ""Metastatic+recurrent (unresectable)"", ""Clinical setting"": ""Metastatic+recurrent (unresectable)"", ""Control arm"": ""Placebo"", ""Control regimen"": ""Placebo"", ""Follow-up duration for primary endpoint(s) in months | Control"": null, ""Follow-up duration for primary endpoint(s) in months | Overall"": ""25.2"", ""Follow-up duration for primary endpoint(s) in months | Rx"": null, ""Included in MA"": ""No"", ""Is PD-L1 positivity inclusion criteria"": ""No"", ""Is any other biomarker used for inclusion"": ""No"", ""Lines of treatment"": ""Only 1st line of treatment for metastatic disease"", ""Monotherapy/combination"": ""Monotherapy"", ""NCT"": ""NCT02125461"", ""Name of ICI"": ""Durvalumab"", ""Number of arms"": 2, ""Originial publication or Follow-up"": ""Follow-up"", ""Priamry Multiple, composite, or co-primary endpoints?"": ""Co-primary"", ""Primary endpoint"": ""OS+PFS"", ""PubMed ID"": ""30280658"", ""Secondary endpoint"": ""Time to death, secondary progression, safety"", ""Total sample size"": 713, ""Treatment regimen"": ""Durvalumab"", ""Trial name"": ""PACIFIC"", ""Trial phase"": ""Phase 3"", ""Type of combination"": null, ""Type of control"": ""Placebo"", ""Type of follow-up given"": ""Median"", ""Type of therapy"": ""Monotherapy"", ""Year"": 2018, ""__rowid__"": 36}"
row_336,336,"In Non-Small Cell Lung trials, convert 'Type of therapy' into is_combination = true/false.",Type of therapy,"[""is_combination""]",sbert,tuple,19,0.6240295171737671,0,118,NCT00094653,23942774,MDX010-20,Combination,"{""Author"": ""McDermott D et al (1)"", ""Cancer type"": ""Melanoma"", ""Class of ICI"": ""CTLA-4"", ""Clincal setting in relation to surgery"": ""Metastatic+recurrent (unresectable)"", ""Clinical setting"": ""Metastatic+recurrent (unresectable)"", ""Control arm"": ""Vaccine"", ""Control regimen"": ""Gp100 vaccine"", ""Follow-up duration for primary endpoint(s) in months | Control"": ""24"", ""Follow-up duration for primary endpoint(s) in months | Overall"": null, ""Follow-up duration for primary endpoint(s) in months | Rx"": ""24"", ""Included in MA"": ""No"", ""Is PD-L1 positivity inclusion criteria"": ""No"", ""Is any other biomarker used for inclusion"": ""Yes"", ""Lines of treatment"": ""Only 2nd or later line of treatment for metastatic disease"", ""Monotherapy/combination"": ""Combination"", ""NCT"": ""NCT00094653"", ""Name of ICI"": ""Ipilimumab"", ""Number of arms"": 3, ""Originial publication or Follow-up"": ""Follow-up"", ""Priamry Multiple, composite, or co-primary endpoints?"": null, ""Primary endpoint"": ""OS"", ""PubMed ID"": ""23942774"", ""Secondary endpoint"": ""DOS, responses, and safety among patients with ≥2 years’ survival."", ""Total sample size"": 676, ""Treatment regimen"": ""Ipilimumab+Gp100 Vaccine"", ""Trial name"": ""MDX010-20"", ""Trial phase"": ""Phase 3"", ""Type of combination"": ""ICI+Vaccine"", ""Type of control"": ""Vaccine"", ""Type of follow-up given"": ""Minimum"", ""Type of therapy"": ""Combination"", ""Year"": 2013, ""__rowid__"": 118}"
row_336,336,"In Non-Small Cell Lung trials, convert 'Type of therapy' into is_combination = true/false.",Type of therapy,"[""is_combination""]",sbert,tuple,20,0.6230350732803345,1,33,NCT02041533,28636851,Checkmate 026,Monotherapy,"{""Author"": ""Carbone DP et al"", ""Cancer type"": ""Non-Small Cell Lung"", ""Class of ICI"": ""PD1"", ""Clincal setting in relation to surgery"": ""Metastatic+recurrent (unresectable)"", ""Clinical setting"": ""Metastatic+recurrent (unresectable)"", ""Control arm"": ""Chemo"", ""Control regimen"": ""Platinum-based chemotherapy"", ""Follow-up duration for primary endpoint(s) in months | Control"": null, ""Follow-up duration for primary endpoint(s) in months | Overall"": ""13.5"", ""Follow-up duration for primary endpoint(s) in months | Rx"": null, ""Included in MA"": ""Yes"", ""Is PD-L1 positivity inclusion criteria"": ""Yes"", ""Is any other biomarker used for inclusion"": ""Yes"", ""Lines of treatment"": ""Only 1st line of treatment for metastatic disease"", ""Monotherapy/combination"": ""Monotherapy"", ""NCT"": ""NCT02041533"", ""Name of ICI"": ""Nivolumab"", ""Number of arms"": 2, ""Originial publication or Follow-up"": ""Original publication"", ""Priamry Multiple, composite, or co-primary endpoints?"": null, ""Primary endpoint"": ""PFS"", ""PubMed ID"": ""28636851"", ""Secondary endpoint"": ""OS,PFS(PD-L1),RR,"", ""Total sample size"": 423, ""Treatment regimen"": ""Nivolumab"", ""Trial name"": ""Checkmate 026"", ""Trial phase"": ""Phase 3"", ""Type of combination"": null, ""Type of control"": ""Chemo"", ""Type of follow-up given"": ""Median"", ""Type of therapy"": ""Monotherapy"", ""Year"": 2017, ""__rowid__"": 33}"
row_336,336,"In Non-Small Cell Lung trials, convert 'Type of therapy' into is_combination = true/false.",Type of therapy,"[""is_combination""]",bge,column,1,0.8051143884658813,0,157,NCT02952586,33794205,JAVELIN Head and Neck 101,Combination,"{""Author"": ""Lee NY et al"", ""Cancer type"": ""Head and Neck"", ""Class of ICI"": ""PD-L1"", ""Clincal setting in relation to surgery"": ""Metastatic+recurrent (unresectable)"", ""Clinical setting"": ""Metastatic+recurrent (unresectable)"", ""Control arm"": ""Chemoradio"", ""Control regimen"": ""Chemoradiotherapy"", ""Follow-up duration for primary endpoint(s) in months | Control"": ""14.8"", ""Follow-up duration for primary endpoint(s) in months | Overall"": null, ""Follow-up duration for primary endpoint(s) in months | Rx"": ""14.6"", ""Included in MA"": null, ""Is PD-L1 positivity inclusion criteria"": ""No"", ""Is any other biomarker used for inclusion"": ""No"", ""Lines of treatment"": ""Only 1st line of treatment for metastatic disease"", ""Monotherapy/combination"": ""Combination"", ""NCT"": ""NCT02952586"", ""Name of ICI"": ""Avelumab"", ""Number of arms"": 2, ""Originial publication or Follow-up"": ""Original publication"", ""Priamry Multiple, composite, or co-primary endpoints?"": null, ""Primary endpoint"": ""PFS"", ""PubMed ID"": ""33794205"", ""Secondary endpoint"": ""OS; ORR; DoR; path CR"", ""Total sample size"": 697, ""Treatment regimen"": ""Avelumab+Chemoradiotherapy"", ""Trial name"": ""JAVELIN Head and Neck 101"", ""Trial phase"": ""Phase 3"", ""Type of combination"": ""ICI+Chemoradiotherapy"", ""Type of control"": ""Chemoradio"", ""Type of follow-up given"": ""Median"", ""Type of therapy"": ""Combination"", ""Year"": 2021, ""__rowid__"": 157}"
row_336,336,"In Non-Small Cell Lung trials, convert 'Type of therapy' into is_combination = true/false.",Type of therapy,"[""is_combination""]",bge,column,2,0.805114209651947,0,4,NCT02425891,30345906,IMpassion130,Combination,"{""Author"": ""Schmid P et al"", ""Cancer type"": ""Breast"", ""Class of ICI"": ""PD-L1"", ""Clincal setting in relation to surgery"": ""Metastatic+recurrent (unresectable)"", ""Clinical setting"": ""Metastatic+recurrent (unresectable)"", ""Control arm"": ""Chemo"", ""Control regimen"": ""Nab-paclitaxel"", ""Follow-up duration for primary endpoint(s) in months | Control"": ""12.5"", ""Follow-up duration for primary endpoint(s) in months | Overall"": ""12.9"", ""Follow-up duration for primary endpoint(s) in months | Rx"": ""13"", ""Included in MA"": ""Yes"", ""Is PD-L1 positivity inclusion criteria"": ""No"", ""Is any other biomarker used for inclusion"": ""No"", ""Lines of treatment"": ""Only 1st line of treatment for metastatic disease"", ""Monotherapy/combination"": ""Combination"", ""NCT"": ""NCT02425891"", ""Name of ICI"": ""Atezolizumab"", ""Number of arms"": 2, ""Originial publication or Follow-up"": ""Original publication"", ""Priamry Multiple, composite, or co-primary endpoints?"": ""Multiple"", ""Primary endpoint"": ""OS+PFS"", ""PubMed ID"": ""30345906"", ""Secondary endpoint"": ""investigator-assessed RECIST v1.1 ORR,  DoR"", ""Total sample size"": 902, ""Treatment regimen"": ""Atezolizumab+Nab-paclitaxel"", ""Trial name"": ""IMpassion130"", ""Trial phase"": ""Phase 3"", ""Type of combination"": ""ICI+Chemo"", ""Type of control"": ""Chemo"", ""Type of follow-up given"": ""Median"", ""Type of therapy"": ""Combination"", ""Year"": 2018, ""__rowid__"": 4}"
row_336,336,"In Non-Small Cell Lung trials, convert 'Type of therapy' into is_combination = true/false.",Type of therapy,"[""is_combination""]",bge,column,3,0.805114209651947,0,6,NCT02788279,31003911,IMblaze130,Combination,"{""Author"": ""Eng C et al"", ""Cancer type"": ""Colorectal"", ""Class of ICI"": ""PD-L1"", ""Clincal setting in relation to surgery"": ""Metastatic+recurrent (unresectable)"", ""Clinical setting"": ""Metastatic+recurrent (unresectable)"", ""Control arm"": ""Multikinase inhibitor"", ""Control regimen"": ""Regorafenib"", ""Follow-up duration for primary endpoint(s) in months | Control"": null, ""Follow-up duration for primary endpoint(s) in months | Overall"": ""7.3"", ""Follow-up duration for primary endpoint(s) in months | Rx"": null, ""Included in MA"": ""No"", ""Is PD-L1 positivity inclusion criteria"": ""No"", ""Is any other biomarker used for inclusion"": ""No"", ""Lines of treatment"": ""Only 2nd or later line of treatment for metastatic disease"", ""Monotherapy/combination"": ""Combination"", ""NCT"": ""NCT02788279"", ""Name of ICI"": ""Atezolizumab"", ""Number of arms"": 3, ""Originial publication or Follow-up"": ""Original publication"", ""Priamry Multiple, composite, or co-primary endpoints?"": null, ""Primary endpoint"": ""OS"", ""PubMed ID"": ""31003911"", ""Secondary endpoint"": ""investigator-assessed RECIST v1.1 ORR, PFS, DoR"", ""Total sample size"": 363, ""Treatment regimen"": ""Atezolizumab+Cobimetinib"", ""Trial name"": ""IMblaze130"", ""Trial phase"": ""Phase 3"", ""Type of combination"": ""ICI+MEKi"", ""Type of control"": ""Multikinase inhibitor"", ""Type of follow-up given"": ""Median"", ""Type of therapy"": ""Combination"", ""Year"": 2019, ""__rowid__"": 6}"
row_336,336,"In Non-Small Cell Lung trials, convert 'Type of therapy' into is_combination = true/false.",Type of therapy,"[""is_combination""]",bge,column,4,0.805114209651947,0,5,NCT02685059,31095287,GeparNuevo,Combination,"{""Author"": ""Loibl S et al"", ""Cancer type"": ""Breast"", ""Class of ICI"": ""PD-L1"", ""Clincal setting in relation to surgery"": ""Neoadjuvant"", ""Clinical setting"": ""Neoadjuvant"", ""Control arm"": ""Chemo"", ""Control regimen"": ""Placebo+Nab-paclitaxel+Epirubicin+Cyclophosphamide"", ""Follow-up duration for primary endpoint(s) in months | Control"": null, ""Follow-up duration for primary endpoint(s) in months | Overall"": null, ""Follow-up duration for primary endpoint(s) in months | Rx"": null, ""Included in MA"": ""Yes"", ""Is PD-L1 positivity inclusion criteria"": ""No"", ""Is any other biomarker used for inclusion"": ""No"", ""Lines of treatment"": null, ""Monotherapy/combination"": ""Combination"", ""NCT"": ""NCT02685059"", ""Name of ICI"": ""Durvalumab"", ""Number of arms"": 2, ""Originial publication or Follow-up"": ""Original publication"", ""Priamry Multiple, composite, or co-primary endpoints?"": null, ""Primary endpoint"": ""Path CR"", ""PubMed ID"": ""31095287"", ""Secondary endpoint"": ""response rate by other path CR definitions (ypT0/is ypN0, ypT0/is ypN0/þ, and ypN0) and by clinical and imaging assessment; rate of breast conserving surgery and axilla lymph node dissection; efficacy in predefined subgroups according to centrally assessed sTILs [low ( 10%), intermediate (11%–59%), high ( 60%)]"", ""Total sample size"": 174, ""Treatment regimen"": ""Durvalumab+Nab-paclitaxel+epirubicin+cyclophosphamide"", ""Trial name"": ""GeparNuevo"", ""Trial phase"": ""Phase 2"", ""Type of combination"": ""ICI+Chemo"", ""Type of control"": ""Chemo"", ""Type of follow-up given"": null, ""Type of therapy"": ""Combination"", ""Year"": 2019, ""__rowid__"": 5}"
row_336,336,"In Non-Small Cell Lung trials, convert 'Type of therapy' into is_combination = true/false.",Type of therapy,"[""is_combination""]",bge,column,5,0.805114209651947,0,20,NCT02684006,30779531,JAVELIN Renal 101,Combination,"{""Author"": ""Motzer RJ et al"", ""Cancer type"": ""Renal cell"", ""Class of ICI"": ""PD-L1"", ""Clincal setting in relation to surgery"": ""Metastatic+recurrent (unresectable)"", ""Clinical setting"": ""Metastatic+recurrent (unresectable)"", ""Control arm"": ""TKI"", ""Control regimen"": ""Sunitinib"", ""Follow-up duration for primary endpoint(s) in months | Control"": ""10.7, 8.4"", ""Follow-up duration for primary endpoint(s) in months | Overall"": null, ""Follow-up duration for primary endpoint(s) in months | Rx"": ""11.6, 9.9"", ""Included in MA"": ""Yes"", ""Is PD-L1 positivity inclusion criteria"": ""No"", ""Is any other biomarker used for inclusion"": ""No"", ""Lines of treatment"": ""Only 1st line of treatment for metastatic disease"", ""Monotherapy/combination"": ""Combination"", ""NCT"": ""NCT02684006"", ""Name of ICI"": ""Avelumab"", ""Number of arms"": 2, ""Originial publication or Follow-up"": ""Original publication"", ""Priamry Multiple, composite, or co-primary endpoints?"": ""Multiple"", ""Primary endpoint"": ""OS+PFS"", ""PubMed ID"": ""30779531"", ""Secondary endpoint"": ""PFS and OS irrespective of PD-L1 expression; PFS as determined by investigator assessment; ORR; adverse events; pharmacokinetic measures; tumor tissue biomarkers; patient-reported outcomes."", ""Total sample size"": 886, ""Treatment regimen"": ""Avelumab+Axitinib"", ""Trial name"": ""JAVELIN Renal 101"", ""Trial phase"": ""Phase 3"", ""Type of combination"": ""ICI+TKI"", ""Type of control"": ""TKI"", ""Type of follow-up given"": ""Median"", ""Type of therapy"": ""Combination"", ""Year"": 2019, ""__rowid__"": 20}"
row_336,336,"In Non-Small Cell Lung trials, convert 'Type of therapy' into is_combination = true/false.",Type of therapy,"[""is_combination""]",bge,column,6,0.805114209651947,0,32,NCT01450761,27458307,CA184-156,Combination,"{""Author"": ""Reck M et al"", ""Cancer type"": ""Small Cell Lung"", ""Class of ICI"": ""CTLA-4"", ""Clincal setting in relation to surgery"": ""Metastatic+recurrent (unresectable)"", ""Clinical setting"": ""Metastatic+recurrent (unresectable)"", ""Control arm"": ""Chemo"", ""Control regimen"": ""Placebo+Etoposide+Platinum agent"", ""Follow-up duration for primary endpoint(s) in months | Control"": ""10.2"", ""Follow-up duration for primary endpoint(s) in months | Overall"": null, ""Follow-up duration for primary endpoint(s) in months | Rx"": ""10.5"", ""Included in MA"": ""Yes"", ""Is PD-L1 positivity inclusion criteria"": ""No"", ""Is any other biomarker used for inclusion"": ""No"", ""Lines of treatment"": ""Only 1st line of treatment for metastatic disease"", ""Monotherapy/combination"": ""Combination"", ""NCT"": ""NCT01450761"", ""Name of ICI"": ""Ipilimumab"", ""Number of arms"": 2, ""Originial publication or Follow-up"": ""Original publication"", ""Priamry Multiple, composite, or co-primary endpoints?"": null, ""Primary endpoint"": ""OS"", ""PubMed ID"": ""27458307"", ""Secondary endpoint"": ""PFS, ORR, DOR"", ""Total sample size"": 1132, ""Treatment regimen"": ""Ipilimumab+Etoposide+Platinum agent"", ""Trial name"": ""CA184-156"", ""Trial phase"": ""Phase 3"", ""Type of combination"": ""ICI+Chemo"", ""Type of control"": ""Chemo"", ""Type of follow-up given"": ""Median"", ""Type of therapy"": ""Combination"", ""Year"": 2016, ""__rowid__"": 32}"
row_336,336,"In Non-Small Cell Lung trials, convert 'Type of therapy' into is_combination = true/false.",Type of therapy,"[""is_combination""]",bge,column,7,0.805114209651947,0,26,NCT00527735,22858559,,Combination,"{""Author"": ""Reck M et al (1)"", ""Cancer type"": ""Small Cell Lung"", ""Class of ICI"": ""CTLA-4"", ""Clincal setting in relation to surgery"": ""Metastatic+recurrent (unresectable)"", ""Clinical setting"": ""Metastatic+recurrent (unresectable)"", ""Control arm"": ""Chemo"", ""Control regimen"": ""Placebo+Paclitaxel+Carboplatin"", ""Follow-up duration for primary endpoint(s) in months | Control"": null, ""Follow-up duration for primary endpoint(s) in months | Overall"": ""11.1"", ""Follow-up duration for primary endpoint(s) in months | Rx"": null, ""Included in MA"": ""Yes"", ""Is PD-L1 positivity inclusion criteria"": ""No"", ""Is any other biomarker used for inclusion"": ""No"", ""Lines of treatment"": ""Only 1st line of treatment for metastatic disease"", ""Monotherapy/combination"": ""Combination"", ""NCT"": ""NCT00527735"", ""Name of ICI"": ""Ipilimumab"", ""Number of arms"": 3, ""Originial publication or Follow-up"": ""Original publication"", ""Priamry Multiple, composite, or co-primary endpoints?"": null, ""Primary endpoint"": null, ""PubMed ID"": ""22858559"", ""Secondary endpoint"": ""Immune-related PFS; modified WHO criteria PFS; OS; modified WHO criteria best overall response rate; irBORR (proportion of patients with irCR or irPR);  modified WHO criteria disease control rate; irDCR (proportion of patients with irCR, irPR or irSD)"", ""Total sample size"": 130, ""Treatment regimen"": ""Phased ipilimumab+Paclitaxel+Carboplatin"", ""Trial name"": null, ""Trial phase"": ""Phase 2"", ""Type of combination"": ""ICI+Chemo"", ""Type of control"": ""Chemo"", ""Type of follow-up given"": ""Minimum"", ""Type of therapy"": ""Combination"", ""Year"": 2012, ""__rowid__"": 26}"
row_336,336,"In Non-Small Cell Lung trials, convert 'Type of therapy' into is_combination = true/false.",Type of therapy,"[""is_combination""]",bge,column,8,0.805114209651947,0,21,NCT02853331,30779529,KEYNOTE-426,Combination,"{""Author"": ""Rini BI et al"", ""Cancer type"": ""Renal cell"", ""Class of ICI"": ""PD1"", ""Clincal setting in relation to surgery"": ""Metastatic+recurrent (unresectable)"", ""Clinical setting"": ""Metastatic+recurrent (unresectable)"", ""Control arm"": ""TKI"", ""Control regimen"": ""Sunitinib"", ""Follow-up duration for primary endpoint(s) in months | Control"": null, ""Follow-up duration for primary endpoint(s) in months | Overall"": ""12.8"", ""Follow-up duration for primary endpoint(s) in months | Rx"": null, ""Included in MA"": ""Yes"", ""Is PD-L1 positivity inclusion criteria"": ""No"", ""Is any other biomarker used for inclusion"": ""No"", ""Lines of treatment"": ""Only 1st line of treatment for metastatic disease"", ""Monotherapy/combination"": ""Combination"", ""NCT"": ""NCT02853331"", ""Name of ICI"": ""Pembrolizumab"", ""Number of arms"": 2, ""Originial publication or Follow-up"": ""Original publication"", ""Priamry Multiple, composite, or co-primary endpoints?"": ""Multiple"", ""Primary endpoint"": ""OS+PFS"", ""PubMed ID"": ""30779529"", ""Secondary endpoint"": ""ORR; duration of response; safety"", ""Total sample size"": 861, ""Treatment regimen"": ""Pembrolizumab+Axitinib"", ""Trial name"": ""KEYNOTE-426"", ""Trial phase"": ""Phase 3"", ""Type of combination"": ""ICI+TKI"", ""Type of control"": ""TKI"", ""Type of follow-up given"": ""Median"", ""Type of therapy"": ""Combination"", ""Year"": 2019, ""__rowid__"": 21}"
row_336,336,"In Non-Small Cell Lung trials, convert 'Type of therapy' into is_combination = true/false.",Type of therapy,"[""is_combination""]",bge,column,9,0.805114209651947,1,24,NCT00527735,22547592,,Combination,"{""Author"": ""Lynch TJ et al (1)"", ""Cancer type"": ""Non-Small Cell Lung"", ""Class of ICI"": ""CTLA-4"", ""Clincal setting in relation to surgery"": ""Metastatic+recurrent (unresectable)"", ""Clinical setting"": ""Metastatic+recurrent (unresectable)"", ""Control arm"": ""Chemo"", ""Control regimen"": ""Placebo+Paclitaxel+Carboplatin"", ""Follow-up duration for primary endpoint(s) in months | Control"": null, ""Follow-up duration for primary endpoint(s) in months | Overall"": null, ""Follow-up duration for primary endpoint(s) in months | Rx"": null, ""Included in MA"": ""Yes"", ""Is PD-L1 positivity inclusion criteria"": ""No"", ""Is any other biomarker used for inclusion"": ""No"", ""Lines of treatment"": ""Only 1st line of treatment for metastatic disease"", ""Monotherapy/combination"": ""Combination"", ""NCT"": ""NCT00527735"", ""Name of ICI"": ""Ipilimumab"", ""Number of arms"": 3, ""Originial publication or Follow-up"": ""Original publication"", ""Priamry Multiple, composite, or co-primary endpoints?"": null, ""Primary endpoint"": ""PFS"", ""PubMed ID"": ""22547592"", ""Secondary endpoint"": ""Modified WHO criteria PFS; OS; immune-related best overall response rate; modified WHO criteria best overall response rate;  immune-related disease control rate; modified WHO criteria disease control\nrate"", ""Total sample size"": 204, ""Treatment regimen"": ""Phased ipilimumab+Paclitaxel+Carboplatin"", ""Trial name"": null, ""Trial phase"": ""Phase 2"", ""Type of combination"": ""ICI+Chemo"", ""Type of control"": ""Chemo"", ""Type of follow-up given"": null, ""Type of therapy"": ""Combination"", ""Year"": 2012, ""__rowid__"": 24}"
row_336,336,"In Non-Small Cell Lung trials, convert 'Type of therapy' into is_combination = true/false.",Type of therapy,"[""is_combination""]",bge,column,10,0.805114209651947,1,23,NCT00527735,22547592,,Combination,"{""Author"": ""Lynch TJ et al"", ""Cancer type"": ""Non-Small Cell Lung"", ""Class of ICI"": ""CTLA-4"", ""Clincal setting in relation to surgery"": ""Metastatic+recurrent (unresectable)"", ""Clinical setting"": ""Metastatic+recurrent (unresectable)"", ""Control arm"": ""Chemo"", ""Control regimen"": ""Placebo+Paclitaxel+Carboplatin"", ""Follow-up duration for primary endpoint(s) in months | Control"": null, ""Follow-up duration for primary endpoint(s) in months | Overall"": null, ""Follow-up duration for primary endpoint(s) in months | Rx"": null, ""Included in MA"": ""Yes"", ""Is PD-L1 positivity inclusion criteria"": ""No"", ""Is any other biomarker used for inclusion"": ""No"", ""Lines of treatment"": ""Only 1st line of treatment for metastatic disease"", ""Monotherapy/combination"": ""Combination"", ""NCT"": ""NCT00527735"", ""Name of ICI"": ""Ipilimumab"", ""Number of arms"": 3, ""Originial publication or Follow-up"": ""Original publication"", ""Priamry Multiple, composite, or co-primary endpoints?"": null, ""Primary endpoint"": ""PFS"", ""PubMed ID"": ""22547592"", ""Secondary endpoint"": ""Modified WHO criteria PFS; OS; immune-related best overall response rate; modified WHO criteria best overall response rate;  immune-related disease control rate; modified WHO criteria disease control\nrate"", ""Total sample size"": 204, ""Treatment regimen"": ""Concurrent ipilimumab+Paclitaxel+Carboplatin"", ""Trial name"": null, ""Trial phase"": ""Phase 2"", ""Type of combination"": ""ICI+Chemo"", ""Type of control"": ""Chemo"", ""Type of follow-up given"": null, ""Type of therapy"": ""Combination"", ""Year"": 2012, ""__rowid__"": 23}"
row_336,336,"In Non-Small Cell Lung trials, convert 'Type of therapy' into is_combination = true/false.",Type of therapy,"[""is_combination""]",bge,column,11,0.805114209651947,0,22,NCT02420821,31079938,IMmotion151,Combination,"{""Author"": ""Rini BI et al"", ""Cancer type"": ""Renal cell"", ""Class of ICI"": ""PD-L1"", ""Clincal setting in relation to surgery"": ""Metastatic+recurrent (unresectable)"", ""Clinical setting"": ""Metastatic+recurrent (unresectable)"", ""Control arm"": ""TKI"", ""Control regimen"": ""Sunitinib"", ""Follow-up duration for primary endpoint(s) in months | Control"": null, ""Follow-up duration for primary endpoint(s) in months | Overall"": ""24, 15"", ""Follow-up duration for primary endpoint(s) in months | Rx"": null, ""Included in MA"": ""Yes"", ""Is PD-L1 positivity inclusion criteria"": ""No"", ""Is any other biomarker used for inclusion"": ""No"", ""Lines of treatment"": ""Only 1st line of treatment for metastatic disease"", ""Monotherapy/combination"": ""Combination"", ""NCT"": ""NCT02420821"", ""Name of ICI"": ""Atezolizumab"", ""Number of arms"": 2, ""Originial publication or Follow-up"": ""Original publication"", ""Priamry Multiple, composite, or co-primary endpoints?"": ""Co-primary"", ""Primary endpoint"": ""OS+PFS"", ""PubMed ID"": ""31079938"", ""Secondary endpoint"": ""OS in PD-L1 positive population; PFS in the ITT population; proportion of patients who achieved an objective response; duration of response; patient-reported outcomes; safety"", ""Total sample size"": 915, ""Treatment regimen"": ""Atezolizumab+Bevacizumab"", ""Trial name"": ""IMmotion151"", ""Trial phase"": ""Phase 3"", ""Type of combination"": ""ICI+Anti-VEGF"", ""Type of control"": ""TKI"", ""Type of follow-up given"": ""Median"", ""Type of therapy"": ""Combination"", ""Year"": 2019, ""__rowid__"": 22}"
row_336,336,"In Non-Small Cell Lung trials, convert 'Type of therapy' into is_combination = true/false.",Type of therapy,"[""is_combination""]",bge,column,12,0.805114209651947,0,17,NCT01984242,29867230,IMmotion150,Combination,"{""Author"": ""McDermott DF et al (1)"", ""Cancer type"": ""Renal cell"", ""Class of ICI"": ""PD-L1"", ""Clincal setting in relation to surgery"": ""Metastatic+recurrent (unresectable)"", ""Clinical setting"": ""Metastatic+recurrent (unresectable)"", ""Control arm"": ""TKI"", ""Control regimen"": ""Sunitinib"", ""Follow-up duration for primary endpoint(s) in months | Control"": null, ""Follow-up duration for primary endpoint(s) in months | Overall"": ""20.7"", ""Follow-up duration for primary endpoint(s) in months | Rx"": null, ""Included in MA"": ""No"", ""Is PD-L1 positivity inclusion criteria"": ""No"", ""Is any other biomarker used for inclusion"": ""No"", ""Lines of treatment"": ""Only 1st line of treatment for metastatic disease"", ""Monotherapy/combination"": ""Combination"", ""NCT"": ""NCT01984242"", ""Name of ICI"": ""Atezolizumab"", ""Number of arms"": 3, ""Originial publication or Follow-up"": ""Original publication"", ""Priamry Multiple, composite, or co-primary endpoints?"": null, ""Primary endpoint"": ""PFS"", ""PubMed ID"": ""29867230"", ""Secondary endpoint"": ""Investigator-assessed PFS; ORR; \nDOR; OS; patient-reported outcomes; safety."", ""Total sample size"": 305, ""Treatment regimen"": ""Atezolizumab+Bevacizumab"", ""Trial name"": ""IMmotion150"", ""Trial phase"": ""Phase 2"", ""Type of combination"": ""ICI+Chemo"", ""Type of control"": ""TKI"", ""Type of follow-up given"": ""Median"", ""Type of therapy"": ""Combination"", ""Year"": 2018, ""__rowid__"": 17}"
row_336,336,"In Non-Small Cell Lung trials, convert 'Type of therapy' into is_combination = true/false.",Type of therapy,"[""is_combination""]",bge,column,13,0.805114209651947,0,18,NCT02231749,29562145,CheckMate 214,Combination,"{""Author"": ""Motzer RJ et al"", ""Cancer type"": ""Renal cell"", ""Class of ICI"": ""PD1, CTLA-4"", ""Clincal setting in relation to surgery"": ""Metastatic+recurrent (unresectable)"", ""Clinical setting"": ""Metastatic+recurrent (unresectable)"", ""Control arm"": ""TKI"", ""Control regimen"": ""Sunitinib"", ""Follow-up duration for primary endpoint(s) in months | Control"": null, ""Follow-up duration for primary endpoint(s) in months | Overall"": ""25.2"", ""Follow-up duration for primary endpoint(s) in months | Rx"": null, ""Included in MA"": ""Yes"", ""Is PD-L1 positivity inclusion criteria"": ""No"", ""Is any other biomarker used for inclusion"": ""No"", ""Lines of treatment"": ""Only 1st line of treatment for metastatic disease"", ""Monotherapy/combination"": ""Combination"", ""NCT"": ""NCT02231749"", ""Name of ICI"": ""Nivolumab, Ipilimumab"", ""Number of arms"": 2, ""Originial publication or Follow-up"": ""Original publication"", ""Priamry Multiple, composite, or co-primary endpoints?"": ""Co-primary"", ""Primary endpoint"": ""OS+PFS+ORR"", ""PubMed ID"": ""29562145"", ""Secondary endpoint"": ""ORR, PFS and OS in \nintention-to-treat population; incidence rate of adverse events among all treated patients."", ""Total sample size"": 1096, ""Treatment regimen"": ""Nivolumab+Ipilimumab"", ""Trial name"": ""CheckMate 214"", ""Trial phase"": ""Phase 3"", ""Type of combination"": ""ICI+ICI"", ""Type of control"": ""TKI"", ""Type of follow-up given"": ""Median"", ""Type of therapy"": ""Combination"", ""Year"": 2018, ""__rowid__"": 18}"
row_336,336,"In Non-Small Cell Lung trials, convert 'Type of therapy' into is_combination = true/false.",Type of therapy,"[""is_combination""]",bge,column,14,0.805114209651947,0,19,NCT02231749,31427204,CheckMate 214,Combination,"{""Author"": ""Motzer RJ et al"", ""Cancer type"": ""Renal cell"", ""Class of ICI"": ""PD1, CTLA-4"", ""Clincal setting in relation to surgery"": ""Metastatic+recurrent (unresectable)"", ""Clinical setting"": ""Metastatic+recurrent (unresectable)"", ""Control arm"": ""TKI"", ""Control regimen"": ""Sunitinib"", ""Follow-up duration for primary endpoint(s) in months | Control"": null, ""Follow-up duration for primary endpoint(s) in months | Overall"": ""32.4"", ""Follow-up duration for primary endpoint(s) in months | Rx"": null, ""Included in MA"": ""Yes"", ""Is PD-L1 positivity inclusion criteria"": ""No"", ""Is any other biomarker used for inclusion"": ""No"", ""Lines of treatment"": ""Only 1st line of treatment for metastatic disease"", ""Monotherapy/combination"": ""Combination"", ""NCT"": ""NCT02231749"", ""Name of ICI"": ""Nivolumab, Ipilimumab"", ""Number of arms"": 2, ""Originial publication or Follow-up"": ""Follow-up"", ""Priamry Multiple, composite, or co-primary endpoints?"": ""Co-primary"", ""Primary endpoint"": ""OS+PFS+ORR"", ""PubMed ID"": ""31427204"", ""Secondary endpoint"": ""ORR, PFS and OS in intention-to-treat population; incidence rate of adverse events among all treated patients."", ""Total sample size"": 1096, ""Treatment regimen"": ""Nivolumab+Ipilimumab"", ""Trial name"": ""CheckMate 214"", ""Trial phase"": ""Phase 3"", ""Type of combination"": ""ICI+ICI"", ""Type of control"": ""TKI"", ""Type of follow-up given"": ""Median"", ""Type of therapy"": ""Combination"", ""Year"": 2019, ""__rowid__"": 19}"
row_336,336,"In Non-Small Cell Lung trials, convert 'Type of therapy' into is_combination = true/false.",Type of therapy,"[""is_combination""]",bge,column,15,0.805114209651947,1,38,NCT02039674,27745820,Keynote-021,Combination,"{""Author"": ""Langer JC et al"", ""Cancer type"": ""Non-Small Cell Lung"", ""Class of ICI"": ""PD1"", ""Clincal setting in relation to surgery"": ""Metastatic+recurrent (unresectable)"", ""Clinical setting"": ""Metastatic+recurrent (unresectable)"", ""Control arm"": ""Chemo"", ""Control regimen"": ""Pemetrexed+Carboplatin"", ""Follow-up duration for primary endpoint(s) in months | Control"": null, ""Follow-up duration for primary endpoint(s) in months | Overall"": ""10.6"", ""Follow-up duration for primary endpoint(s) in months | Rx"": null, ""Included in MA"": ""Yes"", ""Is PD-L1 positivity inclusion criteria"": ""Yes"", ""Is any other biomarker used for inclusion"": ""Yes"", ""Lines of treatment"": ""Only 1st line of treatment for metastatic disease"", ""Monotherapy/combination"": ""Combination"", ""NCT"": ""NCT02039674"", ""Name of ICI"": ""Pembrolizumab"", ""Number of arms"": 2, ""Originial publication or Follow-up"": ""Original publication"", ""Priamry Multiple, composite, or co-primary endpoints?"": null, ""Primary endpoint"": ""ORR"", ""PubMed ID"": ""27745820"", ""Secondary endpoint"": ""PFS, DOR, OS"", ""Total sample size"": 123, ""Treatment regimen"": ""Pembrolizumab+Pemetrexed+Carboplatin"", ""Trial name"": ""Keynote-021"", ""Trial phase"": ""Phase 2"", ""Type of combination"": ""ICI+Chemo"", ""Type of control"": ""Chemo"", ""Type of follow-up given"": ""Median"", ""Type of therapy"": ""Combination"", ""Year"": 2016, ""__rowid__"": 38}"
row_336,336,"In Non-Small Cell Lung trials, convert 'Type of therapy' into is_combination = true/false.",Type of therapy,"[""is_combination""]",bge,column,16,0.805114209651947,0,25,NCT00527735,22858559,,Combination,"{""Author"": ""Reck M et al"", ""Cancer type"": ""Small Cell Lung"", ""Class of ICI"": ""CTLA-4"", ""Clincal setting in relation to surgery"": ""Metastatic+recurrent (unresectable)"", ""Clinical setting"": ""Metastatic+recurrent (unresectable)"", ""Control arm"": ""Chemo"", ""Control regimen"": ""Placebo+Paclitaxel+Carboplatin"", ""Follow-up duration for primary endpoint(s) in months | Control"": null, ""Follow-up duration for primary endpoint(s) in months | Overall"": ""11.1"", ""Follow-up duration for primary endpoint(s) in months | Rx"": null, ""Included in MA"": ""Yes"", ""Is PD-L1 positivity inclusion criteria"": ""No"", ""Is any other biomarker used for inclusion"": ""No"", ""Lines of treatment"": ""Only 1st line of treatment for metastatic disease"", ""Monotherapy/combination"": ""Combination"", ""NCT"": ""NCT00527735"", ""Name of ICI"": ""Ipilimumab"", ""Number of arms"": 3, ""Originial publication or Follow-up"": ""Original publication"", ""Priamry Multiple, composite, or co-primary endpoints?"": null, ""Primary endpoint"": null, ""PubMed ID"": ""22858559"", ""Secondary endpoint"": ""Immune-related PFS; modified WHO criteria PFS; OS; modified WHO criteria best overall response rate; irBORR (proportion of patients with irCR or irPR);  modified WHO criteria disease control rate; irDCR (proportion of patients with irCR, irPR or irSD)"", ""Total sample size"": 130, ""Treatment regimen"": ""Concurrent ipilimumab+Paclitaxel+Carboplatin"", ""Trial name"": null, ""Trial phase"": ""Phase 2"", ""Type of combination"": ""ICI+Chemo"", ""Type of control"": ""Chemo"", ""Type of follow-up given"": ""Minimum"", ""Type of therapy"": ""Combination"", ""Year"": 2012, ""__rowid__"": 25}"
row_336,336,"In Non-Small Cell Lung trials, convert 'Type of therapy' into is_combination = true/false.",Type of therapy,"[""is_combination""]",bge,column,17,0.805114209651947,1,42,NCT02578680,29658856,Keynote-189,Combination,"{""Author"": ""Gandhi L et al"", ""Cancer type"": ""Non-Small Cell Lung"", ""Class of ICI"": ""PD1"", ""Clincal setting in relation to surgery"": ""Metastatic+recurrent (unresectable)"", ""Clinical setting"": ""Metastatic+recurrent (unresectable)"", ""Control arm"": ""Chemo"", ""Control regimen"": ""Placebo+Pemetrexed+Platinum agent"", ""Follow-up duration for primary endpoint(s) in months | Control"": null, ""Follow-up duration for primary endpoint(s) in months | Overall"": ""10.5"", ""Follow-up duration for primary endpoint(s) in months | Rx"": null, ""Included in MA"": ""Yes"", ""Is PD-L1 positivity inclusion criteria"": ""No"", ""Is any other biomarker used for inclusion"": ""No"", ""Lines of treatment"": ""Only 1st line of treatment for metastatic disease"", ""Monotherapy/combination"": ""Combination"", ""NCT"": ""NCT02578680"", ""Name of ICI"": ""Pembrolizumab"", ""Number of arms"": 2, ""Originial publication or Follow-up"": ""Original publication"", ""Priamry Multiple, composite, or co-primary endpoints?"": ""Multiple"", ""Primary endpoint"": ""OS+PFS"", ""PubMed ID"": ""29658856"", ""Secondary endpoint"": ""ORR, DOR, safety"", ""Total sample size"": 616, ""Treatment regimen"": ""Pembrolizumab+Platinum agent"", ""Trial name"": ""Keynote-189"", ""Trial phase"": ""Phase 3"", ""Type of combination"": ""ICI+Chemo"", ""Type of control"": ""Chemo"", ""Type of follow-up given"": ""Median"", ""Type of therapy"": ""Combination"", ""Year"": 2018, ""__rowid__"": 42}"
row_336,336,"In Non-Small Cell Lung trials, convert 'Type of therapy' into is_combination = true/false.",Type of therapy,"[""is_combination""]",bge,column,18,0.805114209651947,1,51,NCT02477826,31562796,Checkmate 227,Combination,"{""Author"": ""Hellmann MD et al (2)"", ""Cancer type"": ""Non-Small Cell Lung"", ""Class of ICI"": ""PD1"", ""Clincal setting in relation to surgery"": ""Metastatic+recurrent (unresectable)"", ""Clinical setting"": ""Metastatic+recurrent (unresectable)"", ""Control arm"": ""Chemo"", ""Control regimen"": ""Chemotherapy"", ""Follow-up duration for primary endpoint(s) in months | Control"": null, ""Follow-up duration for primary endpoint(s) in months | Overall"": ""29.3"", ""Follow-up duration for primary endpoint(s) in months | Rx"": null, ""Included in MA"": ""Yes"", ""Is PD-L1 positivity inclusion criteria"": ""No"", ""Is any other biomarker used for inclusion"": ""Yes"", ""Lines of treatment"": ""Only 1st line of treatment for metastatic disease"", ""Monotherapy/combination"": ""Combination"", ""NCT"": ""NCT02477826"", ""Name of ICI"": ""Nivolumab"", ""Number of arms"": 4, ""Originial publication or Follow-up"": ""Follow-up"", ""Priamry Multiple, composite, or co-primary endpoints?"": null, ""Primary endpoint"": ""OS"", ""PubMed ID"": ""31562796"", ""Secondary endpoint"": ""PFS; OS with nivolumab+chemotherapy VS chemotherapy alone in patients with PD-L1 <1%; and OS with nivolumab monotherapy VS chemotherapy in patients with a PD-L1 >=50%"", ""Total sample size"": 1739, ""Treatment regimen"": ""Nivolumab+Chemotherapy"", ""Trial name"": ""Checkmate 227"", ""Trial phase"": ""Phase 3"", ""Type of combination"": ""ICI+Chemo"", ""Type of control"": ""Chemo"", ""Type of follow-up given"": ""Minimum"", ""Type of therapy"": ""Combination"", ""Year"": 2019, ""__rowid__"": 51}"
row_336,336,"In Non-Small Cell Lung trials, convert 'Type of therapy' into is_combination = true/false.",Type of therapy,"[""is_combination""]",bge,column,19,0.805114209651947,1,49,NCT02477826,31562796,Checkmate 227,Combination,"{""Author"": ""Hellmann MD et al"", ""Cancer type"": ""Non-Small Cell Lung"", ""Class of ICI"": ""PD1, CTLA-4"", ""Clincal setting in relation to surgery"": ""Metastatic+recurrent (unresectable)"", ""Clinical setting"": ""Metastatic+recurrent (unresectable)"", ""Control arm"": ""Chemo"", ""Control regimen"": ""Chemotherapy"", ""Follow-up duration for primary endpoint(s) in months | Control"": null, ""Follow-up duration for primary endpoint(s) in months | Overall"": ""29.3"", ""Follow-up duration for primary endpoint(s) in months | Rx"": null, ""Included in MA"": ""Yes"", ""Is PD-L1 positivity inclusion criteria"": ""No"", ""Is any other biomarker used for inclusion"": ""Yes"", ""Lines of treatment"": ""Only 1st line of treatment for metastatic disease"", ""Monotherapy/combination"": ""Combination"", ""NCT"": ""NCT02477826"", ""Name of ICI"": ""Nivolumab, Ipilimumab"", ""Number of arms"": 4, ""Originial publication or Follow-up"": ""Follow-up"", ""Priamry Multiple, composite, or co-primary endpoints?"": null, ""Primary endpoint"": ""OS"", ""PubMed ID"": ""31562796"", ""Secondary endpoint"": ""PFS; OS with nivolumab+chemotherapy VS chemotherapy alone in patients with PD-L1 <1%; and OS with nivolumab monotherapy VS chemotherapy in patients with a PD-L1 >=50%"", ""Total sample size"": 1739, ""Treatment regimen"": ""Nivolumab+Ipilimumab"", ""Trial name"": ""Checkmate 227"", ""Trial phase"": ""Phase 3"", ""Type of combination"": ""ICI+ICI"", ""Type of control"": ""Chemo"", ""Type of follow-up given"": ""Minimum"", ""Type of therapy"": ""Combination"", ""Year"": 2019, ""__rowid__"": 49}"
row_336,336,"In Non-Small Cell Lung trials, convert 'Type of therapy' into is_combination = true/false.",Type of therapy,"[""is_combination""]",bge,column,20,0.805114209651947,1,57,NCT02454933,30763730,CAURAL,Combination,"{""Author"": ""Yang JCH et al"", ""Cancer type"": ""Non-Small Cell Lung"", ""Class of ICI"": ""PD-L1"", ""Clincal setting in relation to surgery"": ""Metastatic+recurrent (unresectable)"", ""Clinical setting"": ""Metastatic+recurrent (unresectable)"", ""Control arm"": ""TKI"", ""Control regimen"": ""Osimertinib"", ""Follow-up duration for primary endpoint(s) in months | Control"": null, ""Follow-up duration for primary endpoint(s) in months | Overall"": null, ""Follow-up duration for primary endpoint(s) in months | Rx"": null, ""Included in MA"": ""No"", ""Is PD-L1 positivity inclusion criteria"": ""No"", ""Is any other biomarker used for inclusion"": ""No"", ""Lines of treatment"": ""Only 2nd or later line of treatment for metastatic disease"", ""Monotherapy/combination"": ""Combination"", ""NCT"": ""NCT02454933"", ""Name of ICI"": ""Durvalumab"", ""Number of arms"": 2, ""Originial publication or Follow-up"": ""Original publication"", ""Priamry Multiple, composite, or co-primary endpoints?"": null, ""Primary endpoint"": null, ""PubMed ID"": ""30763730"", ""Secondary endpoint"": null, ""Total sample size"": 29, ""Treatment regimen"": ""Durvalumab+Osimertinib"", ""Trial name"": ""CAURAL"", ""Trial phase"": ""Phase 3"", ""Type of combination"": ""ICI+TKI"", ""Type of control"": ""TKI"", ""Type of follow-up given"": null, ""Type of therapy"": ""Combination"", ""Year"": 2019, ""__rowid__"": 57}"
row_336,336,"In Non-Small Cell Lung trials, convert 'Type of therapy' into is_combination = true/false.",Type of therapy,"[""is_combination""]",bge,row,1,0.702289342880249,1,42,NCT02578680,29658856,Keynote-189,Combination,"{""Author"": ""Gandhi L et al"", ""Cancer type"": ""Non-Small Cell Lung"", ""Class of ICI"": ""PD1"", ""Clincal setting in relation to surgery"": ""Metastatic+recurrent (unresectable)"", ""Clinical setting"": ""Metastatic+recurrent (unresectable)"", ""Control arm"": ""Chemo"", ""Control regimen"": ""Placebo+Pemetrexed+Platinum agent"", ""Follow-up duration for primary endpoint(s) in months | Control"": null, ""Follow-up duration for primary endpoint(s) in months | Overall"": ""10.5"", ""Follow-up duration for primary endpoint(s) in months | Rx"": null, ""Included in MA"": ""Yes"", ""Is PD-L1 positivity inclusion criteria"": ""No"", ""Is any other biomarker used for inclusion"": ""No"", ""Lines of treatment"": ""Only 1st line of treatment for metastatic disease"", ""Monotherapy/combination"": ""Combination"", ""NCT"": ""NCT02578680"", ""Name of ICI"": ""Pembrolizumab"", ""Number of arms"": 2, ""Originial publication or Follow-up"": ""Original publication"", ""Priamry Multiple, composite, or co-primary endpoints?"": ""Multiple"", ""Primary endpoint"": ""OS+PFS"", ""PubMed ID"": ""29658856"", ""Secondary endpoint"": ""ORR, DOR, safety"", ""Total sample size"": 616, ""Treatment regimen"": ""Pembrolizumab+Platinum agent"", ""Trial name"": ""Keynote-189"", ""Trial phase"": ""Phase 3"", ""Type of combination"": ""ICI+Chemo"", ""Type of control"": ""Chemo"", ""Type of follow-up given"": ""Median"", ""Type of therapy"": ""Combination"", ""Year"": 2018, ""__rowid__"": 42}"
row_336,336,"In Non-Small Cell Lung trials, convert 'Type of therapy' into is_combination = true/false.",Type of therapy,"[""is_combination""]",bge,row,2,0.7019517421722412,1,38,NCT02039674,27745820,Keynote-021,Combination,"{""Author"": ""Langer JC et al"", ""Cancer type"": ""Non-Small Cell Lung"", ""Class of ICI"": ""PD1"", ""Clincal setting in relation to surgery"": ""Metastatic+recurrent (unresectable)"", ""Clinical setting"": ""Metastatic+recurrent (unresectable)"", ""Control arm"": ""Chemo"", ""Control regimen"": ""Pemetrexed+Carboplatin"", ""Follow-up duration for primary endpoint(s) in months | Control"": null, ""Follow-up duration for primary endpoint(s) in months | Overall"": ""10.6"", ""Follow-up duration for primary endpoint(s) in months | Rx"": null, ""Included in MA"": ""Yes"", ""Is PD-L1 positivity inclusion criteria"": ""Yes"", ""Is any other biomarker used for inclusion"": ""Yes"", ""Lines of treatment"": ""Only 1st line of treatment for metastatic disease"", ""Monotherapy/combination"": ""Combination"", ""NCT"": ""NCT02039674"", ""Name of ICI"": ""Pembrolizumab"", ""Number of arms"": 2, ""Originial publication or Follow-up"": ""Original publication"", ""Priamry Multiple, composite, or co-primary endpoints?"": null, ""Primary endpoint"": ""ORR"", ""PubMed ID"": ""27745820"", ""Secondary endpoint"": ""PFS, DOR, OS"", ""Total sample size"": 123, ""Treatment regimen"": ""Pembrolizumab+Pemetrexed+Carboplatin"", ""Trial name"": ""Keynote-021"", ""Trial phase"": ""Phase 2"", ""Type of combination"": ""ICI+Chemo"", ""Type of control"": ""Chemo"", ""Type of follow-up given"": ""Median"", ""Type of therapy"": ""Combination"", ""Year"": 2016, ""__rowid__"": 38}"
row_336,336,"In Non-Small Cell Lung trials, convert 'Type of therapy' into is_combination = true/false.",Type of therapy,"[""is_combination""]",bge,row,3,0.6982307434082031,1,39,NCT02039674,30138764,Keynote-021,Combination,"{""Author"": ""Borghaei  H et al"", ""Cancer type"": ""Non-Small Cell Lung"", ""Class of ICI"": ""PD1"", ""Clincal setting in relation to surgery"": ""Metastatic+recurrent (unresectable)"", ""Clinical setting"": ""Metastatic+recurrent (unresectable)"", ""Control arm"": ""Chemo"", ""Control regimen"": ""Pemetrexed+Carboplatin"", ""Follow-up duration for primary endpoint(s) in months | Control"": null, ""Follow-up duration for primary endpoint(s) in months | Overall"": ""23.9"", ""Follow-up duration for primary endpoint(s) in months | Rx"": null, ""Included in MA"": ""Yes"", ""Is PD-L1 positivity inclusion criteria"": ""Yes"", ""Is any other biomarker used for inclusion"": ""Yes"", ""Lines of treatment"": ""Only 1st line of treatment for metastatic disease"", ""Monotherapy/combination"": ""Combination"", ""NCT"": ""NCT02039674"", ""Name of ICI"": ""Pembrolizumab"", ""Number of arms"": 2, ""Originial publication or Follow-up"": ""Follow-up"", ""Priamry Multiple, composite, or co-primary endpoints?"": null, ""Primary endpoint"": ""ORR"", ""PubMed ID"": ""30138764"", ""Secondary endpoint"": ""PFS, DOR, OS"", ""Total sample size"": 123, ""Treatment regimen"": ""Pembrolizumab+Pemetrexed+Carboplatin"", ""Trial name"": ""Keynote-021"", ""Trial phase"": ""Phase 2"", ""Type of combination"": ""ICI+Chemo"", ""Type of control"": ""Chemo"", ""Type of follow-up given"": ""Median"", ""Type of therapy"": ""Combination"", ""Year"": 2018, ""__rowid__"": 39}"
row_336,336,"In Non-Small Cell Lung trials, convert 'Type of therapy' into is_combination = true/false.",Type of therapy,"[""is_combination""]",bge,row,4,0.6975728273391724,1,45,NCT02366143,29863955,IMPower150,Combination,"{""Author"": ""Socinski MA et al"", ""Cancer type"": ""Non-Small Cell Lung"", ""Class of ICI"": ""PD-L1"", ""Clincal setting in relation to surgery"": ""Metastatic+recurrent (unresectable)"", ""Clinical setting"": ""Metastatic+recurrent (unresectable)"", ""Control arm"": ""Chemo+Anti-VEGF"", ""Control regimen"": ""Bevacizumab+Carboplatin+Paclitaxel"", ""Follow-up duration for primary endpoint(s) in months | Control"": null, ""Follow-up duration for primary endpoint(s) in months | Overall"": ""MIN for PFS 9.5, OS 14; MEDIAN for OS 20"", ""Follow-up duration for primary endpoint(s) in months | Rx"": null, ""Included in MA"": ""Yes"", ""Is PD-L1 positivity inclusion criteria"": ""No"", ""Is any other biomarker used for inclusion"": ""No"", ""Lines of treatment"": ""Only 1st line of treatment for metastatic disease"", ""Monotherapy/combination"": ""Combination"", ""NCT"": ""NCT02366143"", ""Name of ICI"": ""Atezolizumab"", ""Number of arms"": 3, ""Originial publication or Follow-up"": ""Original publication"", ""Priamry Multiple, composite, or co-primary endpoints?"": ""Multiple"", ""Primary endpoint"": ""OS+PFS"", ""PubMed ID"": ""29863955"", ""Secondary endpoint"": ""PFS, OS in ITT population"", ""Total sample size"": 1202, ""Treatment regimen"": ""Atezolizumab+Carboplatin+Paclitaxel"", ""Trial name"": ""IMPower150"", ""Trial phase"": ""Phase 3"", ""Type of combination"": ""ICI+Chemo"", ""Type of control"": ""Chemo+Anti-VEGF"", ""Type of follow-up given"": ""Minimum"", ""Type of therapy"": ""Combination"", ""Year"": 2018, ""__rowid__"": 45}"
row_336,336,"In Non-Small Cell Lung trials, convert 'Type of therapy' into is_combination = true/false.",Type of therapy,"[""is_combination""]",bge,row,5,0.6940144300460815,1,46,NCT02366143,29863955,IMPower150,Combination,"{""Author"": ""Socinski MA et al (1)"", ""Cancer type"": ""Non-Small Cell Lung"", ""Class of ICI"": ""PD-L1"", ""Clincal setting in relation to surgery"": ""Metastatic+recurrent (unresectable)"", ""Clinical setting"": ""Metastatic+recurrent (unresectable)"", ""Control arm"": ""Chemo+Anti-VEGF"", ""Control regimen"": ""Bevacizumab+Carboplatin+Paclitaxel"", ""Follow-up duration for primary endpoint(s) in months | Control"": ""15.5"", ""Follow-up duration for primary endpoint(s) in months | Overall"": ""MIN for PFS 9.5, OS 14; MEDIAN for OS 20"", ""Follow-up duration for primary endpoint(s) in months | Rx"": ""15.4"", ""Included in MA"": ""Yes"", ""Is PD-L1 positivity inclusion criteria"": ""No"", ""Is any other biomarker used for inclusion"": ""No"", ""Lines of treatment"": ""Only 1st line of treatment for metastatic disease"", ""Monotherapy/combination"": ""Combination"", ""NCT"": ""NCT02366143"", ""Name of ICI"": ""Atezolizumab"", ""Number of arms"": 3, ""Originial publication or Follow-up"": ""Original publication"", ""Priamry Multiple, composite, or co-primary endpoints?"": ""Multiple"", ""Primary endpoint"": ""OS+PFS"", ""PubMed ID"": ""29863955"", ""Secondary endpoint"": ""PFS, OS in ITT population"", ""Total sample size"": 1202, ""Treatment regimen"": ""Atezolizumab+Carboplatin+Paclitaxel+Bevacizumab"", ""Trial name"": ""IMPower150"", ""Trial phase"": ""Phase 3"", ""Type of combination"": ""ICI+Chemo+Anti-VEGF"", ""Type of control"": ""Chemo+Anti-VEGF"", ""Type of follow-up given"": ""Minimum"", ""Type of therapy"": ""Combination"", ""Year"": 2018, ""__rowid__"": 46}"
row_336,336,"In Non-Small Cell Lung trials, convert 'Type of therapy' into is_combination = true/false.",Type of therapy,"[""is_combination""]",bge,row,6,0.6928303241729736,1,116,NCT02142738,27718847,Keynote-024,Monotherapy,"{""Author"": ""Reck M et al"", ""Cancer type"": ""Non-Small Cell Lung"", ""Class of ICI"": ""PD1"", ""Clincal setting in relation to surgery"": ""Metastatic+recurrent (unresectable)"", ""Clinical setting"": ""Metastatic+recurrent (unresectable)"", ""Control arm"": ""Chemo"", ""Control regimen"": ""Platinum-based chemotherapy"", ""Follow-up duration for primary endpoint(s) in months | Control"": ""6"", ""Follow-up duration for primary endpoint(s) in months | Overall"": null, ""Follow-up duration for primary endpoint(s) in months | Rx"": ""10.3"", ""Included in MA"": ""Yes"", ""Is PD-L1 positivity inclusion criteria"": ""Yes"", ""Is any other biomarker used for inclusion"": ""No"", ""Lines of treatment"": ""Only 1st line of treatment for metastatic disease"", ""Monotherapy/combination"": ""Monotherapy"", ""NCT"": ""NCT02142738"", ""Name of ICI"": ""Pembrolizumab"", ""Number of arms"": 2, ""Originial publication or Follow-up"": ""Original publication"", ""Priamry Multiple, composite, or co-primary endpoints?"": null, ""Primary endpoint"": ""PFS"", ""PubMed ID"": ""27718847"", ""Secondary endpoint"": ""OS, ORR, safety"", ""Total sample size"": 305, ""Treatment regimen"": ""Pembrolizumab"", ""Trial name"": ""Keynote-024"", ""Trial phase"": ""Phase 3"", ""Type of combination"": null, ""Type of control"": ""Chemo"", ""Type of follow-up given"": ""Median"", ""Type of therapy"": ""Monotherapy"", ""Year"": 2016, ""__rowid__"": 116}"
row_336,336,"In Non-Small Cell Lung trials, convert 'Type of therapy' into is_combination = true/false.",Type of therapy,"[""is_combination""]",bge,row,7,0.692704975605011,1,24,NCT00527735,22547592,,Combination,"{""Author"": ""Lynch TJ et al (1)"", ""Cancer type"": ""Non-Small Cell Lung"", ""Class of ICI"": ""CTLA-4"", ""Clincal setting in relation to surgery"": ""Metastatic+recurrent (unresectable)"", ""Clinical setting"": ""Metastatic+recurrent (unresectable)"", ""Control arm"": ""Chemo"", ""Control regimen"": ""Placebo+Paclitaxel+Carboplatin"", ""Follow-up duration for primary endpoint(s) in months | Control"": null, ""Follow-up duration for primary endpoint(s) in months | Overall"": null, ""Follow-up duration for primary endpoint(s) in months | Rx"": null, ""Included in MA"": ""Yes"", ""Is PD-L1 positivity inclusion criteria"": ""No"", ""Is any other biomarker used for inclusion"": ""No"", ""Lines of treatment"": ""Only 1st line of treatment for metastatic disease"", ""Monotherapy/combination"": ""Combination"", ""NCT"": ""NCT00527735"", ""Name of ICI"": ""Ipilimumab"", ""Number of arms"": 3, ""Originial publication or Follow-up"": ""Original publication"", ""Priamry Multiple, composite, or co-primary endpoints?"": null, ""Primary endpoint"": ""PFS"", ""PubMed ID"": ""22547592"", ""Secondary endpoint"": ""Modified WHO criteria PFS; OS; immune-related best overall response rate; modified WHO criteria best overall response rate;  immune-related disease control rate; modified WHO criteria disease control\nrate"", ""Total sample size"": 204, ""Treatment regimen"": ""Phased ipilimumab+Paclitaxel+Carboplatin"", ""Trial name"": null, ""Trial phase"": ""Phase 2"", ""Type of combination"": ""ICI+Chemo"", ""Type of control"": ""Chemo"", ""Type of follow-up given"": null, ""Type of therapy"": ""Combination"", ""Year"": 2012, ""__rowid__"": 24}"
row_336,336,"In Non-Small Cell Lung trials, convert 'Type of therapy' into is_combination = true/false.",Type of therapy,"[""is_combination""]",bge,row,8,0.6917632818222046,1,129,NCT02409342,32997907,IMpower110,Monotherapy,"{""Author"": ""Herbst RS et al."", ""Cancer type"": ""Non-Small Cell Lung"", ""Class of ICI"": ""PD-L1"", ""Clincal setting in relation to surgery"": ""Metastatic+recurrent (unresectable)"", ""Clinical setting"": ""Metastatic+recurrent (unresectable)"", ""Control arm"": ""Chemo"", ""Control regimen"": ""Cisplatin/carboplatin+gemcitabine"", ""Follow-up duration for primary endpoint(s) in months | Control"": null, ""Follow-up duration for primary endpoint(s) in months | Overall"": ""13.4"", ""Follow-up duration for primary endpoint(s) in months | Rx"": null, ""Included in MA"": null, ""Is PD-L1 positivity inclusion criteria"": ""Yes"", ""Is any other biomarker used for inclusion"": ""Yes"", ""Lines of treatment"": ""Only 1st line of treatment for metastatic disease"", ""Monotherapy/combination"": ""Monotherapy"", ""NCT"": ""NCT02409342"", ""Name of ICI"": ""Atezolizumab"", ""Number of arms"": 2, ""Originial publication or Follow-up"": ""Original publication"", ""Priamry Multiple, composite, or co-primary endpoints?"": null, ""Primary endpoint"": ""OS"", ""PubMed ID"": ""32997907"", ""Secondary endpoint"": ""investigator-assessed PFS, DOR"", ""Total sample size"": 572, ""Treatment regimen"": ""Atezolizumab"", ""Trial name"": ""IMpower110"", ""Trial phase"": ""Phase 3"", ""Type of combination"": null, ""Type of control"": ""Chemo"", ""Type of follow-up given"": ""Median"", ""Type of therapy"": ""Monotherapy"", ""Year"": 2020, ""__rowid__"": 129}"
row_336,336,"In Non-Small Cell Lung trials, convert 'Type of therapy' into is_combination = true/false.",Type of therapy,"[""is_combination""]",bge,row,9,0.6916602253913879,1,146,NCT03215706,33476593,CheckMate 9LA,Combination,"{""Author"": ""Paz-Ares L et al"", ""Cancer type"": ""Non-Small Cell Lung"", ""Class of ICI"": ""PD1, CTLA-4"", ""Clincal setting in relation to surgery"": ""Metastatic+recurrent (unresectable)"", ""Clinical setting"": ""Metastatic+recurrent (unresectable)"", ""Control arm"": ""Chemo"", ""Control regimen"": ""Chemotherapy"", ""Follow-up duration for primary endpoint(s) in months | Control"": null, ""Follow-up duration for primary endpoint(s) in months | Overall"": ""13.2"", ""Follow-up duration for primary endpoint(s) in months | Rx"": null, ""Included in MA"": null, ""Is PD-L1 positivity inclusion criteria"": ""No"", ""Is any other biomarker used for inclusion"": ""Yes"", ""Lines of treatment"": ""Only 1st line of treatment for metastatic disease"", ""Monotherapy/combination"": ""Combination"", ""NCT"": ""NCT03215706"", ""Name of ICI"": ""Nivolumab, Ipilimumab"", ""Number of arms"": 2, ""Originial publication or Follow-up"": ""Original publication"", ""Priamry Multiple, composite, or co-primary endpoints?"": null, ""Primary endpoint"": ""OS"", ""PubMed ID"": ""33476593"", ""Secondary endpoint"": ""PFS; ORR"", ""Total sample size"": 719, ""Treatment regimen"": ""Nivolumab+Ipilimumab+Chemotherapy"", ""Trial name"": ""CheckMate 9LA"", ""Trial phase"": ""Phase 3"", ""Type of combination"": ""ICI+ICI+Chemo"", ""Type of control"": ""Chemo"", ""Type of follow-up given"": ""Median"", ""Type of therapy"": ""Combination"", ""Year"": 2021, ""__rowid__"": 146}"
row_336,336,"In Non-Small Cell Lung trials, convert 'Type of therapy' into is_combination = true/false.",Type of therapy,"[""is_combination""]",bge,row,10,0.6915488243103027,0,87,NCT02763579,31959349,IMpower133,Combination,"{""Author"": ""Mansfield AS et al"", ""Cancer type"": ""Small Cell Lung"", ""Class of ICI"": ""PD-L1"", ""Clincal setting in relation to surgery"": ""Metastatic+recurrent (unresectable)"", ""Clinical setting"": ""Metastatic+recurrent (unresectable)"", ""Control arm"": ""Chemo"", ""Control regimen"": ""Placebo+Carboplatin+Etoposide"", ""Follow-up duration for primary endpoint(s) in months | Control"": null, ""Follow-up duration for primary endpoint(s) in months | Overall"": null, ""Follow-up duration for primary endpoint(s) in months | Rx"": null, ""Included in MA"": ""No"", ""Is PD-L1 positivity inclusion criteria"": ""No"", ""Is any other biomarker used for inclusion"": ""No"", ""Lines of treatment"": ""Only 1st line of treatment for metastatic disease"", ""Monotherapy/combination"": ""Combination"", ""NCT"": ""NCT02763579"", ""Name of ICI"": ""Atezolizumab"", ""Number of arms"": 2, ""Originial publication or Follow-up"": ""Follow-up"", ""Priamry Multiple, composite, or co-primary endpoints?"": ""Multiple"", ""Primary endpoint"": ""OS+PFS"", ""PubMed ID"": ""31959349"", ""Secondary endpoint"": ""Patient-reported outcomes"", ""Total sample size"": 403, ""Treatment regimen"": ""Atezolizumab+Carboplatin+Etoposide"", ""Trial name"": ""IMpower133"", ""Trial phase"": ""Phase 3"", ""Type of combination"": ""ICI+Chemo"", ""Type of control"": ""Chemo"", ""Type of follow-up given"": null, ""Type of therapy"": ""Combination"", ""Year"": 2020, ""__rowid__"": 87}"
row_336,336,"In Non-Small Cell Lung trials, convert 'Type of therapy' into is_combination = true/false.",Type of therapy,"[""is_combination""]",bge,row,11,0.691128134727478,0,32,NCT01450761,27458307,CA184-156,Combination,"{""Author"": ""Reck M et al"", ""Cancer type"": ""Small Cell Lung"", ""Class of ICI"": ""CTLA-4"", ""Clincal setting in relation to surgery"": ""Metastatic+recurrent (unresectable)"", ""Clinical setting"": ""Metastatic+recurrent (unresectable)"", ""Control arm"": ""Chemo"", ""Control regimen"": ""Placebo+Etoposide+Platinum agent"", ""Follow-up duration for primary endpoint(s) in months | Control"": ""10.2"", ""Follow-up duration for primary endpoint(s) in months | Overall"": null, ""Follow-up duration for primary endpoint(s) in months | Rx"": ""10.5"", ""Included in MA"": ""Yes"", ""Is PD-L1 positivity inclusion criteria"": ""No"", ""Is any other biomarker used for inclusion"": ""No"", ""Lines of treatment"": ""Only 1st line of treatment for metastatic disease"", ""Monotherapy/combination"": ""Combination"", ""NCT"": ""NCT01450761"", ""Name of ICI"": ""Ipilimumab"", ""Number of arms"": 2, ""Originial publication or Follow-up"": ""Original publication"", ""Priamry Multiple, composite, or co-primary endpoints?"": null, ""Primary endpoint"": ""OS"", ""PubMed ID"": ""27458307"", ""Secondary endpoint"": ""PFS, ORR, DOR"", ""Total sample size"": 1132, ""Treatment regimen"": ""Ipilimumab+Etoposide+Platinum agent"", ""Trial name"": ""CA184-156"", ""Trial phase"": ""Phase 3"", ""Type of combination"": ""ICI+Chemo"", ""Type of control"": ""Chemo"", ""Type of follow-up given"": ""Median"", ""Type of therapy"": ""Combination"", ""Year"": 2016, ""__rowid__"": 32}"
row_336,336,"In Non-Small Cell Lung trials, convert 'Type of therapy' into is_combination = true/false.",Type of therapy,"[""is_combination""]",bge,row,12,0.6906944513320923,1,49,NCT02477826,31562796,Checkmate 227,Combination,"{""Author"": ""Hellmann MD et al"", ""Cancer type"": ""Non-Small Cell Lung"", ""Class of ICI"": ""PD1, CTLA-4"", ""Clincal setting in relation to surgery"": ""Metastatic+recurrent (unresectable)"", ""Clinical setting"": ""Metastatic+recurrent (unresectable)"", ""Control arm"": ""Chemo"", ""Control regimen"": ""Chemotherapy"", ""Follow-up duration for primary endpoint(s) in months | Control"": null, ""Follow-up duration for primary endpoint(s) in months | Overall"": ""29.3"", ""Follow-up duration for primary endpoint(s) in months | Rx"": null, ""Included in MA"": ""Yes"", ""Is PD-L1 positivity inclusion criteria"": ""No"", ""Is any other biomarker used for inclusion"": ""Yes"", ""Lines of treatment"": ""Only 1st line of treatment for metastatic disease"", ""Monotherapy/combination"": ""Combination"", ""NCT"": ""NCT02477826"", ""Name of ICI"": ""Nivolumab, Ipilimumab"", ""Number of arms"": 4, ""Originial publication or Follow-up"": ""Follow-up"", ""Priamry Multiple, composite, or co-primary endpoints?"": null, ""Primary endpoint"": ""OS"", ""PubMed ID"": ""31562796"", ""Secondary endpoint"": ""PFS; OS with nivolumab+chemotherapy VS chemotherapy alone in patients with PD-L1 <1%; and OS with nivolumab monotherapy VS chemotherapy in patients with a PD-L1 >=50%"", ""Total sample size"": 1739, ""Treatment regimen"": ""Nivolumab+Ipilimumab"", ""Trial name"": ""Checkmate 227"", ""Trial phase"": ""Phase 3"", ""Type of combination"": ""ICI+ICI"", ""Type of control"": ""Chemo"", ""Type of follow-up given"": ""Minimum"", ""Type of therapy"": ""Combination"", ""Year"": 2019, ""__rowid__"": 49}"
row_336,336,"In Non-Small Cell Lung trials, convert 'Type of therapy' into is_combination = true/false.",Type of therapy,"[""is_combination""]",bge,row,13,0.6905220746994019,1,52,NCT02220894,30955977,Keynote-042,Monotherapy,"{""Author"": ""Mok TSK et al"", ""Cancer type"": ""Non-Small Cell Lung"", ""Class of ICI"": ""PD1"", ""Clincal setting in relation to surgery"": ""Metastatic+recurrent (unresectable)"", ""Clinical setting"": ""Metastatic+recurrent (unresectable)"", ""Control arm"": ""Chemo"", ""Control regimen"": ""Carboplatin+Pemetrexed+Paclitaxel"", ""Follow-up duration for primary endpoint(s) in months | Control"": null, ""Follow-up duration for primary endpoint(s) in months | Overall"": ""12.8"", ""Follow-up duration for primary endpoint(s) in months | Rx"": null, ""Included in MA"": ""Yes"", ""Is PD-L1 positivity inclusion criteria"": ""Yes"", ""Is any other biomarker used for inclusion"": ""No"", ""Lines of treatment"": ""Only 1st line of treatment for metastatic disease"", ""Monotherapy/combination"": ""Monotherapy"", ""NCT"": ""NCT02220894"", ""Name of ICI"": ""Pembrolizumab"", ""Number of arms"": 2, ""Originial publication or Follow-up"": ""Original publication"", ""Priamry Multiple, composite, or co-primary endpoints?"": null, ""Primary endpoint"": ""OS"", ""PubMed ID"": ""30955977"", ""Secondary endpoint"": ""PFS, ORR in pts with PD-L1 TPS of >=50%; >=20%; >=1%"", ""Total sample size"": 1274, ""Treatment regimen"": ""Pembrolizumab"", ""Trial name"": ""Keynote-042"", ""Trial phase"": ""Phase 3"", ""Type of combination"": null, ""Type of control"": ""Chemo"", ""Type of follow-up given"": ""Median"", ""Type of therapy"": ""Monotherapy"", ""Year"": 2019, ""__rowid__"": 52}"
row_336,336,"In Non-Small Cell Lung trials, convert 'Type of therapy' into is_combination = true/false.",Type of therapy,"[""is_combination""]",bge,row,14,0.6903617978096008,1,29,NCT01905657,26712084,Keynote-010,Monotherapy,"{""Author"": ""Herbst RS et al"", ""Cancer type"": ""Non-Small Cell Lung"", ""Class of ICI"": ""PD1"", ""Clincal setting in relation to surgery"": ""Metastatic+recurrent (unresectable)"", ""Clinical setting"": ""Metastatic+recurrent (unresectable)"", ""Control arm"": ""Chemo"", ""Control regimen"": ""Docetaxel"", ""Follow-up duration for primary endpoint(s) in months | Control"": ""8.5"", ""Follow-up duration for primary endpoint(s) in months | Overall"": null, ""Follow-up duration for primary endpoint(s) in months | Rx"": ""10.4(Pembrolizumab 2mg/kg)"", ""Included in MA"": ""Yes"", ""Is PD-L1 positivity inclusion criteria"": ""Yes"", ""Is any other biomarker used for inclusion"": ""No"", ""Lines of treatment"": ""Only 2nd or later line of treatment for metastatic disease"", ""Monotherapy/combination"": ""Monotherapy"", ""NCT"": ""NCT01905657"", ""Name of ICI"": ""Pembrolizumab"", ""Number of arms"": 3, ""Originial publication or Follow-up"": ""Original publication"", ""Priamry Multiple, composite, or co-primary endpoints?"": ""Multiple"", ""Primary endpoint"": ""OS+PFS"", ""PubMed ID"": ""26712084"", ""Secondary endpoint"": ""RR, DOR"", ""Total sample size"": 1034, ""Treatment regimen"": ""Pembrolizumab"", ""Trial name"": ""Keynote-010"", ""Trial phase"": ""Phase 2"", ""Type of combination"": null, ""Type of control"": ""Chemo"", ""Type of follow-up given"": ""Median"", ""Type of therapy"": ""Monotherapy"", ""Year"": 2016, ""__rowid__"": 29}"
row_336,336,"In Non-Small Cell Lung trials, convert 'Type of therapy' into is_combination = true/false.",Type of therapy,"[""is_combination""]",bge,row,15,0.6900953054428101,1,27,NCT01673867,26412456,Checkmate 057,Monotherapy,"{""Author"": ""Borghaei  H et al"", ""Cancer type"": ""Non-Small Cell Lung"", ""Class of ICI"": ""PD1"", ""Clincal setting in relation to surgery"": ""Metastatic+recurrent (unresectable)"", ""Clinical setting"": ""Metastatic+recurrent (unresectable)"", ""Control arm"": ""Chemo"", ""Control regimen"": ""Docetaxel"", ""Follow-up duration for primary endpoint(s) in months | Control"": ""9.4"", ""Follow-up duration for primary endpoint(s) in months | Overall"": null, ""Follow-up duration for primary endpoint(s) in months | Rx"": ""12.2"", ""Included in MA"": ""Yes"", ""Is PD-L1 positivity inclusion criteria"": ""No"", ""Is any other biomarker used for inclusion"": ""No"", ""Lines of treatment"": ""Only 2nd or later line of treatment for metastatic disease"", ""Monotherapy/combination"": ""Monotherapy"", ""NCT"": ""NCT01673867"", ""Name of ICI"": ""Nivolumab"", ""Number of arms"": 2, ""Originial publication or Follow-up"": ""Original publication"", ""Priamry Multiple, composite, or co-primary endpoints?"": null, ""Primary endpoint"": ""OS"", ""PubMed ID"": ""26412456"", ""Secondary endpoint"": ""OR, PFS, PRO"", ""Total sample size"": 582, ""Treatment regimen"": ""Nivolumab"", ""Trial name"": ""Checkmate 057"", ""Trial phase"": ""Phase 3"", ""Type of combination"": null, ""Type of control"": ""Chemo"", ""Type of follow-up given"": ""Median"", ""Type of therapy"": ""Monotherapy"", ""Year"": 2015, ""__rowid__"": 27}"
row_336,336,"In Non-Small Cell Lung trials, convert 'Type of therapy' into is_combination = true/false.",Type of therapy,"[""is_combination""]",bge,row,16,0.6898143887519836,1,99,NCT02453282,32271377,MYSTIC,Monotherapy,"{""Author"": ""Rizvi NA et al"", ""Cancer type"": ""Non-Small Cell Lung"", ""Class of ICI"": ""PD-L1"", ""Clincal setting in relation to surgery"": ""Metastatic+recurrent (unresectable)"", ""Clinical setting"": ""Metastatic+recurrent (unresectable)"", ""Control arm"": ""Chemo"", ""Control regimen"": ""Investigator's choice chemotherapy"", ""Follow-up duration for primary endpoint(s) in months | Control"": null, ""Follow-up duration for primary endpoint(s) in months | Overall"": ""30.2, 10.6"", ""Follow-up duration for primary endpoint(s) in months | Rx"": null, ""Included in MA"": ""Yes"", ""Is PD-L1 positivity inclusion criteria"": ""No"", ""Is any other biomarker used for inclusion"": ""Yes"", ""Lines of treatment"": ""Only 1st line of treatment for metastatic disease"", ""Monotherapy/combination"": ""Monotherapy"", ""NCT"": ""NCT02453282"", ""Name of ICI"": ""Durvalumab"", ""Number of arms"": 3, ""Originial publication or Follow-up"": ""Original publication"", ""Priamry Multiple, composite, or co-primary endpoints?"": ""Multiple"", ""Primary endpoint"": ""OS+PFS"", ""PubMed ID"": ""32271377"", ""Secondary endpoint"": ""PFS for durvalumab vs. chemotherapy; ORR and DOR in patients with PD-L1 TC ≥25%; safety and tolerability."", ""Total sample size"": 1118, ""Treatment regimen"": ""Durvalumab"", ""Trial name"": ""MYSTIC"", ""Trial phase"": ""Phase 3"", ""Type of combination"": null, ""Type of control"": ""Chemo"", ""Type of follow-up given"": ""Median"", ""Type of therapy"": ""Monotherapy"", ""Year"": 2020, ""__rowid__"": 99}"
row_336,336,"In Non-Small Cell Lung trials, convert 'Type of therapy' into is_combination = true/false.",Type of therapy,"[""is_combination""]",bge,row,17,0.6896963119506836,1,54,NCT02142738,30620668,Keynote-024,Monotherapy,"{""Author"": ""Reck M et al"", ""Cancer type"": ""Non-Small Cell Lung"", ""Class of ICI"": ""PD1"", ""Clincal setting in relation to surgery"": ""Metastatic+recurrent (unresectable)"", ""Clinical setting"": ""Metastatic+recurrent (unresectable)"", ""Control arm"": ""Chemo"", ""Control regimen"": ""Platinum-based chemotherapy"", ""Follow-up duration for primary endpoint(s) in months | Control"": null, ""Follow-up duration for primary endpoint(s) in months | Overall"": ""25.2"", ""Follow-up duration for primary endpoint(s) in months | Rx"": null, ""Included in MA"": ""Yes"", ""Is PD-L1 positivity inclusion criteria"": ""Yes"", ""Is any other biomarker used for inclusion"": ""No"", ""Lines of treatment"": ""Only 1st line of treatment for metastatic disease"", ""Monotherapy/combination"": ""Monotherapy"", ""NCT"": ""NCT02142738"", ""Name of ICI"": ""Pembrolizumab"", ""Number of arms"": 2, ""Originial publication or Follow-up"": ""Follow-up"", ""Priamry Multiple, composite, or co-primary endpoints?"": null, ""Primary endpoint"": ""PFS"", ""PubMed ID"": ""30620668"", ""Secondary endpoint"": ""OS, ORR, safety"", ""Total sample size"": 305, ""Treatment regimen"": ""Pembrolizumab"", ""Trial name"": ""Keynote-024"", ""Trial phase"": ""Phase 3"", ""Type of combination"": null, ""Type of control"": ""Chemo"", ""Type of follow-up given"": ""Median"", ""Type of therapy"": ""Monotherapy"", ""Year"": 2019, ""__rowid__"": 54}"
row_336,336,"In Non-Small Cell Lung trials, convert 'Type of therapy' into is_combination = true/false.",Type of therapy,"[""is_combination""]",bge,row,18,0.6896715760231018,1,30,NCT01905657,26712084,Keynote-010,Monotherapy,"{""Author"": ""Herbst RS et al (1)"", ""Cancer type"": ""Non-Small Cell Lung"", ""Class of ICI"": ""PD1"", ""Clincal setting in relation to surgery"": ""Metastatic+recurrent (unresectable)"", ""Clinical setting"": ""Metastatic+recurrent (unresectable)"", ""Control arm"": ""Chemo"", ""Control regimen"": ""Docetaxel"", ""Follow-up duration for primary endpoint(s) in months | Control"": ""8.5"", ""Follow-up duration for primary endpoint(s) in months | Overall"": null, ""Follow-up duration for primary endpoint(s) in months | Rx"": ""12.7 (Pembrolizumab 10mg/kg)"", ""Included in MA"": ""Yes"", ""Is PD-L1 positivity inclusion criteria"": ""Yes"", ""Is any other biomarker used for inclusion"": ""No"", ""Lines of treatment"": ""Only 2nd or later line of treatment for metastatic disease"", ""Monotherapy/combination"": ""Monotherapy"", ""NCT"": ""NCT01905657"", ""Name of ICI"": ""Pembrolizumab"", ""Number of arms"": 3, ""Originial publication or Follow-up"": ""Original publication"", ""Priamry Multiple, composite, or co-primary endpoints?"": ""Multiple"", ""Primary endpoint"": ""OS+PFS"", ""PubMed ID"": ""26712084"", ""Secondary endpoint"": ""RR, DOR"", ""Total sample size"": 1034, ""Treatment regimen"": ""Pembrolizumab"", ""Trial name"": ""Keynote-010"", ""Trial phase"": ""Phase 2"", ""Type of combination"": null, ""Type of control"": ""Chemo"", ""Type of follow-up given"": ""Median"", ""Type of therapy"": ""Monotherapy"", ""Year"": 2016, ""__rowid__"": 30}"
row_336,336,"In Non-Small Cell Lung trials, convert 'Type of therapy' into is_combination = true/false.",Type of therapy,"[""is_combination""]",bge,row,19,0.6895391941070557,1,23,NCT00527735,22547592,,Combination,"{""Author"": ""Lynch TJ et al"", ""Cancer type"": ""Non-Small Cell Lung"", ""Class of ICI"": ""CTLA-4"", ""Clincal setting in relation to surgery"": ""Metastatic+recurrent (unresectable)"", ""Clinical setting"": ""Metastatic+recurrent (unresectable)"", ""Control arm"": ""Chemo"", ""Control regimen"": ""Placebo+Paclitaxel+Carboplatin"", ""Follow-up duration for primary endpoint(s) in months | Control"": null, ""Follow-up duration for primary endpoint(s) in months | Overall"": null, ""Follow-up duration for primary endpoint(s) in months | Rx"": null, ""Included in MA"": ""Yes"", ""Is PD-L1 positivity inclusion criteria"": ""No"", ""Is any other biomarker used for inclusion"": ""No"", ""Lines of treatment"": ""Only 1st line of treatment for metastatic disease"", ""Monotherapy/combination"": ""Combination"", ""NCT"": ""NCT00527735"", ""Name of ICI"": ""Ipilimumab"", ""Number of arms"": 3, ""Originial publication or Follow-up"": ""Original publication"", ""Priamry Multiple, composite, or co-primary endpoints?"": null, ""Primary endpoint"": ""PFS"", ""PubMed ID"": ""22547592"", ""Secondary endpoint"": ""Modified WHO criteria PFS; OS; immune-related best overall response rate; modified WHO criteria best overall response rate;  immune-related disease control rate; modified WHO criteria disease control\nrate"", ""Total sample size"": 204, ""Treatment regimen"": ""Concurrent ipilimumab+Paclitaxel+Carboplatin"", ""Trial name"": null, ""Trial phase"": ""Phase 2"", ""Type of combination"": ""ICI+Chemo"", ""Type of control"": ""Chemo"", ""Type of follow-up given"": null, ""Type of therapy"": ""Combination"", ""Year"": 2012, ""__rowid__"": 23}"
row_336,336,"In Non-Small Cell Lung trials, convert 'Type of therapy' into is_combination = true/false.",Type of therapy,"[""is_combination""]",bge,row,20,0.6884022951126099,1,37,NCT02395172,30262187,JAVELIN Lung 200,Monotherapy,"{""Author"": ""Barlesi F et al"", ""Cancer type"": ""Non-Small Cell Lung"", ""Class of ICI"": ""PD-L1"", ""Clincal setting in relation to surgery"": ""Metastatic+recurrent (unresectable)"", ""Clinical setting"": ""Metastatic+recurrent (unresectable)"", ""Control arm"": ""Chemo"", ""Control regimen"": ""Docetaxel"", ""Follow-up duration for primary endpoint(s) in months | Control"": ""17.8"", ""Follow-up duration for primary endpoint(s) in months | Overall"": ""18.3"", ""Follow-up duration for primary endpoint(s) in months | Rx"": ""18.9"", ""Included in MA"": ""Yes"", ""Is PD-L1 positivity inclusion criteria"": ""No"", ""Is any other biomarker used for inclusion"": ""No"", ""Lines of treatment"": ""Only 2nd or later line of treatment for metastatic disease"", ""Monotherapy/combination"": ""Monotherapy"", ""NCT"": ""NCT02395172"", ""Name of ICI"": ""Atezolizumab"", ""Number of arms"": 2, ""Originial publication or Follow-up"": ""Original publication"", ""Priamry Multiple, composite, or co-primary endpoints?"": null, ""Primary endpoint"": ""OS"", ""PubMed ID"": ""30262187"", ""Secondary endpoint"": ""PFS, ORR, , BOR, PRO, Safety"", ""Total sample size"": 758, ""Treatment regimen"": ""Atezolizumab"", ""Trial name"": ""JAVELIN Lung 200"", ""Trial phase"": ""Phase 3"", ""Type of combination"": null, ""Type of control"": ""Chemo"", ""Type of follow-up given"": ""Median"", ""Type of therapy"": ""Monotherapy"", ""Year"": 2018, ""__rowid__"": 37}"
row_336,336,"In Non-Small Cell Lung trials, convert 'Type of therapy' into is_combination = true/false.",Type of therapy,"[""is_combination""]",bge,tuple,1,0.8525717854499817,1,155,NCT03088540,33581821,EMPOWER-Lung 1,Monotherapy,"{""Author"": ""Sezer A et al"", ""Cancer type"": ""Non-Small Cell Lung"", ""Class of ICI"": ""PD1"", ""Clincal setting in relation to surgery"": ""Metastatic+recurrent (unresectable)"", ""Clinical setting"": ""Metastatic+recurrent (unresectable)"", ""Control arm"": ""Chemo"", ""Control regimen"": ""Chemotherapy"", ""Follow-up duration for primary endpoint(s) in months | Control"": ""10.9"", ""Follow-up duration for primary endpoint(s) in months | Overall"": null, ""Follow-up duration for primary endpoint(s) in months | Rx"": ""10.8"", ""Included in MA"": null, ""Is PD-L1 positivity inclusion criteria"": ""Yes"", ""Is any other biomarker used for inclusion"": ""Yes"", ""Lines of treatment"": ""Only 1st line of treatment for metastatic disease"", ""Monotherapy/combination"": ""Monotherapy"", ""NCT"": ""NCT03088540"", ""Name of ICI"": ""Cemiplimab"", ""Number of arms"": 2, ""Originial publication or Follow-up"": ""Original publication"", ""Priamry Multiple, composite, or co-primary endpoints?"": ""Multiple"", ""Primary endpoint"": ""OS+PFS"", ""PubMed ID"": ""33581821"", ""Secondary endpoint"": ""ORR; DoR; HRQOL; safety"", ""Total sample size"": 710, ""Treatment regimen"": ""Cemiplimab"", ""Trial name"": ""EMPOWER-Lung 1"", ""Trial phase"": ""Phase 3"", ""Type of combination"": null, ""Type of control"": ""Chemo"", ""Type of follow-up given"": ""Median"", ""Type of therapy"": ""Monotherapy"", ""Year"": 2021, ""__rowid__"": 155}"
row_336,336,"In Non-Small Cell Lung trials, convert 'Type of therapy' into is_combination = true/false.",Type of therapy,"[""is_combination""]",bge,tuple,2,0.8515046834945679,1,23,NCT00527735,22547592,,Combination,"{""Author"": ""Lynch TJ et al"", ""Cancer type"": ""Non-Small Cell Lung"", ""Class of ICI"": ""CTLA-4"", ""Clincal setting in relation to surgery"": ""Metastatic+recurrent (unresectable)"", ""Clinical setting"": ""Metastatic+recurrent (unresectable)"", ""Control arm"": ""Chemo"", ""Control regimen"": ""Placebo+Paclitaxel+Carboplatin"", ""Follow-up duration for primary endpoint(s) in months | Control"": null, ""Follow-up duration for primary endpoint(s) in months | Overall"": null, ""Follow-up duration for primary endpoint(s) in months | Rx"": null, ""Included in MA"": ""Yes"", ""Is PD-L1 positivity inclusion criteria"": ""No"", ""Is any other biomarker used for inclusion"": ""No"", ""Lines of treatment"": ""Only 1st line of treatment for metastatic disease"", ""Monotherapy/combination"": ""Combination"", ""NCT"": ""NCT00527735"", ""Name of ICI"": ""Ipilimumab"", ""Number of arms"": 3, ""Originial publication or Follow-up"": ""Original publication"", ""Priamry Multiple, composite, or co-primary endpoints?"": null, ""Primary endpoint"": ""PFS"", ""PubMed ID"": ""22547592"", ""Secondary endpoint"": ""Modified WHO criteria PFS; OS; immune-related best overall response rate; modified WHO criteria best overall response rate;  immune-related disease control rate; modified WHO criteria disease control\nrate"", ""Total sample size"": 204, ""Treatment regimen"": ""Concurrent ipilimumab+Paclitaxel+Carboplatin"", ""Trial name"": null, ""Trial phase"": ""Phase 2"", ""Type of combination"": ""ICI+Chemo"", ""Type of control"": ""Chemo"", ""Type of follow-up given"": null, ""Type of therapy"": ""Combination"", ""Year"": 2012, ""__rowid__"": 23}"
row_336,336,"In Non-Small Cell Lung trials, convert 'Type of therapy' into is_combination = true/false.",Type of therapy,"[""is_combination""]",bge,tuple,3,0.8507702350616455,0,151,NCT02299999,33462450,SAFIR02-BREAST IMMUNO,Monotherapy,"{""Author"": ""Bachelot T et al"", ""Cancer type"": ""Breast"", ""Class of ICI"": ""PD-L1"", ""Clincal setting in relation to surgery"": ""Maintenance"", ""Clinical setting"": ""Maintenance"", ""Control arm"": ""Chemo"", ""Control regimen"": ""Chemotherapy"", ""Follow-up duration for primary endpoint(s) in months | Control"": null, ""Follow-up duration for primary endpoint(s) in months | Overall"": ""19.7"", ""Follow-up duration for primary endpoint(s) in months | Rx"": null, ""Included in MA"": null, ""Is PD-L1 positivity inclusion criteria"": ""No"", ""Is any other biomarker used for inclusion"": ""Yes"", ""Lines of treatment"": ""Only 2nd or later line of treatment for metastatic disease"", ""Monotherapy/combination"": ""Monotherapy"", ""NCT"": ""NCT02299999"", ""Name of ICI"": ""Durvalumab"", ""Number of arms"": 2, ""Originial publication or Follow-up"": ""Original publication"", ""Priamry Multiple, composite, or co-primary endpoints?"": null, ""Primary endpoint"": ""PFS"", ""PubMed ID"": ""33462450"", ""Secondary endpoint"": ""OS"", ""Total sample size"": 199, ""Treatment regimen"": ""Durvalumab"", ""Trial name"": ""SAFIR02-BREAST IMMUNO"", ""Trial phase"": ""Phase 2"", ""Type of combination"": null, ""Type of control"": ""Chemo"", ""Type of follow-up given"": ""Median"", ""Type of therapy"": ""Monotherapy"", ""Year"": 2021, ""__rowid__"": 151}"
row_336,336,"In Non-Small Cell Lung trials, convert 'Type of therapy' into is_combination = true/false.",Type of therapy,"[""is_combination""]",bge,tuple,4,0.8506585955619812,1,24,NCT00527735,22547592,,Combination,"{""Author"": ""Lynch TJ et al (1)"", ""Cancer type"": ""Non-Small Cell Lung"", ""Class of ICI"": ""CTLA-4"", ""Clincal setting in relation to surgery"": ""Metastatic+recurrent (unresectable)"", ""Clinical setting"": ""Metastatic+recurrent (unresectable)"", ""Control arm"": ""Chemo"", ""Control regimen"": ""Placebo+Paclitaxel+Carboplatin"", ""Follow-up duration for primary endpoint(s) in months | Control"": null, ""Follow-up duration for primary endpoint(s) in months | Overall"": null, ""Follow-up duration for primary endpoint(s) in months | Rx"": null, ""Included in MA"": ""Yes"", ""Is PD-L1 positivity inclusion criteria"": ""No"", ""Is any other biomarker used for inclusion"": ""No"", ""Lines of treatment"": ""Only 1st line of treatment for metastatic disease"", ""Monotherapy/combination"": ""Combination"", ""NCT"": ""NCT00527735"", ""Name of ICI"": ""Ipilimumab"", ""Number of arms"": 3, ""Originial publication or Follow-up"": ""Original publication"", ""Priamry Multiple, composite, or co-primary endpoints?"": null, ""Primary endpoint"": ""PFS"", ""PubMed ID"": ""22547592"", ""Secondary endpoint"": ""Modified WHO criteria PFS; OS; immune-related best overall response rate; modified WHO criteria best overall response rate;  immune-related disease control rate; modified WHO criteria disease control\nrate"", ""Total sample size"": 204, ""Treatment regimen"": ""Phased ipilimumab+Paclitaxel+Carboplatin"", ""Trial name"": null, ""Trial phase"": ""Phase 2"", ""Type of combination"": ""ICI+Chemo"", ""Type of control"": ""Chemo"", ""Type of follow-up given"": null, ""Type of therapy"": ""Combination"", ""Year"": 2012, ""__rowid__"": 24}"
row_336,336,"In Non-Small Cell Lung trials, convert 'Type of therapy' into is_combination = true/false.",Type of therapy,"[""is_combination""]",bge,tuple,5,0.8490968346595764,0,106,NCT02500121,32271672,,Monotherapy,"{""Author"": ""Galsky MD et al"", ""Cancer type"": ""Urothelial"", ""Class of ICI"": ""PD1"", ""Clincal setting in relation to surgery"": ""Metastatic+recurrent (unresectable)"", ""Clinical setting"": ""Metastatic+recurrent (unresectable)"", ""Control arm"": ""Placebo"", ""Control regimen"": ""Placebo"", ""Follow-up duration for primary endpoint(s) in months | Control"": ""3"", ""Follow-up duration for primary endpoint(s) in months | Overall"": null, ""Follow-up duration for primary endpoint(s) in months | Rx"": ""5.4"", ""Included in MA"": ""Yes"", ""Is PD-L1 positivity inclusion criteria"": ""No"", ""Is any other biomarker used for inclusion"": ""No"", ""Lines of treatment"": ""Only 2nd or later line of treatment for metastatic disease"", ""Monotherapy/combination"": ""Monotherapy"", ""NCT"": ""NCT02500121"", ""Name of ICI"": ""Pembrolizumab"", ""Number of arms"": 2, ""Originial publication or Follow-up"": ""Original publication"", ""Priamry Multiple, composite, or co-primary endpoints?"": null, ""Primary endpoint"": ""PFS"", ""PubMed ID"": ""32271672"", ""Secondary endpoint"": ""OS, treatment outcomes CPS"", ""Total sample size"": 108, ""Treatment regimen"": ""Pembrolizumab"", ""Trial name"": null, ""Trial phase"": ""Phase 2"", ""Type of combination"": null, ""Type of control"": ""Placebo"", ""Type of follow-up given"": ""Median"", ""Type of therapy"": ""Monotherapy"", ""Year"": 2020, ""__rowid__"": 106}"
row_336,336,"In Non-Small Cell Lung trials, convert 'Type of therapy' into is_combination = true/false.",Type of therapy,"[""is_combination""]",bge,tuple,6,0.8479275703430176,0,126,NCT02603432,32945632,,Monotherapy,"{""Author"": ""Powles T et al"", ""Cancer type"": ""Urothelial"", ""Class of ICI"": ""PD-L1"", ""Clincal setting in relation to surgery"": ""Metastatic+recurrent (unresectable)"", ""Clinical setting"": ""Metastatic+recurrent (unresectable)"", ""Control arm"": ""Best supportive care"", ""Control regimen"": ""Best supportive care"", ""Follow-up duration for primary endpoint(s) in months | Control"": null, ""Follow-up duration for primary endpoint(s) in months | Overall"": ""19"", ""Follow-up duration for primary endpoint(s) in months | Rx"": null, ""Included in MA"": null, ""Is PD-L1 positivity inclusion criteria"": ""No"", ""Is any other biomarker used for inclusion"": ""No"", ""Lines of treatment"": ""1st and later line of treatment for metastatic disease"", ""Monotherapy/combination"": ""Monotherapy"", ""NCT"": ""NCT02603432"", ""Name of ICI"": ""Avelumab"", ""Number of arms"": 2, ""Originial publication or Follow-up"": ""Original publication"", ""Priamry Multiple, composite, or co-primary endpoints?"": null, ""Primary endpoint"": ""OS"", ""PubMed ID"": ""32945632"", ""Secondary endpoint"": ""PFS, ORR, time to response, DoR, DCR, safety"", ""Total sample size"": 700, ""Treatment regimen"": ""Avelumab+Best Supportive Care"", ""Trial name"": null, ""Trial phase"": ""Phase 3"", ""Type of combination"": null, ""Type of control"": ""Best supportive care"", ""Type of follow-up given"": ""Median"", ""Type of therapy"": ""Monotherapy"", ""Year"": 2020, ""__rowid__"": 126}"
row_336,336,"In Non-Small Cell Lung trials, convert 'Type of therapy' into is_combination = true/false.",Type of therapy,"[""is_combination""]",bge,tuple,7,0.8474100828170776,0,6,NCT02788279,31003911,IMblaze130,Combination,"{""Author"": ""Eng C et al"", ""Cancer type"": ""Colorectal"", ""Class of ICI"": ""PD-L1"", ""Clincal setting in relation to surgery"": ""Metastatic+recurrent (unresectable)"", ""Clinical setting"": ""Metastatic+recurrent (unresectable)"", ""Control arm"": ""Multikinase inhibitor"", ""Control regimen"": ""Regorafenib"", ""Follow-up duration for primary endpoint(s) in months | Control"": null, ""Follow-up duration for primary endpoint(s) in months | Overall"": ""7.3"", ""Follow-up duration for primary endpoint(s) in months | Rx"": null, ""Included in MA"": ""No"", ""Is PD-L1 positivity inclusion criteria"": ""No"", ""Is any other biomarker used for inclusion"": ""No"", ""Lines of treatment"": ""Only 2nd or later line of treatment for metastatic disease"", ""Monotherapy/combination"": ""Combination"", ""NCT"": ""NCT02788279"", ""Name of ICI"": ""Atezolizumab"", ""Number of arms"": 3, ""Originial publication or Follow-up"": ""Original publication"", ""Priamry Multiple, composite, or co-primary endpoints?"": null, ""Primary endpoint"": ""OS"", ""PubMed ID"": ""31003911"", ""Secondary endpoint"": ""investigator-assessed RECIST v1.1 ORR, PFS, DoR"", ""Total sample size"": 363, ""Treatment regimen"": ""Atezolizumab+Cobimetinib"", ""Trial name"": ""IMblaze130"", ""Trial phase"": ""Phase 3"", ""Type of combination"": ""ICI+MEKi"", ""Type of control"": ""Multikinase inhibitor"", ""Type of follow-up given"": ""Median"", ""Type of therapy"": ""Combination"", ""Year"": 2019, ""__rowid__"": 6}"
row_336,336,"In Non-Small Cell Lung trials, convert 'Type of therapy' into is_combination = true/false.",Type of therapy,"[""is_combination""]",bge,tuple,8,0.8473681211471558,1,57,NCT02454933,30763730,CAURAL,Combination,"{""Author"": ""Yang JCH et al"", ""Cancer type"": ""Non-Small Cell Lung"", ""Class of ICI"": ""PD-L1"", ""Clincal setting in relation to surgery"": ""Metastatic+recurrent (unresectable)"", ""Clinical setting"": ""Metastatic+recurrent (unresectable)"", ""Control arm"": ""TKI"", ""Control regimen"": ""Osimertinib"", ""Follow-up duration for primary endpoint(s) in months | Control"": null, ""Follow-up duration for primary endpoint(s) in months | Overall"": null, ""Follow-up duration for primary endpoint(s) in months | Rx"": null, ""Included in MA"": ""No"", ""Is PD-L1 positivity inclusion criteria"": ""No"", ""Is any other biomarker used for inclusion"": ""No"", ""Lines of treatment"": ""Only 2nd or later line of treatment for metastatic disease"", ""Monotherapy/combination"": ""Combination"", ""NCT"": ""NCT02454933"", ""Name of ICI"": ""Durvalumab"", ""Number of arms"": 2, ""Originial publication or Follow-up"": ""Original publication"", ""Priamry Multiple, composite, or co-primary endpoints?"": null, ""Primary endpoint"": null, ""PubMed ID"": ""30763730"", ""Secondary endpoint"": null, ""Total sample size"": 29, ""Treatment regimen"": ""Durvalumab+Osimertinib"", ""Trial name"": ""CAURAL"", ""Trial phase"": ""Phase 3"", ""Type of combination"": ""ICI+TKI"", ""Type of control"": ""TKI"", ""Type of follow-up given"": null, ""Type of therapy"": ""Combination"", ""Year"": 2019, ""__rowid__"": 57}"
row_336,336,"In Non-Small Cell Lung trials, convert 'Type of therapy' into is_combination = true/false.",Type of therapy,"[""is_combination""]",bge,tuple,9,0.847146213054657,0,88,NCT02362048,32114502,KEYNOTE144,Combination,"{""Author"": ""Overman M et al"", ""Cancer type"": ""Pancreatic"", ""Class of ICI"": ""PD1"", ""Clincal setting in relation to surgery"": ""Metastatic+recurrent (unresectable)"", ""Clinical setting"": ""Metastatic+recurrent (unresectable)"", ""Control arm"": ""TKI"", ""Control regimen"": ""Acalabrutinib"", ""Follow-up duration for primary endpoint(s) in months | Control"": null, ""Follow-up duration for primary endpoint(s) in months | Overall"": null, ""Follow-up duration for primary endpoint(s) in months | Rx"": null, ""Included in MA"": ""No"", ""Is PD-L1 positivity inclusion criteria"": ""No"", ""Is any other biomarker used for inclusion"": ""No"", ""Lines of treatment"": ""Only 2nd or later line of treatment for metastatic disease"", ""Monotherapy/combination"": ""Combination"", ""NCT"": ""NCT02362048"", ""Name of ICI"": ""Pembrolizumab"", ""Number of arms"": 2, ""Originial publication or Follow-up"": ""Original publication"", ""Priamry Multiple, composite, or co-primary endpoints?"": null, ""Primary endpoint"": ""Safety"", ""PubMed ID"": ""32114502"", ""Secondary endpoint"": ""ORR; disease control rate; PFS; OS; change in cancer antigen (CA) 19–9."", ""Total sample size"": 77, ""Treatment regimen"": ""Pembrolizumab+Acalabrutinib"", ""Trial name"": ""KEYNOTE144"", ""Trial phase"": ""Phase 2"", ""Type of combination"": ""ICI+TKI"", ""Type of control"": ""TKI"", ""Type of follow-up given"": null, ""Type of therapy"": ""Combination"", ""Year"": 2020, ""__rowid__"": 88}"
row_336,336,"In Non-Small Cell Lung trials, convert 'Type of therapy' into is_combination = true/false.",Type of therapy,"[""is_combination""]",bge,tuple,10,0.8468749523162842,1,27,NCT01673867,26412456,Checkmate 057,Monotherapy,"{""Author"": ""Borghaei  H et al"", ""Cancer type"": ""Non-Small Cell Lung"", ""Class of ICI"": ""PD1"", ""Clincal setting in relation to surgery"": ""Metastatic+recurrent (unresectable)"", ""Clinical setting"": ""Metastatic+recurrent (unresectable)"", ""Control arm"": ""Chemo"", ""Control regimen"": ""Docetaxel"", ""Follow-up duration for primary endpoint(s) in months | Control"": ""9.4"", ""Follow-up duration for primary endpoint(s) in months | Overall"": null, ""Follow-up duration for primary endpoint(s) in months | Rx"": ""12.2"", ""Included in MA"": ""Yes"", ""Is PD-L1 positivity inclusion criteria"": ""No"", ""Is any other biomarker used for inclusion"": ""No"", ""Lines of treatment"": ""Only 2nd or later line of treatment for metastatic disease"", ""Monotherapy/combination"": ""Monotherapy"", ""NCT"": ""NCT01673867"", ""Name of ICI"": ""Nivolumab"", ""Number of arms"": 2, ""Originial publication or Follow-up"": ""Original publication"", ""Priamry Multiple, composite, or co-primary endpoints?"": null, ""Primary endpoint"": ""OS"", ""PubMed ID"": ""26412456"", ""Secondary endpoint"": ""OR, PFS, PRO"", ""Total sample size"": 582, ""Treatment regimen"": ""Nivolumab"", ""Trial name"": ""Checkmate 057"", ""Trial phase"": ""Phase 3"", ""Type of combination"": null, ""Type of control"": ""Chemo"", ""Type of follow-up given"": ""Median"", ""Type of therapy"": ""Monotherapy"", ""Year"": 2015, ""__rowid__"": 27}"
row_336,336,"In Non-Small Cell Lung trials, convert 'Type of therapy' into is_combination = true/false.",Type of therapy,"[""is_combination""]",bge,tuple,11,0.8467352390289307,0,16,NCT01984242,29867230,IMmotion150,Monotherapy,"{""Author"": ""McDermott DF et al"", ""Cancer type"": ""Renal cell"", ""Class of ICI"": ""PD-L1"", ""Clincal setting in relation to surgery"": ""Metastatic+recurrent (unresectable)"", ""Clinical setting"": ""Metastatic+recurrent (unresectable)"", ""Control arm"": ""TKI"", ""Control regimen"": ""Sunitinib"", ""Follow-up duration for primary endpoint(s) in months | Control"": null, ""Follow-up duration for primary endpoint(s) in months | Overall"": ""20.7"", ""Follow-up duration for primary endpoint(s) in months | Rx"": null, ""Included in MA"": ""No"", ""Is PD-L1 positivity inclusion criteria"": ""No"", ""Is any other biomarker used for inclusion"": ""No"", ""Lines of treatment"": ""Only 1st line of treatment for metastatic disease"", ""Monotherapy/combination"": ""Monotherapy"", ""NCT"": ""NCT01984242"", ""Name of ICI"": ""Atezolizumab"", ""Number of arms"": 3, ""Originial publication or Follow-up"": ""Original publication"", ""Priamry Multiple, composite, or co-primary endpoints?"": null, ""Primary endpoint"": ""PFS"", ""PubMed ID"": ""29867230"", ""Secondary endpoint"": ""Investigator-assessed PFS; ORR; \nDOR; OS; patient-reported outcomes; safety."", ""Total sample size"": 305, ""Treatment regimen"": ""Atezolizumab"", ""Trial name"": ""IMmotion150"", ""Trial phase"": ""Phase 2"", ""Type of combination"": null, ""Type of control"": ""TKI"", ""Type of follow-up given"": ""Median"", ""Type of therapy"": ""Monotherapy"", ""Year"": 2018, ""__rowid__"": 16}"
row_336,336,"In Non-Small Cell Lung trials, convert 'Type of therapy' into is_combination = true/false.",Type of therapy,"[""is_combination""]",bge,tuple,12,0.8466001152992249,1,54,NCT02142738,30620668,Keynote-024,Monotherapy,"{""Author"": ""Reck M et al"", ""Cancer type"": ""Non-Small Cell Lung"", ""Class of ICI"": ""PD1"", ""Clincal setting in relation to surgery"": ""Metastatic+recurrent (unresectable)"", ""Clinical setting"": ""Metastatic+recurrent (unresectable)"", ""Control arm"": ""Chemo"", ""Control regimen"": ""Platinum-based chemotherapy"", ""Follow-up duration for primary endpoint(s) in months | Control"": null, ""Follow-up duration for primary endpoint(s) in months | Overall"": ""25.2"", ""Follow-up duration for primary endpoint(s) in months | Rx"": null, ""Included in MA"": ""Yes"", ""Is PD-L1 positivity inclusion criteria"": ""Yes"", ""Is any other biomarker used for inclusion"": ""No"", ""Lines of treatment"": ""Only 1st line of treatment for metastatic disease"", ""Monotherapy/combination"": ""Monotherapy"", ""NCT"": ""NCT02142738"", ""Name of ICI"": ""Pembrolizumab"", ""Number of arms"": 2, ""Originial publication or Follow-up"": ""Follow-up"", ""Priamry Multiple, composite, or co-primary endpoints?"": null, ""Primary endpoint"": ""PFS"", ""PubMed ID"": ""30620668"", ""Secondary endpoint"": ""OS, ORR, safety"", ""Total sample size"": 305, ""Treatment regimen"": ""Pembrolizumab"", ""Trial name"": ""Keynote-024"", ""Trial phase"": ""Phase 3"", ""Type of combination"": null, ""Type of control"": ""Chemo"", ""Type of follow-up given"": ""Median"", ""Type of therapy"": ""Monotherapy"", ""Year"": 2019, ""__rowid__"": 54}"
row_336,336,"In Non-Small Cell Lung trials, convert 'Type of therapy' into is_combination = true/false.",Type of therapy,"[""is_combination""]",bge,tuple,13,0.846113920211792,1,42,NCT02578680,29658856,Keynote-189,Combination,"{""Author"": ""Gandhi L et al"", ""Cancer type"": ""Non-Small Cell Lung"", ""Class of ICI"": ""PD1"", ""Clincal setting in relation to surgery"": ""Metastatic+recurrent (unresectable)"", ""Clinical setting"": ""Metastatic+recurrent (unresectable)"", ""Control arm"": ""Chemo"", ""Control regimen"": ""Placebo+Pemetrexed+Platinum agent"", ""Follow-up duration for primary endpoint(s) in months | Control"": null, ""Follow-up duration for primary endpoint(s) in months | Overall"": ""10.5"", ""Follow-up duration for primary endpoint(s) in months | Rx"": null, ""Included in MA"": ""Yes"", ""Is PD-L1 positivity inclusion criteria"": ""No"", ""Is any other biomarker used for inclusion"": ""No"", ""Lines of treatment"": ""Only 1st line of treatment for metastatic disease"", ""Monotherapy/combination"": ""Combination"", ""NCT"": ""NCT02578680"", ""Name of ICI"": ""Pembrolizumab"", ""Number of arms"": 2, ""Originial publication or Follow-up"": ""Original publication"", ""Priamry Multiple, composite, or co-primary endpoints?"": ""Multiple"", ""Primary endpoint"": ""OS+PFS"", ""PubMed ID"": ""29658856"", ""Secondary endpoint"": ""ORR, DOR, safety"", ""Total sample size"": 616, ""Treatment regimen"": ""Pembrolizumab+Platinum agent"", ""Trial name"": ""Keynote-189"", ""Trial phase"": ""Phase 3"", ""Type of combination"": ""ICI+Chemo"", ""Type of control"": ""Chemo"", ""Type of follow-up given"": ""Median"", ""Type of therapy"": ""Combination"", ""Year"": 2018, ""__rowid__"": 42}"
row_336,336,"In Non-Small Cell Lung trials, convert 'Type of therapy' into is_combination = true/false.",Type of therapy,"[""is_combination""]",bge,tuple,14,0.845941424369812,1,40,NCT02008227,27979383,OAK,Monotherapy,"{""Author"": ""Rittmeyer A et al"", ""Cancer type"": ""Non-Small Cell Lung"", ""Class of ICI"": ""PD-L1"", ""Clincal setting in relation to surgery"": ""Metastatic+recurrent (unresectable)"", ""Clinical setting"": ""Metastatic+recurrent (unresectable)"", ""Control arm"": ""Chemo"", ""Control regimen"": ""Docetaxel"", ""Follow-up duration for primary endpoint(s) in months | Control"": null, ""Follow-up duration for primary endpoint(s) in months | Overall"": ""21"", ""Follow-up duration for primary endpoint(s) in months | Rx"": null, ""Included in MA"": ""No"", ""Is PD-L1 positivity inclusion criteria"": ""No"", ""Is any other biomarker used for inclusion"": ""Yes"", ""Lines of treatment"": ""Only 2nd or later line of treatment for metastatic disease"", ""Monotherapy/combination"": ""Monotherapy"", ""NCT"": ""NCT02008227"", ""Name of ICI"": ""Atezolizumab"", ""Number of arms"": 2, ""Originial publication or Follow-up"": ""Original publication"", ""Priamry Multiple, composite, or co-primary endpoints?"": null, ""Primary endpoint"": ""OS"", ""PubMed ID"": ""27979383"", ""Secondary endpoint"": ""PFS, ORR, DoR"", ""Total sample size"": 1225, ""Treatment regimen"": ""Atezolizumab"", ""Trial name"": ""OAK"", ""Trial phase"": ""Phase 3"", ""Type of combination"": null, ""Type of control"": ""Chemo"", ""Type of follow-up given"": ""Median"", ""Type of therapy"": ""Monotherapy"", ""Year"": 2017, ""__rowid__"": 40}"
row_336,336,"In Non-Small Cell Lung trials, convert 'Type of therapy' into is_combination = true/false.",Type of therapy,"[""is_combination""]",bge,tuple,15,0.8457925319671631,0,141,NCT02362594,32946353,EORTC 1325-MG/KEYNOTE-054,Monotherapy,"{""Author"": ""Eggermont AMM et al"", ""Cancer type"": ""Melanoma"", ""Class of ICI"": ""PD1"", ""Clincal setting in relation to surgery"": ""Adjuvant"", ""Clinical setting"": ""Adjuvant"", ""Control arm"": ""Placebo"", ""Control regimen"": ""Placebo"", ""Follow-up duration for primary endpoint(s) in months | Control"": ""36.5"", ""Follow-up duration for primary endpoint(s) in months | Overall"": ""36.6"", ""Follow-up duration for primary endpoint(s) in months | Rx"": ""36.6"", ""Included in MA"": null, ""Is PD-L1 positivity inclusion criteria"": ""No"", ""Is any other biomarker used for inclusion"": ""No"", ""Lines of treatment"": ""Only 1st line of treatment for metastatic disease"", ""Monotherapy/combination"": ""Monotherapy"", ""NCT"": ""NCT02362594"", ""Name of ICI"": ""Pembrolizumab"", ""Number of arms"": 2, ""Originial publication or Follow-up"": ""Follow-up"", ""Priamry Multiple, composite, or co-primary endpoints?"": ""Co-primary"", ""Primary endpoint"": ""RFS"", ""PubMed ID"": ""32946353"", ""Secondary endpoint"": null, ""Total sample size"": 1019, ""Treatment regimen"": ""Pembrolizumab"", ""Trial name"": ""EORTC 1325-MG/KEYNOTE-054"", ""Trial phase"": ""Phase 3"", ""Type of combination"": null, ""Type of control"": ""Placebo"", ""Type of follow-up given"": ""Median"", ""Type of therapy"": ""Monotherapy"", ""Year"": 2020, ""__rowid__"": 141}"
row_336,336,"In Non-Small Cell Lung trials, convert 'Type of therapy' into is_combination = true/false.",Type of therapy,"[""is_combination""]",bge,tuple,16,0.8453816175460815,0,112,NCT02870920,32379280,,Combination,"{""Author"": ""Chen EX et al"", ""Cancer type"": ""Colorectal"", ""Class of ICI"": ""PD-L1, CTLA-4"", ""Clincal setting in relation to surgery"": ""Metastatic+recurrent (unresectable)"", ""Clinical setting"": ""Metastatic+recurrent (unresectable)"", ""Control arm"": ""Best supportive care"", ""Control regimen"": ""Best supportive care"", ""Follow-up duration for primary endpoint(s) in months | Control"": ""4.1"", ""Follow-up duration for primary endpoint(s) in months | Overall"": null, ""Follow-up duration for primary endpoint(s) in months | Rx"": ""6.6"", ""Included in MA"": ""No"", ""Is PD-L1 positivity inclusion criteria"": ""No"", ""Is any other biomarker used for inclusion"": ""No"", ""Lines of treatment"": ""Only 2nd or later line of treatment for metastatic disease"", ""Monotherapy/combination"": ""Combination"", ""NCT"": ""NCT02870920"", ""Name of ICI"": ""Durvalumab, Tremelimumab"", ""Number of arms"": 2, ""Originial publication or Follow-up"": ""Original publication"", ""Priamry Multiple, composite, or co-primary endpoints?"": null, ""Primary endpoint"": ""OS"", ""PubMed ID"": ""32379280"", ""Secondary endpoint"": ""PFS, ORR"", ""Total sample size"": 180, ""Treatment regimen"": ""Durvalumab+Tremelimumab+Best supportive care"", ""Trial name"": null, ""Trial phase"": ""Phase 2"", ""Type of combination"": ""ICI+ICI+Chemo"", ""Type of control"": ""Best supportive care"", ""Type of follow-up given"": ""Median"", ""Type of therapy"": ""Combination"", ""Year"": 2020, ""__rowid__"": 112}"
row_336,336,"In Non-Small Cell Lung trials, convert 'Type of therapy' into is_combination = true/false.",Type of therapy,"[""is_combination""]",bge,tuple,17,0.8453764319419861,1,28,NCT01642004,26028407,Checkmate 017,Monotherapy,"{""Author"": ""Brahmer J et al"", ""Cancer type"": ""Non-Small Cell Lung"", ""Class of ICI"": ""PD1"", ""Clincal setting in relation to surgery"": ""Metastatic+recurrent (unresectable)"", ""Clinical setting"": ""Metastatic+recurrent (unresectable)"", ""Control arm"": ""Chemo"", ""Control regimen"": ""Docetaxel"", ""Follow-up duration for primary endpoint(s) in months | Control"": ""6"", ""Follow-up duration for primary endpoint(s) in months | Overall"": null, ""Follow-up duration for primary endpoint(s) in months | Rx"": ""9.2"", ""Included in MA"": ""Yes"", ""Is PD-L1 positivity inclusion criteria"": ""No"", ""Is any other biomarker used for inclusion"": ""No"", ""Lines of treatment"": ""Only 2nd or later line of treatment for metastatic disease"", ""Monotherapy/combination"": ""Monotherapy"", ""NCT"": ""NCT01642004"", ""Name of ICI"": ""Nivolumab"", ""Number of arms"": 2, ""Originial publication or Follow-up"": ""Original publication"", ""Priamry Multiple, composite, or co-primary endpoints?"": null, ""Primary endpoint"": ""OS"", ""PubMed ID"": ""26028407"", ""Secondary endpoint"": ""OR, PFS, PRO"", ""Total sample size"": 272, ""Treatment regimen"": ""Nivolumab"", ""Trial name"": ""Checkmate 017"", ""Trial phase"": ""Phase 3"", ""Type of combination"": null, ""Type of control"": ""Chemo"", ""Type of follow-up given"": ""Median"", ""Type of therapy"": ""Monotherapy"", ""Year"": 2015, ""__rowid__"": 28}"
row_336,336,"In Non-Small Cell Lung trials, convert 'Type of therapy' into is_combination = true/false.",Type of therapy,"[""is_combination""]",bge,tuple,18,0.8447930812835693,0,8,NCT01585987,28655793,,Monotherapy,"{""Author"": ""Bang YJ et al"", ""Cancer type"": ""Gastric/GEJ"", ""Class of ICI"": ""CTLA-4"", ""Clincal setting in relation to surgery"": ""Metastatic+recurrent (unresectable)"", ""Clinical setting"": ""Metastatic+recurrent (unresectable)"", ""Control arm"": ""Best supportive care"", ""Control regimen"": ""Best supportive care (+/-fluoropyrimidine)"", ""Follow-up duration for primary endpoint(s) in months | Control"": null, ""Follow-up duration for primary endpoint(s) in months | Overall"": null, ""Follow-up duration for primary endpoint(s) in months | Rx"": null, ""Included in MA"": ""Yes"", ""Is PD-L1 positivity inclusion criteria"": ""No"", ""Is any other biomarker used for inclusion"": ""No"", ""Lines of treatment"": ""Only 2nd or later line of treatment for metastatic disease"", ""Monotherapy/combination"": ""Monotherapy"", ""NCT"": ""NCT01585987"", ""Name of ICI"": ""Ipilimumab"", ""Number of arms"": 2, ""Originial publication or Follow-up"": ""Original publication"", ""Priamry Multiple, composite, or co-primary endpoints?"": null, ""Primary endpoint"": ""PFS"", ""PubMed ID"": ""28655793"", ""Secondary endpoint"": ""PFS by mWHO criteria, OS, immune-related best overall response rate (irBORR)"", ""Total sample size"": 114, ""Treatment regimen"": ""Ipilimumab"", ""Trial name"": null, ""Trial phase"": ""Phase 2"", ""Type of combination"": null, ""Type of control"": ""Best supportive care"", ""Type of follow-up given"": null, ""Type of therapy"": ""Monotherapy"", ""Year"": 2017, ""__rowid__"": 8}"
row_336,336,"In Non-Small Cell Lung trials, convert 'Type of therapy' into is_combination = true/false.",Type of therapy,"[""is_combination""]",bge,tuple,19,0.8444471955299377,1,30,NCT01905657,26712084,Keynote-010,Monotherapy,"{""Author"": ""Herbst RS et al (1)"", ""Cancer type"": ""Non-Small Cell Lung"", ""Class of ICI"": ""PD1"", ""Clincal setting in relation to surgery"": ""Metastatic+recurrent (unresectable)"", ""Clinical setting"": ""Metastatic+recurrent (unresectable)"", ""Control arm"": ""Chemo"", ""Control regimen"": ""Docetaxel"", ""Follow-up duration for primary endpoint(s) in months | Control"": ""8.5"", ""Follow-up duration for primary endpoint(s) in months | Overall"": null, ""Follow-up duration for primary endpoint(s) in months | Rx"": ""12.7 (Pembrolizumab 10mg/kg)"", ""Included in MA"": ""Yes"", ""Is PD-L1 positivity inclusion criteria"": ""Yes"", ""Is any other biomarker used for inclusion"": ""No"", ""Lines of treatment"": ""Only 2nd or later line of treatment for metastatic disease"", ""Monotherapy/combination"": ""Monotherapy"", ""NCT"": ""NCT01905657"", ""Name of ICI"": ""Pembrolizumab"", ""Number of arms"": 3, ""Originial publication or Follow-up"": ""Original publication"", ""Priamry Multiple, composite, or co-primary endpoints?"": ""Multiple"", ""Primary endpoint"": ""OS+PFS"", ""PubMed ID"": ""26712084"", ""Secondary endpoint"": ""RR, DOR"", ""Total sample size"": 1034, ""Treatment regimen"": ""Pembrolizumab"", ""Trial name"": ""Keynote-010"", ""Trial phase"": ""Phase 2"", ""Type of combination"": null, ""Type of control"": ""Chemo"", ""Type of follow-up given"": ""Median"", ""Type of therapy"": ""Monotherapy"", ""Year"": 2016, ""__rowid__"": 30}"
row_336,336,"In Non-Small Cell Lung trials, convert 'Type of therapy' into is_combination = true/false.",Type of therapy,"[""is_combination""]",bge,tuple,20,0.8444251418113708,0,121,NCT02494583,32880601,Keynote-062,Combination,"{""Author"": ""Shitara K et al (1)"", ""Cancer type"": ""Gastric/GEJ"", ""Class of ICI"": ""PD1"", ""Clincal setting in relation to surgery"": ""Metastatic+recurrent (unresectable)"", ""Clinical setting"": ""Metastatic+recurrent (unresectable)"", ""Control arm"": ""Chemo"", ""Control regimen"": ""Placebo+Cisplatin+5-FU+Capecitabine"", ""Follow-up duration for primary endpoint(s) in months | Control"": null, ""Follow-up duration for primary endpoint(s) in months | Overall"": ""29.4"", ""Follow-up duration for primary endpoint(s) in months | Rx"": null, ""Included in MA"": null, ""Is PD-L1 positivity inclusion criteria"": ""Yes"", ""Is any other biomarker used for inclusion"": ""Yes"", ""Lines of treatment"": ""Only 1st line of treatment for metastatic disease"", ""Monotherapy/combination"": ""Combination"", ""NCT"": ""NCT02494583"", ""Name of ICI"": ""Pembrolizumab"", ""Number of arms"": 3, ""Originial publication or Follow-up"": ""Original publication"", ""Priamry Multiple, composite, or co-primary endpoints?"": ""Multiple"", ""Primary endpoint"": ""OS+PFS"", ""PubMed ID"": ""32880601"", ""Secondary endpoint"": ""ORR, DoR, safety, tolerability, HRQOL"", ""Total sample size"": 763, ""Treatment regimen"": ""Pembrolizumab+Cisplatin+5-FU+Capecitabine"", ""Trial name"": ""Keynote-062"", ""Trial phase"": ""Phase 3"", ""Type of combination"": ""ICI+Chemo"", ""Type of control"": ""Chemo"", ""Type of follow-up given"": ""Median"", ""Type of therapy"": ""Combination"", ""Year"": 2020, ""__rowid__"": 121}"
