item_id,csv_row_number,question,column_used,expected_keys_json,model_name,view_name,rank,cosine_score,is_relevant,rowid,NCT,PubMed ID,Trial name,source_value,candidate_row_json
row_138,138,"In Breast trials, from the secondary endpoint text flag if immune-related adverse events (irAEs) were explicitly assessed.",Secondary endpoint,"[""irAE_assessed""]",sbert,column,1,0.5471301078796387,0,25,NCT00527735,22858559,,"Immune-related PFS; modified WHO criteria PFS; OS; modified WHO criteria best overall response rate; irBORR (proportion of patients with irCR or irPR);  modified WHO criteria disease control rate; irDCR (proportion of patients with irCR, irPR or irSD)","{""Author"": ""Reck M et al"", ""Cancer type"": ""Small Cell Lung"", ""Class of ICI"": ""CTLA-4"", ""Clincal setting in relation to surgery"": ""Metastatic+recurrent (unresectable)"", ""Clinical setting"": ""Metastatic+recurrent (unresectable)"", ""Control arm"": ""Chemo"", ""Control regimen"": ""Placebo+Paclitaxel+Carboplatin"", ""Follow-up duration for primary endpoint(s) in months | Control"": null, ""Follow-up duration for primary endpoint(s) in months | Overall"": ""11.1"", ""Follow-up duration for primary endpoint(s) in months | Rx"": null, ""Included in MA"": ""Yes"", ""Is PD-L1 positivity inclusion criteria"": ""No"", ""Is any other biomarker used for inclusion"": ""No"", ""Lines of treatment"": ""Only 1st line of treatment for metastatic disease"", ""Monotherapy/combination"": ""Combination"", ""NCT"": ""NCT00527735"", ""Name of ICI"": ""Ipilimumab"", ""Number of arms"": 3, ""Originial publication or Follow-up"": ""Original publication"", ""Priamry Multiple, composite, or co-primary endpoints?"": null, ""Primary endpoint"": null, ""PubMed ID"": ""22858559"", ""Secondary endpoint"": ""Immune-related PFS; modified WHO criteria PFS; OS; modified WHO criteria best overall response rate; irBORR (proportion of patients with irCR or irPR);  modified WHO criteria disease control rate; irDCR (proportion of patients with irCR, irPR or irSD)"", ""Total sample size"": 130, ""Treatment regimen"": ""Concurrent ipilimumab+Paclitaxel+Carboplatin"", ""Trial name"": null, ""Trial phase"": ""Phase 2"", ""Type of combination"": ""ICI+Chemo"", ""Type of control"": ""Chemo"", ""Type of follow-up given"": ""Minimum"", ""Type of therapy"": ""Combination"", ""Year"": 2012, ""__rowid__"": 25}"
row_138,138,"In Breast trials, from the secondary endpoint text flag if immune-related adverse events (irAEs) were explicitly assessed.",Secondary endpoint,"[""irAE_assessed""]",sbert,column,2,0.5471301078796387,0,26,NCT00527735,22858559,,"Immune-related PFS; modified WHO criteria PFS; OS; modified WHO criteria best overall response rate; irBORR (proportion of patients with irCR or irPR);  modified WHO criteria disease control rate; irDCR (proportion of patients with irCR, irPR or irSD)","{""Author"": ""Reck M et al (1)"", ""Cancer type"": ""Small Cell Lung"", ""Class of ICI"": ""CTLA-4"", ""Clincal setting in relation to surgery"": ""Metastatic+recurrent (unresectable)"", ""Clinical setting"": ""Metastatic+recurrent (unresectable)"", ""Control arm"": ""Chemo"", ""Control regimen"": ""Placebo+Paclitaxel+Carboplatin"", ""Follow-up duration for primary endpoint(s) in months | Control"": null, ""Follow-up duration for primary endpoint(s) in months | Overall"": ""11.1"", ""Follow-up duration for primary endpoint(s) in months | Rx"": null, ""Included in MA"": ""Yes"", ""Is PD-L1 positivity inclusion criteria"": ""No"", ""Is any other biomarker used for inclusion"": ""No"", ""Lines of treatment"": ""Only 1st line of treatment for metastatic disease"", ""Monotherapy/combination"": ""Combination"", ""NCT"": ""NCT00527735"", ""Name of ICI"": ""Ipilimumab"", ""Number of arms"": 3, ""Originial publication or Follow-up"": ""Original publication"", ""Priamry Multiple, composite, or co-primary endpoints?"": null, ""Primary endpoint"": null, ""PubMed ID"": ""22858559"", ""Secondary endpoint"": ""Immune-related PFS; modified WHO criteria PFS; OS; modified WHO criteria best overall response rate; irBORR (proportion of patients with irCR or irPR);  modified WHO criteria disease control rate; irDCR (proportion of patients with irCR, irPR or irSD)"", ""Total sample size"": 130, ""Treatment regimen"": ""Phased ipilimumab+Paclitaxel+Carboplatin"", ""Trial name"": null, ""Trial phase"": ""Phase 2"", ""Type of combination"": ""ICI+Chemo"", ""Type of control"": ""Chemo"", ""Type of follow-up given"": ""Minimum"", ""Type of therapy"": ""Combination"", ""Year"": 2012, ""__rowid__"": 26}"
row_138,138,"In Breast trials, from the secondary endpoint text flag if immune-related adverse events (irAEs) were explicitly assessed.",Secondary endpoint,"[""irAE_assessed""]",sbert,column,3,0.5279183983802795,0,24,NCT00527735,22547592,,"Modified WHO criteria PFS; OS; immune-related best overall response rate; modified WHO criteria best overall response rate;  immune-related disease control rate; modified WHO criteria disease control
rate","{""Author"": ""Lynch TJ et al (1)"", ""Cancer type"": ""Non-Small Cell Lung"", ""Class of ICI"": ""CTLA-4"", ""Clincal setting in relation to surgery"": ""Metastatic+recurrent (unresectable)"", ""Clinical setting"": ""Metastatic+recurrent (unresectable)"", ""Control arm"": ""Chemo"", ""Control regimen"": ""Placebo+Paclitaxel+Carboplatin"", ""Follow-up duration for primary endpoint(s) in months | Control"": null, ""Follow-up duration for primary endpoint(s) in months | Overall"": null, ""Follow-up duration for primary endpoint(s) in months | Rx"": null, ""Included in MA"": ""Yes"", ""Is PD-L1 positivity inclusion criteria"": ""No"", ""Is any other biomarker used for inclusion"": ""No"", ""Lines of treatment"": ""Only 1st line of treatment for metastatic disease"", ""Monotherapy/combination"": ""Combination"", ""NCT"": ""NCT00527735"", ""Name of ICI"": ""Ipilimumab"", ""Number of arms"": 3, ""Originial publication or Follow-up"": ""Original publication"", ""Priamry Multiple, composite, or co-primary endpoints?"": null, ""Primary endpoint"": ""PFS"", ""PubMed ID"": ""22547592"", ""Secondary endpoint"": ""Modified WHO criteria PFS; OS; immune-related best overall response rate; modified WHO criteria best overall response rate;  immune-related disease control rate; modified WHO criteria disease control\nrate"", ""Total sample size"": 204, ""Treatment regimen"": ""Phased ipilimumab+Paclitaxel+Carboplatin"", ""Trial name"": null, ""Trial phase"": ""Phase 2"", ""Type of combination"": ""ICI+Chemo"", ""Type of control"": ""Chemo"", ""Type of follow-up given"": null, ""Type of therapy"": ""Combination"", ""Year"": 2012, ""__rowid__"": 24}"
row_138,138,"In Breast trials, from the secondary endpoint text flag if immune-related adverse events (irAEs) were explicitly assessed.",Secondary endpoint,"[""irAE_assessed""]",sbert,column,4,0.5279183983802795,0,23,NCT00527735,22547592,,"Modified WHO criteria PFS; OS; immune-related best overall response rate; modified WHO criteria best overall response rate;  immune-related disease control rate; modified WHO criteria disease control
rate","{""Author"": ""Lynch TJ et al"", ""Cancer type"": ""Non-Small Cell Lung"", ""Class of ICI"": ""CTLA-4"", ""Clincal setting in relation to surgery"": ""Metastatic+recurrent (unresectable)"", ""Clinical setting"": ""Metastatic+recurrent (unresectable)"", ""Control arm"": ""Chemo"", ""Control regimen"": ""Placebo+Paclitaxel+Carboplatin"", ""Follow-up duration for primary endpoint(s) in months | Control"": null, ""Follow-up duration for primary endpoint(s) in months | Overall"": null, ""Follow-up duration for primary endpoint(s) in months | Rx"": null, ""Included in MA"": ""Yes"", ""Is PD-L1 positivity inclusion criteria"": ""No"", ""Is any other biomarker used for inclusion"": ""No"", ""Lines of treatment"": ""Only 1st line of treatment for metastatic disease"", ""Monotherapy/combination"": ""Combination"", ""NCT"": ""NCT00527735"", ""Name of ICI"": ""Ipilimumab"", ""Number of arms"": 3, ""Originial publication or Follow-up"": ""Original publication"", ""Priamry Multiple, composite, or co-primary endpoints?"": null, ""Primary endpoint"": ""PFS"", ""PubMed ID"": ""22547592"", ""Secondary endpoint"": ""Modified WHO criteria PFS; OS; immune-related best overall response rate; modified WHO criteria best overall response rate;  immune-related disease control rate; modified WHO criteria disease control\nrate"", ""Total sample size"": 204, ""Treatment regimen"": ""Concurrent ipilimumab+Paclitaxel+Carboplatin"", ""Trial name"": null, ""Trial phase"": ""Phase 2"", ""Type of combination"": ""ICI+Chemo"", ""Type of control"": ""Chemo"", ""Type of follow-up given"": null, ""Type of therapy"": ""Combination"", ""Year"": 2012, ""__rowid__"": 23}"
row_138,138,"In Breast trials, from the secondary endpoint text flag if immune-related adverse events (irAEs) were explicitly assessed.",Secondary endpoint,"[""irAE_assessed""]",sbert,column,5,0.5116515755653381,1,5,NCT02685059,31095287,GeparNuevo,"response rate by other path CR definitions (ypT0/is ypN0, ypT0/is ypN0/þ, and ypN0) and by clinical and imaging assessment; rate of breast conserving surgery and axilla lymph node dissection; efficacy in predefined subgroups according to centrally assessed sTILs [low ( 10%), intermediate (11%–59%), high ( 60%)]","{""Author"": ""Loibl S et al"", ""Cancer type"": ""Breast"", ""Class of ICI"": ""PD-L1"", ""Clincal setting in relation to surgery"": ""Neoadjuvant"", ""Clinical setting"": ""Neoadjuvant"", ""Control arm"": ""Chemo"", ""Control regimen"": ""Placebo+Nab-paclitaxel+Epirubicin+Cyclophosphamide"", ""Follow-up duration for primary endpoint(s) in months | Control"": null, ""Follow-up duration for primary endpoint(s) in months | Overall"": null, ""Follow-up duration for primary endpoint(s) in months | Rx"": null, ""Included in MA"": ""Yes"", ""Is PD-L1 positivity inclusion criteria"": ""No"", ""Is any other biomarker used for inclusion"": ""No"", ""Lines of treatment"": null, ""Monotherapy/combination"": ""Combination"", ""NCT"": ""NCT02685059"", ""Name of ICI"": ""Durvalumab"", ""Number of arms"": 2, ""Originial publication or Follow-up"": ""Original publication"", ""Priamry Multiple, composite, or co-primary endpoints?"": null, ""Primary endpoint"": ""Path CR"", ""PubMed ID"": ""31095287"", ""Secondary endpoint"": ""response rate by other path CR definitions (ypT0/is ypN0, ypT0/is ypN0/þ, and ypN0) and by clinical and imaging assessment; rate of breast conserving surgery and axilla lymph node dissection; efficacy in predefined subgroups according to centrally assessed sTILs [low ( 10%), intermediate (11%–59%), high ( 60%)]"", ""Total sample size"": 174, ""Treatment regimen"": ""Durvalumab+Nab-paclitaxel+epirubicin+cyclophosphamide"", ""Trial name"": ""GeparNuevo"", ""Trial phase"": ""Phase 2"", ""Type of combination"": ""ICI+Chemo"", ""Type of control"": ""Chemo"", ""Type of follow-up given"": null, ""Type of therapy"": ""Combination"", ""Year"": 2019, ""__rowid__"": 5}"
row_138,138,"In Breast trials, from the secondary endpoint text flag if immune-related adverse events (irAEs) were explicitly assessed.",Secondary endpoint,"[""irAE_assessed""]",sbert,column,6,0.510943591594696,0,97,NCT01896869,32591464,,Safety; toxicities; clinical and immunological responses.,"{""Author"": ""Wu AA et al"", ""Cancer type"": ""Pancreatic"", ""Class of ICI"": ""CTLA-4"", ""Clincal setting in relation to surgery"": ""Metastatic+recurrent (unresectable)"", ""Clinical setting"": ""Metastatic+recurrent (unresectable)"", ""Control arm"": ""Chemo"", ""Control regimen"": ""FOLFIRINOX"", ""Follow-up duration for primary endpoint(s) in months | Control"": null, ""Follow-up duration for primary endpoint(s) in months | Overall"": null, ""Follow-up duration for primary endpoint(s) in months | Rx"": null, ""Included in MA"": ""No"", ""Is PD-L1 positivity inclusion criteria"": ""No"", ""Is any other biomarker used for inclusion"": ""No"", ""Lines of treatment"": ""Only 2nd or later line of treatment for metastatic disease"", ""Monotherapy/combination"": ""Combination"", ""NCT"": ""NCT01896869"", ""Name of ICI"": ""Ipilimumab"", ""Number of arms"": 2, ""Originial publication or Follow-up"": ""Original publication"", ""Priamry Multiple, composite, or co-primary endpoints?"": null, ""Primary endpoint"": ""OS"", ""PubMed ID"": ""32591464"", ""Secondary endpoint"": ""Safety; toxicities; clinical and immunological responses."", ""Total sample size"": 83, ""Treatment regimen"": ""Ipilimumab+GVAX"", ""Trial name"": null, ""Trial phase"": ""Phase 2"", ""Type of combination"": ""ICI+Vaccine"", ""Type of control"": ""Chemo"", ""Type of follow-up given"": null, ""Type of therapy"": ""Combination"", ""Year"": 2020, ""__rowid__"": 97}"
row_138,138,"In Breast trials, from the secondary endpoint text flag if immune-related adverse events (irAEs) were explicitly assessed.",Secondary endpoint,"[""irAE_assessed""]",sbert,column,7,0.4992119371891022,0,19,NCT02231749,31427204,CheckMate 214,"ORR, PFS and OS in intention-to-treat population; incidence rate of adverse events among all treated patients.","{""Author"": ""Motzer RJ et al"", ""Cancer type"": ""Renal cell"", ""Class of ICI"": ""PD1, CTLA-4"", ""Clincal setting in relation to surgery"": ""Metastatic+recurrent (unresectable)"", ""Clinical setting"": ""Metastatic+recurrent (unresectable)"", ""Control arm"": ""TKI"", ""Control regimen"": ""Sunitinib"", ""Follow-up duration for primary endpoint(s) in months | Control"": null, ""Follow-up duration for primary endpoint(s) in months | Overall"": ""32.4"", ""Follow-up duration for primary endpoint(s) in months | Rx"": null, ""Included in MA"": ""Yes"", ""Is PD-L1 positivity inclusion criteria"": ""No"", ""Is any other biomarker used for inclusion"": ""No"", ""Lines of treatment"": ""Only 1st line of treatment for metastatic disease"", ""Monotherapy/combination"": ""Combination"", ""NCT"": ""NCT02231749"", ""Name of ICI"": ""Nivolumab, Ipilimumab"", ""Number of arms"": 2, ""Originial publication or Follow-up"": ""Follow-up"", ""Priamry Multiple, composite, or co-primary endpoints?"": ""Co-primary"", ""Primary endpoint"": ""OS+PFS+ORR"", ""PubMed ID"": ""31427204"", ""Secondary endpoint"": ""ORR, PFS and OS in intention-to-treat population; incidence rate of adverse events among all treated patients."", ""Total sample size"": 1096, ""Treatment regimen"": ""Nivolumab+Ipilimumab"", ""Trial name"": ""CheckMate 214"", ""Trial phase"": ""Phase 3"", ""Type of combination"": ""ICI+ICI"", ""Type of control"": ""TKI"", ""Type of follow-up given"": ""Median"", ""Type of therapy"": ""Combination"", ""Year"": 2019, ""__rowid__"": 19}"
row_138,138,"In Breast trials, from the secondary endpoint text flag if immune-related adverse events (irAEs) were explicitly assessed.",Secondary endpoint,"[""irAE_assessed""]",sbert,column,8,0.4992119371891022,0,18,NCT02231749,29562145,CheckMate 214,"ORR, PFS and OS in 
intention-to-treat population; incidence rate of adverse events among all treated patients.","{""Author"": ""Motzer RJ et al"", ""Cancer type"": ""Renal cell"", ""Class of ICI"": ""PD1, CTLA-4"", ""Clincal setting in relation to surgery"": ""Metastatic+recurrent (unresectable)"", ""Clinical setting"": ""Metastatic+recurrent (unresectable)"", ""Control arm"": ""TKI"", ""Control regimen"": ""Sunitinib"", ""Follow-up duration for primary endpoint(s) in months | Control"": null, ""Follow-up duration for primary endpoint(s) in months | Overall"": ""25.2"", ""Follow-up duration for primary endpoint(s) in months | Rx"": null, ""Included in MA"": ""Yes"", ""Is PD-L1 positivity inclusion criteria"": ""No"", ""Is any other biomarker used for inclusion"": ""No"", ""Lines of treatment"": ""Only 1st line of treatment for metastatic disease"", ""Monotherapy/combination"": ""Combination"", ""NCT"": ""NCT02231749"", ""Name of ICI"": ""Nivolumab, Ipilimumab"", ""Number of arms"": 2, ""Originial publication or Follow-up"": ""Original publication"", ""Priamry Multiple, composite, or co-primary endpoints?"": ""Co-primary"", ""Primary endpoint"": ""OS+PFS+ORR"", ""PubMed ID"": ""29562145"", ""Secondary endpoint"": ""ORR, PFS and OS in \nintention-to-treat population; incidence rate of adverse events among all treated patients."", ""Total sample size"": 1096, ""Treatment regimen"": ""Nivolumab+Ipilimumab"", ""Trial name"": ""CheckMate 214"", ""Trial phase"": ""Phase 3"", ""Type of combination"": ""ICI+ICI"", ""Type of control"": ""TKI"", ""Type of follow-up given"": ""Median"", ""Type of therapy"": ""Combination"", ""Year"": 2018, ""__rowid__"": 18}"
row_138,138,"In Breast trials, from the secondary endpoint text flag if immune-related adverse events (irAEs) were explicitly assessed.",Secondary endpoint,"[""irAE_assessed""]",sbert,column,9,0.466434121131897,0,73,NCT01843374,28729154,DETERMINE,18-month OS; disease control and durable disease control; PFS; proportion of patients achieving an objective response; duration of response;  patient-reported outcomes; pharmacokinetics; immunogenicity of tremelimumab; and safety and tolerability.,"{""Author"": ""Maio M et al"", ""Cancer type"": ""Mesothelioma"", ""Class of ICI"": ""CTLA-4"", ""Clincal setting in relation to surgery"": ""Metastatic+recurrent (unresectable)"", ""Clinical setting"": ""Metastatic+recurrent (unresectable)"", ""Control arm"": ""Placebo"", ""Control regimen"": ""Placebo"", ""Follow-up duration for primary endpoint(s) in months | Control"": null, ""Follow-up duration for primary endpoint(s) in months | Overall"": null, ""Follow-up duration for primary endpoint(s) in months | Rx"": null, ""Included in MA"": ""Yes"", ""Is PD-L1 positivity inclusion criteria"": ""No"", ""Is any other biomarker used for inclusion"": ""No"", ""Lines of treatment"": ""Only 2nd or later line of treatment for metastatic disease"", ""Monotherapy/combination"": ""Monotherapy"", ""NCT"": ""NCT01843374"", ""Name of ICI"": ""Tremelimumab"", ""Number of arms"": 2, ""Originial publication or Follow-up"": ""Original publication"", ""Priamry Multiple, composite, or co-primary endpoints?"": null, ""Primary endpoint"": ""OS"", ""PubMed ID"": ""28729154"", ""Secondary endpoint"": ""18-month OS; disease control and durable disease control; PFS; proportion of patients achieving an objective response; duration of response;  patient-reported outcomes; pharmacokinetics; immunogenicity of tremelimumab; and safety and tolerability."", ""Total sample size"": 571, ""Treatment regimen"": ""Tremelimumab"", ""Trial name"": ""DETERMINE"", ""Trial phase"": ""Phase 2"", ""Type of combination"": null, ""Type of control"": ""Placebo"", ""Type of follow-up given"": null, ""Type of therapy"": ""Monotherapy"", ""Year"": 2017, ""__rowid__"": 73}"
row_138,138,"In Breast trials, from the secondary endpoint text flag if immune-related adverse events (irAEs) were explicitly assessed.",Secondary endpoint,"[""irAE_assessed""]",sbert,column,10,0.4655088782310486,0,138,NCT03043872,33285097,CASPIAN,"PFS, ORR, OS at 18 months, PFS, safety, pharmacokinetics, immunogenicity, HRQOL","{""Author"": ""Goldman JW et al (1)"", ""Cancer type"": ""Small Cell Lung"", ""Class of ICI"": ""PD-L1"", ""Clincal setting in relation to surgery"": ""Metastatic+recurrent (unresectable)"", ""Clinical setting"": ""Metastatic+recurrent (unresectable)"", ""Control arm"": ""Chemo"", ""Control regimen"": ""Platinum+Etoposide"", ""Follow-up duration for primary endpoint(s) in months | Control"": null, ""Follow-up duration for primary endpoint(s) in months | Overall"": ""25.1"", ""Follow-up duration for primary endpoint(s) in months | Rx"": null, ""Included in MA"": null, ""Is PD-L1 positivity inclusion criteria"": ""No"", ""Is any other biomarker used for inclusion"": ""No"", ""Lines of treatment"": ""Only 1st line of treatment for metastatic disease"", ""Monotherapy/combination"": ""Combination"", ""NCT"": ""NCT03043872"", ""Name of ICI"": ""Durvalumab"", ""Number of arms"": 3, ""Originial publication or Follow-up"": ""Follow-up"", ""Priamry Multiple, composite, or co-primary endpoints?"": null, ""Primary endpoint"": ""OS"", ""PubMed ID"": ""33285097"", ""Secondary endpoint"": ""PFS, ORR, OS at 18 months, PFS, safety, pharmacokinetics, immunogenicity, HRQOL"", ""Total sample size"": 805, ""Treatment regimen"": ""Durvalumab+Etoposide+Platinum agent"", ""Trial name"": ""CASPIAN"", ""Trial phase"": ""Phase 3"", ""Type of combination"": ""ICI+Chemo"", ""Type of control"": ""Chemo"", ""Type of follow-up given"": ""Median"", ""Type of therapy"": ""Combination"", ""Year"": 2020, ""__rowid__"": 138}"
row_138,138,"In Breast trials, from the secondary endpoint text flag if immune-related adverse events (irAEs) were explicitly assessed.",Secondary endpoint,"[""irAE_assessed""]",sbert,column,11,0.4655088782310486,0,137,NCT03043872,33285097,CASPIAN,"PFS, ORR, OS at 18 months, PFS, safety, pharmacokinetics, immunogenicity, HRQOL","{""Author"": ""Goldman JW et al"", ""Cancer type"": ""Small Cell Lung"", ""Class of ICI"": ""PD-L1, CTLA-4"", ""Clincal setting in relation to surgery"": ""Metastatic+recurrent (unresectable)"", ""Clinical setting"": ""Metastatic+recurrent (unresectable)"", ""Control arm"": ""Chemo"", ""Control regimen"": ""Platinum+Etoposide"", ""Follow-up duration for primary endpoint(s) in months | Control"": null, ""Follow-up duration for primary endpoint(s) in months | Overall"": ""25.1"", ""Follow-up duration for primary endpoint(s) in months | Rx"": null, ""Included in MA"": null, ""Is PD-L1 positivity inclusion criteria"": ""No"", ""Is any other biomarker used for inclusion"": ""No"", ""Lines of treatment"": ""Only 1st line of treatment for metastatic disease"", ""Monotherapy/combination"": ""Combination"", ""NCT"": ""NCT03043872"", ""Name of ICI"": ""Durvalumab, Tremelimumab"", ""Number of arms"": 3, ""Originial publication or Follow-up"": ""Follow-up"", ""Priamry Multiple, composite, or co-primary endpoints?"": null, ""Primary endpoint"": ""OS"", ""PubMed ID"": ""33285097"", ""Secondary endpoint"": ""PFS, ORR, OS at 18 months, PFS, safety, pharmacokinetics, immunogenicity, HRQOL"", ""Total sample size"": 805, ""Treatment regimen"": ""Durvalumab+Tremelimumab+Etoposide+Platinum agent"", ""Trial name"": ""CASPIAN"", ""Trial phase"": ""Phase 3"", ""Type of combination"": ""ICI+ICI+Chemo"", ""Type of control"": ""Chemo"", ""Type of follow-up given"": ""Median"", ""Type of therapy"": ""Combination"", ""Year"": 2020, ""__rowid__"": 137}"
row_138,138,"In Breast trials, from the secondary endpoint text flag if immune-related adverse events (irAEs) were explicitly assessed.",Secondary endpoint,"[""irAE_assessed""]",sbert,column,12,0.45012232661247253,0,74,NCT02576977,31327687,KEYNOTE-183,Overall response; duration of response; disease control; safety and tolerability of both treatments; secondary PFS.,"{""Author"": ""Mateos MV et al"", ""Cancer type"": ""Multiple Myeloma"", ""Class of ICI"": ""PD1"", ""Clincal setting in relation to surgery"": null, ""Clinical setting"": null, ""Control arm"": ""Chemo"", ""Control regimen"": ""Pomalidomide+Dexamethasone"", ""Follow-up duration for primary endpoint(s) in months | Control"": null, ""Follow-up duration for primary endpoint(s) in months | Overall"": ""8.1"", ""Follow-up duration for primary endpoint(s) in months | Rx"": null, ""Included in MA"": ""No"", ""Is PD-L1 positivity inclusion criteria"": ""No"", ""Is any other biomarker used for inclusion"": ""No"", ""Lines of treatment"": ""Only 2nd or later line of treatment for metastatic disease"", ""Monotherapy/combination"": ""Combination"", ""NCT"": ""NCT02576977"", ""Name of ICI"": ""Pembrolizumab"", ""Number of arms"": 2, ""Originial publication or Follow-up"": ""Original publication"", ""Priamry Multiple, composite, or co-primary endpoints?"": ""Multiple"", ""Primary endpoint"": ""OS+PFS"", ""PubMed ID"": ""31327687"", ""Secondary endpoint"": ""Overall response; duration of response; disease control; safety and tolerability of both treatments; secondary PFS."", ""Total sample size"": 348, ""Treatment regimen"": ""Pembrolizumab+Pomalidomide+Dexamethasone"", ""Trial name"": ""KEYNOTE-183"", ""Trial phase"": ""Phase 3"", ""Type of combination"": ""ICI+Chemo"", ""Type of control"": ""Chemo"", ""Type of follow-up given"": ""Median"", ""Type of therapy"": ""Combination"", ""Year"": 2019, ""__rowid__"": 74}"
row_138,138,"In Breast trials, from the secondary endpoint text flag if immune-related adverse events (irAEs) were explicitly assessed.",Secondary endpoint,"[""irAE_assessed""]",sbert,column,13,0.44949132204055786,0,83,NCT03043872,31590988,CASPIAN,PFS; objective response; OS at 18 months; PFS at 6 and 12 months; safety; pharmacokinetics; immunogenicity; symptoms and health-related quality of life assessments.,"{""Author"": ""Paz-Ares L et al (1)"", ""Cancer type"": ""Small Cell Lung"", ""Class of ICI"": ""PD-L1, CTLA-4"", ""Clincal setting in relation to surgery"": ""Metastatic+recurrent (unresectable)"", ""Clinical setting"": ""Metastatic+recurrent (unresectable)"", ""Control arm"": ""Chemo"", ""Control regimen"": ""Platinum+Etoposide"", ""Follow-up duration for primary endpoint(s) in months | Control"": null, ""Follow-up duration for primary endpoint(s) in months | Overall"": ""14.2"", ""Follow-up duration for primary endpoint(s) in months | Rx"": null, ""Included in MA"": ""Yes"", ""Is PD-L1 positivity inclusion criteria"": ""No"", ""Is any other biomarker used for inclusion"": ""No"", ""Lines of treatment"": ""Only 1st line of treatment for metastatic disease"", ""Monotherapy/combination"": ""Combination"", ""NCT"": ""NCT03043872"", ""Name of ICI"": ""Durvalumab, Tremelimumab"", ""Number of arms"": 3, ""Originial publication or Follow-up"": ""Original publication"", ""Priamry Multiple, composite, or co-primary endpoints?"": null, ""Primary endpoint"": ""OS"", ""PubMed ID"": ""31590988"", ""Secondary endpoint"": ""PFS; objective response; OS at 18 months; PFS at 6 and 12 months; safety; pharmacokinetics; immunogenicity; symptoms and health-related quality of life assessments."", ""Total sample size"": 805, ""Treatment regimen"": ""Durvalumab+Tremelimumab+Etoposide+Platinum agent"", ""Trial name"": ""CASPIAN"", ""Trial phase"": ""Phase 3"", ""Type of combination"": ""ICI+ICI+Chemo"", ""Type of control"": ""Chemo"", ""Type of follow-up given"": ""Median"", ""Type of therapy"": ""Combination"", ""Year"": 2019, ""__rowid__"": 83}"
row_138,138,"In Breast trials, from the secondary endpoint text flag if immune-related adverse events (irAEs) were explicitly assessed.",Secondary endpoint,"[""irAE_assessed""]",sbert,column,14,0.44949132204055786,0,82,NCT03043872,31590988,CASPIAN,PFS; objective response; OS at 18 months; PFS at 6 and 12 months; safety; pharmacokinetics; immunogenicity; symptoms and health-related quality of life assessments.,"{""Author"": ""Paz-Ares L et al"", ""Cancer type"": ""Small Cell Lung"", ""Class of ICI"": ""PD-L1"", ""Clincal setting in relation to surgery"": ""Metastatic+recurrent (unresectable)"", ""Clinical setting"": ""Metastatic+recurrent (unresectable)"", ""Control arm"": ""Chemo"", ""Control regimen"": ""Platinum+Etoposide"", ""Follow-up duration for primary endpoint(s) in months | Control"": null, ""Follow-up duration for primary endpoint(s) in months | Overall"": ""14.2"", ""Follow-up duration for primary endpoint(s) in months | Rx"": null, ""Included in MA"": ""Yes"", ""Is PD-L1 positivity inclusion criteria"": ""No"", ""Is any other biomarker used for inclusion"": ""No"", ""Lines of treatment"": ""Only 1st line of treatment for metastatic disease"", ""Monotherapy/combination"": ""Combination"", ""NCT"": ""NCT03043872"", ""Name of ICI"": ""Durvalumab"", ""Number of arms"": 3, ""Originial publication or Follow-up"": ""Original publication"", ""Priamry Multiple, composite, or co-primary endpoints?"": null, ""Primary endpoint"": ""OS"", ""PubMed ID"": ""31590988"", ""Secondary endpoint"": ""PFS; objective response; OS at 18 months; PFS at 6 and 12 months; safety; pharmacokinetics; immunogenicity; symptoms and health-related quality of life assessments."", ""Total sample size"": 805, ""Treatment regimen"": ""Durvalumab+Etoposide+Platinum agent"", ""Trial name"": ""CASPIAN"", ""Trial phase"": ""Phase 3"", ""Type of combination"": ""ICI+Chemo"", ""Type of control"": ""Chemo"", ""Type of follow-up given"": ""Median"", ""Type of therapy"": ""Combination"", ""Year"": 2019, ""__rowid__"": 82}"
row_138,138,"In Breast trials, from the secondary endpoint text flag if immune-related adverse events (irAEs) were explicitly assessed.",Secondary endpoint,"[""irAE_assessed""]",sbert,column,15,0.4466507136821747,0,22,NCT02420821,31079938,IMmotion151,OS in PD-L1 positive population; PFS in the ITT population; proportion of patients who achieved an objective response; duration of response; patient-reported outcomes; safety,"{""Author"": ""Rini BI et al"", ""Cancer type"": ""Renal cell"", ""Class of ICI"": ""PD-L1"", ""Clincal setting in relation to surgery"": ""Metastatic+recurrent (unresectable)"", ""Clinical setting"": ""Metastatic+recurrent (unresectable)"", ""Control arm"": ""TKI"", ""Control regimen"": ""Sunitinib"", ""Follow-up duration for primary endpoint(s) in months | Control"": null, ""Follow-up duration for primary endpoint(s) in months | Overall"": ""24, 15"", ""Follow-up duration for primary endpoint(s) in months | Rx"": null, ""Included in MA"": ""Yes"", ""Is PD-L1 positivity inclusion criteria"": ""No"", ""Is any other biomarker used for inclusion"": ""No"", ""Lines of treatment"": ""Only 1st line of treatment for metastatic disease"", ""Monotherapy/combination"": ""Combination"", ""NCT"": ""NCT02420821"", ""Name of ICI"": ""Atezolizumab"", ""Number of arms"": 2, ""Originial publication or Follow-up"": ""Original publication"", ""Priamry Multiple, composite, or co-primary endpoints?"": ""Co-primary"", ""Primary endpoint"": ""OS+PFS"", ""PubMed ID"": ""31079938"", ""Secondary endpoint"": ""OS in PD-L1 positive population; PFS in the ITT population; proportion of patients who achieved an objective response; duration of response; patient-reported outcomes; safety"", ""Total sample size"": 915, ""Treatment regimen"": ""Atezolizumab+Bevacizumab"", ""Trial name"": ""IMmotion151"", ""Trial phase"": ""Phase 3"", ""Type of combination"": ""ICI+Anti-VEGF"", ""Type of control"": ""TKI"", ""Type of follow-up given"": ""Median"", ""Type of therapy"": ""Combination"", ""Year"": 2019, ""__rowid__"": 22}"
row_138,138,"In Breast trials, from the secondary endpoint text flag if immune-related adverse events (irAEs) were explicitly assessed.",Secondary endpoint,"[""irAE_assessed""]",sbert,column,16,0.4430429935455322,0,118,NCT00094653,23942774,MDX010-20,"DOS, responses, and safety among patients with ≥2 years’ survival.","{""Author"": ""McDermott D et al (1)"", ""Cancer type"": ""Melanoma"", ""Class of ICI"": ""CTLA-4"", ""Clincal setting in relation to surgery"": ""Metastatic+recurrent (unresectable)"", ""Clinical setting"": ""Metastatic+recurrent (unresectable)"", ""Control arm"": ""Vaccine"", ""Control regimen"": ""Gp100 vaccine"", ""Follow-up duration for primary endpoint(s) in months | Control"": ""24"", ""Follow-up duration for primary endpoint(s) in months | Overall"": null, ""Follow-up duration for primary endpoint(s) in months | Rx"": ""24"", ""Included in MA"": ""No"", ""Is PD-L1 positivity inclusion criteria"": ""No"", ""Is any other biomarker used for inclusion"": ""Yes"", ""Lines of treatment"": ""Only 2nd or later line of treatment for metastatic disease"", ""Monotherapy/combination"": ""Combination"", ""NCT"": ""NCT00094653"", ""Name of ICI"": ""Ipilimumab"", ""Number of arms"": 3, ""Originial publication or Follow-up"": ""Follow-up"", ""Priamry Multiple, composite, or co-primary endpoints?"": null, ""Primary endpoint"": ""OS"", ""PubMed ID"": ""23942774"", ""Secondary endpoint"": ""DOS, responses, and safety among patients with ≥2 years’ survival."", ""Total sample size"": 676, ""Treatment regimen"": ""Ipilimumab+Gp100 Vaccine"", ""Trial name"": ""MDX010-20"", ""Trial phase"": ""Phase 3"", ""Type of combination"": ""ICI+Vaccine"", ""Type of control"": ""Vaccine"", ""Type of follow-up given"": ""Minimum"", ""Type of therapy"": ""Combination"", ""Year"": 2013, ""__rowid__"": 118}"
row_138,138,"In Breast trials, from the secondary endpoint text flag if immune-related adverse events (irAEs) were explicitly assessed.",Secondary endpoint,"[""irAE_assessed""]",sbert,column,17,0.4430429935455322,0,117,NCT00094653,23942774,MDX010-20,"DOS, responses, and safety among patients with ≥2 years’ survival.","{""Author"": ""McDermott D et al"", ""Cancer type"": ""Melanoma"", ""Class of ICI"": ""CTLA-4"", ""Clincal setting in relation to surgery"": ""Metastatic+recurrent (unresectable)"", ""Clinical setting"": ""Metastatic+recurrent (unresectable)"", ""Control arm"": ""Vaccine"", ""Control regimen"": ""Gp100 vaccine"", ""Follow-up duration for primary endpoint(s) in months | Control"": ""24"", ""Follow-up duration for primary endpoint(s) in months | Overall"": null, ""Follow-up duration for primary endpoint(s) in months | Rx"": ""24"", ""Included in MA"": ""No"", ""Is PD-L1 positivity inclusion criteria"": ""No"", ""Is any other biomarker used for inclusion"": ""Yes"", ""Lines of treatment"": ""Only 2nd or later line of treatment for metastatic disease"", ""Monotherapy/combination"": ""Monotherapy"", ""NCT"": ""NCT00094653"", ""Name of ICI"": ""Ipilimumab"", ""Number of arms"": 3, ""Originial publication or Follow-up"": ""Follow-up"", ""Priamry Multiple, composite, or co-primary endpoints?"": null, ""Primary endpoint"": ""OS"", ""PubMed ID"": ""23942774"", ""Secondary endpoint"": ""DOS, responses, and safety among patients with ≥2 years’ survival."", ""Total sample size"": 676, ""Treatment regimen"": ""Ipilimumab"", ""Trial name"": ""MDX010-20"", ""Trial phase"": ""Phase 3"", ""Type of combination"": null, ""Type of control"": ""Vaccine"", ""Type of follow-up given"": ""Minimum"", ""Type of therapy"": ""Monotherapy"", ""Year"": 2013, ""__rowid__"": 117}"
row_138,138,"In Breast trials, from the secondary endpoint text flag if immune-related adverse events (irAEs) were explicitly assessed.",Secondary endpoint,"[""irAE_assessed""]",sbert,column,18,0.44193965196609497,0,17,NCT01984242,29867230,IMmotion150,"Investigator-assessed PFS; ORR; 
DOR; OS; patient-reported outcomes; safety.","{""Author"": ""McDermott DF et al (1)"", ""Cancer type"": ""Renal cell"", ""Class of ICI"": ""PD-L1"", ""Clincal setting in relation to surgery"": ""Metastatic+recurrent (unresectable)"", ""Clinical setting"": ""Metastatic+recurrent (unresectable)"", ""Control arm"": ""TKI"", ""Control regimen"": ""Sunitinib"", ""Follow-up duration for primary endpoint(s) in months | Control"": null, ""Follow-up duration for primary endpoint(s) in months | Overall"": ""20.7"", ""Follow-up duration for primary endpoint(s) in months | Rx"": null, ""Included in MA"": ""No"", ""Is PD-L1 positivity inclusion criteria"": ""No"", ""Is any other biomarker used for inclusion"": ""No"", ""Lines of treatment"": ""Only 1st line of treatment for metastatic disease"", ""Monotherapy/combination"": ""Combination"", ""NCT"": ""NCT01984242"", ""Name of ICI"": ""Atezolizumab"", ""Number of arms"": 3, ""Originial publication or Follow-up"": ""Original publication"", ""Priamry Multiple, composite, or co-primary endpoints?"": null, ""Primary endpoint"": ""PFS"", ""PubMed ID"": ""29867230"", ""Secondary endpoint"": ""Investigator-assessed PFS; ORR; \nDOR; OS; patient-reported outcomes; safety."", ""Total sample size"": 305, ""Treatment regimen"": ""Atezolizumab+Bevacizumab"", ""Trial name"": ""IMmotion150"", ""Trial phase"": ""Phase 2"", ""Type of combination"": ""ICI+Chemo"", ""Type of control"": ""TKI"", ""Type of follow-up given"": ""Median"", ""Type of therapy"": ""Combination"", ""Year"": 2018, ""__rowid__"": 17}"
row_138,138,"In Breast trials, from the secondary endpoint text flag if immune-related adverse events (irAEs) were explicitly assessed.",Secondary endpoint,"[""irAE_assessed""]",sbert,column,19,0.44193965196609497,0,16,NCT01984242,29867230,IMmotion150,"Investigator-assessed PFS; ORR; 
DOR; OS; patient-reported outcomes; safety.","{""Author"": ""McDermott DF et al"", ""Cancer type"": ""Renal cell"", ""Class of ICI"": ""PD-L1"", ""Clincal setting in relation to surgery"": ""Metastatic+recurrent (unresectable)"", ""Clinical setting"": ""Metastatic+recurrent (unresectable)"", ""Control arm"": ""TKI"", ""Control regimen"": ""Sunitinib"", ""Follow-up duration for primary endpoint(s) in months | Control"": null, ""Follow-up duration for primary endpoint(s) in months | Overall"": ""20.7"", ""Follow-up duration for primary endpoint(s) in months | Rx"": null, ""Included in MA"": ""No"", ""Is PD-L1 positivity inclusion criteria"": ""No"", ""Is any other biomarker used for inclusion"": ""No"", ""Lines of treatment"": ""Only 1st line of treatment for metastatic disease"", ""Monotherapy/combination"": ""Monotherapy"", ""NCT"": ""NCT01984242"", ""Name of ICI"": ""Atezolizumab"", ""Number of arms"": 3, ""Originial publication or Follow-up"": ""Original publication"", ""Priamry Multiple, composite, or co-primary endpoints?"": null, ""Primary endpoint"": ""PFS"", ""PubMed ID"": ""29867230"", ""Secondary endpoint"": ""Investigator-assessed PFS; ORR; \nDOR; OS; patient-reported outcomes; safety."", ""Total sample size"": 305, ""Treatment regimen"": ""Atezolizumab"", ""Trial name"": ""IMmotion150"", ""Trial phase"": ""Phase 2"", ""Type of combination"": null, ""Type of control"": ""TKI"", ""Type of follow-up given"": ""Median"", ""Type of therapy"": ""Monotherapy"", ""Year"": 2018, ""__rowid__"": 16}"
row_138,138,"In Breast trials, from the secondary endpoint text flag if immune-related adverse events (irAEs) were explicitly assessed.",Secondary endpoint,"[""irAE_assessed""]",sbert,column,20,0.4398561716079712,0,87,NCT02763579,31959349,IMpower133,Patient-reported outcomes,"{""Author"": ""Mansfield AS et al"", ""Cancer type"": ""Small Cell Lung"", ""Class of ICI"": ""PD-L1"", ""Clincal setting in relation to surgery"": ""Metastatic+recurrent (unresectable)"", ""Clinical setting"": ""Metastatic+recurrent (unresectable)"", ""Control arm"": ""Chemo"", ""Control regimen"": ""Placebo+Carboplatin+Etoposide"", ""Follow-up duration for primary endpoint(s) in months | Control"": null, ""Follow-up duration for primary endpoint(s) in months | Overall"": null, ""Follow-up duration for primary endpoint(s) in months | Rx"": null, ""Included in MA"": ""No"", ""Is PD-L1 positivity inclusion criteria"": ""No"", ""Is any other biomarker used for inclusion"": ""No"", ""Lines of treatment"": ""Only 1st line of treatment for metastatic disease"", ""Monotherapy/combination"": ""Combination"", ""NCT"": ""NCT02763579"", ""Name of ICI"": ""Atezolizumab"", ""Number of arms"": 2, ""Originial publication or Follow-up"": ""Follow-up"", ""Priamry Multiple, composite, or co-primary endpoints?"": ""Multiple"", ""Primary endpoint"": ""OS+PFS"", ""PubMed ID"": ""31959349"", ""Secondary endpoint"": ""Patient-reported outcomes"", ""Total sample size"": 403, ""Treatment regimen"": ""Atezolizumab+Carboplatin+Etoposide"", ""Trial name"": ""IMpower133"", ""Trial phase"": ""Phase 3"", ""Type of combination"": ""ICI+Chemo"", ""Type of control"": ""Chemo"", ""Type of follow-up given"": null, ""Type of therapy"": ""Combination"", ""Year"": 2020, ""__rowid__"": 87}"
row_138,138,"In Breast trials, from the secondary endpoint text flag if immune-related adverse events (irAEs) were explicitly assessed.",Secondary endpoint,"[""irAE_assessed""]",sbert,row,1,0.5034936666488647,1,130,NCT02924883,33002436,KATE2,"OS, ORR, DOR","{""Author"": ""Emens LA et al"", ""Cancer type"": ""Breast"", ""Class of ICI"": ""PD-L1"", ""Clincal setting in relation to surgery"": ""Metastatic+recurrent (unresectable)"", ""Clinical setting"": ""Metastatic+recurrent (unresectable)"", ""Control arm"": ""HER2i"", ""Control regimen"": ""Trastuzumab emtansine+placebo"", ""Follow-up duration for primary endpoint(s) in months | Control"": ""8.4"", ""Follow-up duration for primary endpoint(s) in months | Overall"": null, ""Follow-up duration for primary endpoint(s) in months | Rx"": ""8.5"", ""Included in MA"": null, ""Is PD-L1 positivity inclusion criteria"": ""No"", ""Is any other biomarker used for inclusion"": ""Yes"", ""Lines of treatment"": ""1st and later line of treatment for metastatic disease"", ""Monotherapy/combination"": ""Combination"", ""NCT"": ""NCT02924883"", ""Name of ICI"": ""Atezolizumab+Trastuzumab emtansine+Placebo"", ""Number of arms"": 2, ""Originial publication or Follow-up"": ""Original publication"", ""Priamry Multiple, composite, or co-primary endpoints?"": null, ""Primary endpoint"": ""PFS"", ""PubMed ID"": ""33002436"", ""Secondary endpoint"": ""OS, ORR, DOR"", ""Total sample size"": 202, ""Treatment regimen"": ""Atezolizumab"", ""Trial name"": ""KATE2"", ""Trial phase"": ""Phase 2"", ""Type of combination"": ""ICI+HER2i"", ""Type of control"": ""HER2i"", ""Type of follow-up given"": ""Median"", ""Type of therapy"": ""Combination"", ""Year"": 2020, ""__rowid__"": 130}"
row_138,138,"In Breast trials, from the secondary endpoint text flag if immune-related adverse events (irAEs) were explicitly assessed.",Secondary endpoint,"[""irAE_assessed""]",sbert,row,2,0.49825519323349,1,151,NCT02299999,33462450,SAFIR02-BREAST IMMUNO,OS,"{""Author"": ""Bachelot T et al"", ""Cancer type"": ""Breast"", ""Class of ICI"": ""PD-L1"", ""Clincal setting in relation to surgery"": ""Maintenance"", ""Clinical setting"": ""Maintenance"", ""Control arm"": ""Chemo"", ""Control regimen"": ""Chemotherapy"", ""Follow-up duration for primary endpoint(s) in months | Control"": null, ""Follow-up duration for primary endpoint(s) in months | Overall"": ""19.7"", ""Follow-up duration for primary endpoint(s) in months | Rx"": null, ""Included in MA"": null, ""Is PD-L1 positivity inclusion criteria"": ""No"", ""Is any other biomarker used for inclusion"": ""Yes"", ""Lines of treatment"": ""Only 2nd or later line of treatment for metastatic disease"", ""Monotherapy/combination"": ""Monotherapy"", ""NCT"": ""NCT02299999"", ""Name of ICI"": ""Durvalumab"", ""Number of arms"": 2, ""Originial publication or Follow-up"": ""Original publication"", ""Priamry Multiple, composite, or co-primary endpoints?"": null, ""Primary endpoint"": ""PFS"", ""PubMed ID"": ""33462450"", ""Secondary endpoint"": ""OS"", ""Total sample size"": 199, ""Treatment regimen"": ""Durvalumab"", ""Trial name"": ""SAFIR02-BREAST IMMUNO"", ""Trial phase"": ""Phase 2"", ""Type of combination"": null, ""Type of control"": ""Chemo"", ""Type of follow-up given"": ""Median"", ""Type of therapy"": ""Monotherapy"", ""Year"": 2021, ""__rowid__"": 151}"
row_138,138,"In Breast trials, from the secondary endpoint text flag if immune-related adverse events (irAEs) were explicitly assessed.",Secondary endpoint,"[""irAE_assessed""]",sbert,row,3,0.47183704376220703,1,119,NCT03051659,32880602,,"PFS per irRECIST, ORR, OS, DoR, clinical benefit rate, safety, tolerability","{""Author"": ""Tolaney SM et al"", ""Cancer type"": ""Breast"", ""Class of ICI"": ""PD1"", ""Clincal setting in relation to surgery"": ""Metastatic+recurrent (unresectable)"", ""Clinical setting"": ""Metastatic+recurrent (unresectable)"", ""Control arm"": ""Chemo"", ""Control regimen"": ""Eribulin"", ""Follow-up duration for primary endpoint(s) in months | Control"": null, ""Follow-up duration for primary endpoint(s) in months | Overall"": ""10.5"", ""Follow-up duration for primary endpoint(s) in months | Rx"": null, ""Included in MA"": null, ""Is PD-L1 positivity inclusion criteria"": ""No"", ""Is any other biomarker used for inclusion"": ""Yes"", ""Lines of treatment"": ""Only 2nd or later line of treatment for metastatic disease"", ""Monotherapy/combination"": ""Combination"", ""NCT"": ""NCT03051659"", ""Name of ICI"": ""Pembrolizumab"", ""Number of arms"": 2, ""Originial publication or Follow-up"": ""Original publication"", ""Priamry Multiple, composite, or co-primary endpoints?"": null, ""Primary endpoint"": ""PFS"", ""PubMed ID"": ""32880602"", ""Secondary endpoint"": ""PFS per irRECIST, ORR, OS, DoR, clinical benefit rate, safety, tolerability"", ""Total sample size"": 90, ""Treatment regimen"": ""Pembrolizumab+Eribulin"", ""Trial name"": null, ""Trial phase"": ""Phase 2"", ""Type of combination"": ""ICI+Chemo"", ""Type of control"": ""Chemo"", ""Type of follow-up given"": ""Median"", ""Type of therapy"": ""Combination"", ""Year"": 2020, ""__rowid__"": 119}"
row_138,138,"In Breast trials, from the secondary endpoint text flag if immune-related adverse events (irAEs) were explicitly assessed.",Secondary endpoint,"[""irAE_assessed""]",sbert,row,4,0.4599221348762512,0,60,NCT00094653,20525992,MDX010-20,Comparison of OS between ipilimumab-alone and gp100-alone groups and between the two ipilimumab groups; best ORR; duration of response; PFS.,"{""Author"": ""Hodi FS et al (1)"", ""Cancer type"": ""Melanoma"", ""Class of ICI"": ""CTLA-4"", ""Clincal setting in relation to surgery"": ""Metastatic+recurrent (unresectable)"", ""Clinical setting"": ""Metastatic+recurrent (unresectable)"", ""Control arm"": ""Vaccine"", ""Control regimen"": ""Gp100 vaccine"", ""Follow-up duration for primary endpoint(s) in months | Control"": ""17.2"", ""Follow-up duration for primary endpoint(s) in months | Overall"": null, ""Follow-up duration for primary endpoint(s) in months | Rx"": ""21"", ""Included in MA"": ""Yes"", ""Is PD-L1 positivity inclusion criteria"": ""No"", ""Is any other biomarker used for inclusion"": ""Yes"", ""Lines of treatment"": ""Only 2nd or later line of treatment for metastatic disease"", ""Monotherapy/combination"": ""Combination"", ""NCT"": ""NCT00094653"", ""Name of ICI"": ""Ipilimumab"", ""Number of arms"": 3, ""Originial publication or Follow-up"": ""Original publication"", ""Priamry Multiple, composite, or co-primary endpoints?"": null, ""Primary endpoint"": ""OS"", ""PubMed ID"": ""20525992"", ""Secondary endpoint"": ""Comparison of OS between ipilimumab-alone and gp100-alone groups and between the two ipilimumab groups; best ORR; duration of response; PFS."", ""Total sample size"": 676, ""Treatment regimen"": ""Ipilimumab+Gp100 Vaccine"", ""Trial name"": ""MDX010-20"", ""Trial phase"": ""Phase 3"", ""Type of combination"": ""ICI+Vaccine"", ""Type of control"": ""Vaccine"", ""Type of follow-up given"": ""Median"", ""Type of therapy"": ""Combination"", ""Year"": 2010, ""__rowid__"": 60}"
row_138,138,"In Breast trials, from the secondary endpoint text flag if immune-related adverse events (irAEs) were explicitly assessed.",Secondary endpoint,"[""irAE_assessed""]",sbert,row,5,0.4597564935684204,0,158,NCT02743494,33789008,CheckMate 577,"OS; survival at 1, 2 and 3 y","{""Author"": ""Kelly RJ"", ""Cancer type"": null, ""Class of ICI"": ""PD1"", ""Clincal setting in relation to surgery"": ""Adjuvant"", ""Clinical setting"": ""Adjuvant"", ""Control arm"": ""Placebo"", ""Control regimen"": ""Placebo"", ""Follow-up duration for primary endpoint(s) in months | Control"": null, ""Follow-up duration for primary endpoint(s) in months | Overall"": ""24.4"", ""Follow-up duration for primary endpoint(s) in months | Rx"": null, ""Included in MA"": null, ""Is PD-L1 positivity inclusion criteria"": ""No"", ""Is any other biomarker used for inclusion"": ""No"", ""Lines of treatment"": null, ""Monotherapy/combination"": ""Monotherapy"", ""NCT"": ""NCT02743494"", ""Name of ICI"": ""Nivolumab"", ""Number of arms"": 2, ""Originial publication or Follow-up"": ""Original publication"", ""Priamry Multiple, composite, or co-primary endpoints?"": null, ""Primary endpoint"": ""DFS"", ""PubMed ID"": ""33789008"", ""Secondary endpoint"": ""OS; survival at 1, 2 and 3 y"", ""Total sample size"": null, ""Treatment regimen"": ""Nivolumab"", ""Trial name"": ""CheckMate 577"", ""Trial phase"": ""Phase 3"", ""Type of combination"": null, ""Type of control"": ""Placebo"", ""Type of follow-up given"": ""Median"", ""Type of therapy"": ""Monotherapy"", ""Year"": 2021, ""__rowid__"": 158}"
row_138,138,"In Breast trials, from the secondary endpoint text flag if immune-related adverse events (irAEs) were explicitly assessed.",Secondary endpoint,"[""irAE_assessed""]",sbert,row,6,0.4584783911705017,0,117,NCT00094653,23942774,MDX010-20,"DOS, responses, and safety among patients with ≥2 years’ survival.","{""Author"": ""McDermott D et al"", ""Cancer type"": ""Melanoma"", ""Class of ICI"": ""CTLA-4"", ""Clincal setting in relation to surgery"": ""Metastatic+recurrent (unresectable)"", ""Clinical setting"": ""Metastatic+recurrent (unresectable)"", ""Control arm"": ""Vaccine"", ""Control regimen"": ""Gp100 vaccine"", ""Follow-up duration for primary endpoint(s) in months | Control"": ""24"", ""Follow-up duration for primary endpoint(s) in months | Overall"": null, ""Follow-up duration for primary endpoint(s) in months | Rx"": ""24"", ""Included in MA"": ""No"", ""Is PD-L1 positivity inclusion criteria"": ""No"", ""Is any other biomarker used for inclusion"": ""Yes"", ""Lines of treatment"": ""Only 2nd or later line of treatment for metastatic disease"", ""Monotherapy/combination"": ""Monotherapy"", ""NCT"": ""NCT00094653"", ""Name of ICI"": ""Ipilimumab"", ""Number of arms"": 3, ""Originial publication or Follow-up"": ""Follow-up"", ""Priamry Multiple, composite, or co-primary endpoints?"": null, ""Primary endpoint"": ""OS"", ""PubMed ID"": ""23942774"", ""Secondary endpoint"": ""DOS, responses, and safety among patients with ≥2 years’ survival."", ""Total sample size"": 676, ""Treatment regimen"": ""Ipilimumab"", ""Trial name"": ""MDX010-20"", ""Trial phase"": ""Phase 3"", ""Type of combination"": null, ""Type of control"": ""Vaccine"", ""Type of follow-up given"": ""Minimum"", ""Type of therapy"": ""Monotherapy"", ""Year"": 2013, ""__rowid__"": 117}"
row_138,138,"In Breast trials, from the secondary endpoint text flag if immune-related adverse events (irAEs) were explicitly assessed.",Secondary endpoint,"[""irAE_assessed""]",sbert,row,7,0.4575291574001312,0,59,NCT00094653,20525992,MDX010-20,Comparison of OS between ipilimumab-alone and gp100-alone groups and between the two ipilimumab groups; best ORR; duration of response; PFS.,"{""Author"": ""Hodi FS et al"", ""Cancer type"": ""Melanoma"", ""Class of ICI"": ""CTLA-4"", ""Clincal setting in relation to surgery"": ""Metastatic+recurrent (unresectable)"", ""Clinical setting"": ""Metastatic+recurrent (unresectable)"", ""Control arm"": ""Vaccine"", ""Control regimen"": ""Gp100 vaccine"", ""Follow-up duration for primary endpoint(s) in months | Control"": ""17.2"", ""Follow-up duration for primary endpoint(s) in months | Overall"": null, ""Follow-up duration for primary endpoint(s) in months | Rx"": ""27.8"", ""Included in MA"": ""Yes"", ""Is PD-L1 positivity inclusion criteria"": ""No"", ""Is any other biomarker used for inclusion"": ""Yes"", ""Lines of treatment"": ""Only 2nd or later line of treatment for metastatic disease"", ""Monotherapy/combination"": ""Monotherapy"", ""NCT"": ""NCT00094653"", ""Name of ICI"": ""Ipilimumab"", ""Number of arms"": 3, ""Originial publication or Follow-up"": ""Original publication"", ""Priamry Multiple, composite, or co-primary endpoints?"": null, ""Primary endpoint"": ""OS"", ""PubMed ID"": ""20525992"", ""Secondary endpoint"": ""Comparison of OS between ipilimumab-alone and gp100-alone groups and between the two ipilimumab groups; best ORR; duration of response; PFS."", ""Total sample size"": 676, ""Treatment regimen"": ""Ipilimumab"", ""Trial name"": ""MDX010-20"", ""Trial phase"": ""Phase 3"", ""Type of combination"": null, ""Type of control"": ""Vaccine"", ""Type of follow-up given"": ""Median"", ""Type of therapy"": ""Monotherapy"", ""Year"": 2010, ""__rowid__"": 59}"
row_138,138,"In Breast trials, from the secondary endpoint text flag if immune-related adverse events (irAEs) were explicitly assessed.",Secondary endpoint,"[""irAE_assessed""]",sbert,row,8,0.45378533005714417,0,118,NCT00094653,23942774,MDX010-20,"DOS, responses, and safety among patients with ≥2 years’ survival.","{""Author"": ""McDermott D et al (1)"", ""Cancer type"": ""Melanoma"", ""Class of ICI"": ""CTLA-4"", ""Clincal setting in relation to surgery"": ""Metastatic+recurrent (unresectable)"", ""Clinical setting"": ""Metastatic+recurrent (unresectable)"", ""Control arm"": ""Vaccine"", ""Control regimen"": ""Gp100 vaccine"", ""Follow-up duration for primary endpoint(s) in months | Control"": ""24"", ""Follow-up duration for primary endpoint(s) in months | Overall"": null, ""Follow-up duration for primary endpoint(s) in months | Rx"": ""24"", ""Included in MA"": ""No"", ""Is PD-L1 positivity inclusion criteria"": ""No"", ""Is any other biomarker used for inclusion"": ""Yes"", ""Lines of treatment"": ""Only 2nd or later line of treatment for metastatic disease"", ""Monotherapy/combination"": ""Combination"", ""NCT"": ""NCT00094653"", ""Name of ICI"": ""Ipilimumab"", ""Number of arms"": 3, ""Originial publication or Follow-up"": ""Follow-up"", ""Priamry Multiple, composite, or co-primary endpoints?"": null, ""Primary endpoint"": ""OS"", ""PubMed ID"": ""23942774"", ""Secondary endpoint"": ""DOS, responses, and safety among patients with ≥2 years’ survival."", ""Total sample size"": 676, ""Treatment regimen"": ""Ipilimumab+Gp100 Vaccine"", ""Trial name"": ""MDX010-20"", ""Trial phase"": ""Phase 3"", ""Type of combination"": ""ICI+Vaccine"", ""Type of control"": ""Vaccine"", ""Type of follow-up given"": ""Minimum"", ""Type of therapy"": ""Combination"", ""Year"": 2013, ""__rowid__"": 118}"
row_138,138,"In Breast trials, from the secondary endpoint text flag if immune-related adverse events (irAEs) were explicitly assessed.",Secondary endpoint,"[""irAE_assessed""]",sbert,row,9,0.4474508464336395,1,5,NCT02685059,31095287,GeparNuevo,"response rate by other path CR definitions (ypT0/is ypN0, ypT0/is ypN0/þ, and ypN0) and by clinical and imaging assessment; rate of breast conserving surgery and axilla lymph node dissection; efficacy in predefined subgroups according to centrally assessed sTILs [low ( 10%), intermediate (11%–59%), high ( 60%)]","{""Author"": ""Loibl S et al"", ""Cancer type"": ""Breast"", ""Class of ICI"": ""PD-L1"", ""Clincal setting in relation to surgery"": ""Neoadjuvant"", ""Clinical setting"": ""Neoadjuvant"", ""Control arm"": ""Chemo"", ""Control regimen"": ""Placebo+Nab-paclitaxel+Epirubicin+Cyclophosphamide"", ""Follow-up duration for primary endpoint(s) in months | Control"": null, ""Follow-up duration for primary endpoint(s) in months | Overall"": null, ""Follow-up duration for primary endpoint(s) in months | Rx"": null, ""Included in MA"": ""Yes"", ""Is PD-L1 positivity inclusion criteria"": ""No"", ""Is any other biomarker used for inclusion"": ""No"", ""Lines of treatment"": null, ""Monotherapy/combination"": ""Combination"", ""NCT"": ""NCT02685059"", ""Name of ICI"": ""Durvalumab"", ""Number of arms"": 2, ""Originial publication or Follow-up"": ""Original publication"", ""Priamry Multiple, composite, or co-primary endpoints?"": null, ""Primary endpoint"": ""Path CR"", ""PubMed ID"": ""31095287"", ""Secondary endpoint"": ""response rate by other path CR definitions (ypT0/is ypN0, ypT0/is ypN0/þ, and ypN0) and by clinical and imaging assessment; rate of breast conserving surgery and axilla lymph node dissection; efficacy in predefined subgroups according to centrally assessed sTILs [low ( 10%), intermediate (11%–59%), high ( 60%)]"", ""Total sample size"": 174, ""Treatment regimen"": ""Durvalumab+Nab-paclitaxel+epirubicin+cyclophosphamide"", ""Trial name"": ""GeparNuevo"", ""Trial phase"": ""Phase 2"", ""Type of combination"": ""ICI+Chemo"", ""Type of control"": ""Chemo"", ""Type of follow-up given"": null, ""Type of therapy"": ""Combination"", ""Year"": 2019, ""__rowid__"": 5}"
row_138,138,"In Breast trials, from the secondary endpoint text flag if immune-related adverse events (irAEs) were explicitly assessed.",Secondary endpoint,"[""irAE_assessed""]",sbert,row,10,0.44606512784957886,1,154,NCT02555657,33676601,Keynote-119,PFS; ORR; DCR; DoR; safety,"{""Author"": ""Winer PE et al"", ""Cancer type"": ""Breast"", ""Class of ICI"": ""PD1"", ""Clincal setting in relation to surgery"": ""Metastatic+recurrent (unresectable)"", ""Clinical setting"": ""Metastatic+recurrent (unresectable)"", ""Control arm"": ""Chemo"", ""Control regimen"": ""Chemotherapy"", ""Follow-up duration for primary endpoint(s) in months | Control"": null, ""Follow-up duration for primary endpoint(s) in months | Overall"": ""31.4"", ""Follow-up duration for primary endpoint(s) in months | Rx"": ""31.5"", ""Included in MA"": null, ""Is PD-L1 positivity inclusion criteria"": ""No"", ""Is any other biomarker used for inclusion"": ""Yes"", ""Lines of treatment"": ""Only 2nd or later line of treatment for metastatic disease"", ""Monotherapy/combination"": ""Monotherapy"", ""NCT"": ""NCT02555657"", ""Name of ICI"": ""Chemotherapy"", ""Number of arms"": 2, ""Originial publication or Follow-up"": ""Original publication"", ""Priamry Multiple, composite, or co-primary endpoints?"": null, ""Primary endpoint"": ""OS"", ""PubMed ID"": ""33676601"", ""Secondary endpoint"": ""PFS; ORR; DCR; DoR; safety"", ""Total sample size"": 622, ""Treatment regimen"": ""Pembrolizumab"", ""Trial name"": ""Keynote-119"", ""Trial phase"": ""Phase 3"", ""Type of combination"": null, ""Type of control"": ""Chemo"", ""Type of follow-up given"": ""Median"", ""Type of therapy"": ""Monotherapy"", ""Year"": 2021, ""__rowid__"": 154}"
row_138,138,"In Breast trials, from the secondary endpoint text flag if immune-related adverse events (irAEs) were explicitly assessed.",Secondary endpoint,"[""irAE_assessed""]",sbert,row,11,0.4412502646446228,1,125,NCT03197935,32966830,IMpassion031,"OS, Event free survival , disease free survival","{""Author"": ""Mittendorf EA et al"", ""Cancer type"": ""Breast"", ""Class of ICI"": ""PD-L1"", ""Clincal setting in relation to surgery"": ""Neoadjuvant"", ""Clinical setting"": ""Neoadjuvant"", ""Control arm"": ""Chemo"", ""Control regimen"": ""Placebo+Nab-paclitaxel+Doxorubicin+Cyclophosphamide+Filgrastim/Pegfilgrastim"", ""Follow-up duration for primary endpoint(s) in months | Control"": ""19.8"", ""Follow-up duration for primary endpoint(s) in months | Overall"": null, ""Follow-up duration for primary endpoint(s) in months | Rx"": ""20.6"", ""Included in MA"": null, ""Is PD-L1 positivity inclusion criteria"": ""No"", ""Is any other biomarker used for inclusion"": ""Yes"", ""Lines of treatment"": ""Only 1st line of treatment for metastatic disease"", ""Monotherapy/combination"": ""Combination"", ""NCT"": ""NCT03197935"", ""Name of ICI"": ""Atezolizumab"", ""Number of arms"": 2, ""Originial publication or Follow-up"": ""Original publication"", ""Priamry Multiple, composite, or co-primary endpoints?"": ""Co-primary"", ""Primary endpoint"": ""Path CR in ITT+Path CR in PD-L1+"", ""PubMed ID"": ""32966830"", ""Secondary endpoint"": ""OS, Event free survival , disease free survival"", ""Total sample size"": 333, ""Treatment regimen"": ""Atezolizumab+Nab-paclitaxel+Doxorubicin+Cyclophosphamide+Filgrastim/Pegfilgrastim"", ""Trial name"": ""IMpassion031"", ""Trial phase"": ""Phase 3"", ""Type of combination"": ""ICI+Chemo"", ""Type of control"": ""Chemo"", ""Type of follow-up given"": ""Median"", ""Type of therapy"": ""Combination"", ""Year"": 2020, ""__rowid__"": 125}"
row_138,138,"In Breast trials, from the secondary endpoint text flag if immune-related adverse events (irAEs) were explicitly assessed.",Secondary endpoint,"[""irAE_assessed""]",sbert,row,12,0.43981388211250305,0,150,NCT02538666,33683919,CheckMate 451,OS in Arm 2 vs Arm 3; PFS,"{""Author"": ""Owonikoko TK et al"", ""Cancer type"": ""Small Cell Lung"", ""Class of ICI"": ""PD1"", ""Clincal setting in relation to surgery"": ""Maintenance"", ""Clinical setting"": ""Maintenance"", ""Control arm"": ""Placebo"", ""Control regimen"": ""Placebo"", ""Follow-up duration for primary endpoint(s) in months | Control"": ""9.1"", ""Follow-up duration for primary endpoint(s) in months | Overall"": null, ""Follow-up duration for primary endpoint(s) in months | Rx"": ""9.9"", ""Included in MA"": null, ""Is PD-L1 positivity inclusion criteria"": ""No"", ""Is any other biomarker used for inclusion"": ""No"", ""Lines of treatment"": ""Only 1st line of treatment for metastatic disease"", ""Monotherapy/combination"": ""Monotherapy"", ""NCT"": ""NCT02538666"", ""Name of ICI"": ""Nivolumab"", ""Number of arms"": 3, ""Originial publication or Follow-up"": ""Original publication"", ""Priamry Multiple, composite, or co-primary endpoints?"": null, ""Primary endpoint"": null, ""PubMed ID"": ""33683919"", ""Secondary endpoint"": ""OS in Arm 2 vs Arm 3; PFS"", ""Total sample size"": 834, ""Treatment regimen"": ""Nivolumab"", ""Trial name"": ""CheckMate 451"", ""Trial phase"": ""Phase 3"", ""Type of combination"": null, ""Type of control"": ""Placebo"", ""Type of follow-up given"": ""Median"", ""Type of therapy"": ""Monotherapy"", ""Year"": 2021, ""__rowid__"": 150}"
row_138,138,"In Breast trials, from the secondary endpoint text flag if immune-related adverse events (irAEs) were explicitly assessed.",Secondary endpoint,"[""irAE_assessed""]",sbert,row,13,0.4327431917190552,0,8,NCT01585987,28655793,,"PFS by mWHO criteria, OS, immune-related best overall response rate (irBORR)","{""Author"": ""Bang YJ et al"", ""Cancer type"": ""Gastric/GEJ"", ""Class of ICI"": ""CTLA-4"", ""Clincal setting in relation to surgery"": ""Metastatic+recurrent (unresectable)"", ""Clinical setting"": ""Metastatic+recurrent (unresectable)"", ""Control arm"": ""Best supportive care"", ""Control regimen"": ""Best supportive care (+/-fluoropyrimidine)"", ""Follow-up duration for primary endpoint(s) in months | Control"": null, ""Follow-up duration for primary endpoint(s) in months | Overall"": null, ""Follow-up duration for primary endpoint(s) in months | Rx"": null, ""Included in MA"": ""Yes"", ""Is PD-L1 positivity inclusion criteria"": ""No"", ""Is any other biomarker used for inclusion"": ""No"", ""Lines of treatment"": ""Only 2nd or later line of treatment for metastatic disease"", ""Monotherapy/combination"": ""Monotherapy"", ""NCT"": ""NCT01585987"", ""Name of ICI"": ""Ipilimumab"", ""Number of arms"": 2, ""Originial publication or Follow-up"": ""Original publication"", ""Priamry Multiple, composite, or co-primary endpoints?"": null, ""Primary endpoint"": ""PFS"", ""PubMed ID"": ""28655793"", ""Secondary endpoint"": ""PFS by mWHO criteria, OS, immune-related best overall response rate (irBORR)"", ""Total sample size"": 114, ""Treatment regimen"": ""Ipilimumab"", ""Trial name"": null, ""Trial phase"": ""Phase 2"", ""Type of combination"": null, ""Type of control"": ""Best supportive care"", ""Type of follow-up given"": null, ""Type of therapy"": ""Monotherapy"", ""Year"": 2017, ""__rowid__"": 8}"
row_138,138,"In Breast trials, from the secondary endpoint text flag if immune-related adverse events (irAEs) were explicitly assessed.",Secondary endpoint,"[""irAE_assessed""]",sbert,row,14,0.4309840202331543,0,152,NCT02684292,33721562,Keynote-204,"PFS; ORR; CR; investigator-assessed PFS, ORR, CR; safety","{""Author"": ""Kuruvilla J et al"", ""Cancer type"": ""Hodgkin Lymphoma"", ""Class of ICI"": ""PD1"", ""Clincal setting in relation to surgery"": ""Relapsed/refractory"", ""Clinical setting"": ""Relapsed/refractory"", ""Control arm"": ""Antibody-drug conjugate"", ""Control regimen"": ""Brentuximab vedotin"", ""Follow-up duration for primary endpoint(s) in months | Control"": null, ""Follow-up duration for primary endpoint(s) in months | Overall"": ""25.7"", ""Follow-up duration for primary endpoint(s) in months | Rx"": null, ""Included in MA"": null, ""Is PD-L1 positivity inclusion criteria"": ""No"", ""Is any other biomarker used for inclusion"": ""No"", ""Lines of treatment"": ""Only 2nd or later line of treatment for metastatic disease"", ""Monotherapy/combination"": ""Monotherapy"", ""NCT"": ""NCT02684292"", ""Name of ICI"": ""Brentuximab-vedotin"", ""Number of arms"": 2, ""Originial publication or Follow-up"": ""Original publication"", ""Priamry Multiple, composite, or co-primary endpoints?"": ""Dual, unspecified"", ""Primary endpoint"": ""PFS+OS"", ""PubMed ID"": ""33721562"", ""Secondary endpoint"": ""PFS; ORR; CR; investigator-assessed PFS, ORR, CR; safety"", ""Total sample size"": 304, ""Treatment regimen"": ""Pembrolizumab"", ""Trial name"": ""Keynote-204"", ""Trial phase"": ""Phase 3"", ""Type of combination"": null, ""Type of control"": ""Antibody-drug conjugate"", ""Type of follow-up given"": ""Median"", ""Type of therapy"": ""Monotherapy"", ""Year"": 2021, ""__rowid__"": 152}"
row_138,138,"In Breast trials, from the secondary endpoint text flag if immune-related adverse events (irAEs) were explicitly assessed.",Secondary endpoint,"[""irAE_assessed""]",sbert,row,15,0.4307505488395691,1,122,NCT02819518,33278935,MK-3475/Keynote-355,"ORR, DoR, DCR","{""Author"": ""Cortes J et al"", ""Cancer type"": ""Breast"", ""Class of ICI"": ""PD1"", ""Clincal setting in relation to surgery"": ""Metastatic+recurrent (unresectable)"", ""Clinical setting"": ""Metastatic+recurrent (unresectable)"", ""Control arm"": ""Chemo"", ""Control regimen"": ""Placebo+Nab-paclitaxel/Gemcitabine+carboplatin"", ""Follow-up duration for primary endpoint(s) in months | Control"": ""26.3"", ""Follow-up duration for primary endpoint(s) in months | Overall"": null, ""Follow-up duration for primary endpoint(s) in months | Rx"": ""25.9"", ""Included in MA"": null, ""Is PD-L1 positivity inclusion criteria"": ""Yes"", ""Is any other biomarker used for inclusion"": ""Yes"", ""Lines of treatment"": ""Only 1st line of treatment for metastatic disease"", ""Monotherapy/combination"": ""Combination"", ""NCT"": ""NCT02819518"", ""Name of ICI"": ""Pembrolizumab"", ""Number of arms"": 2, ""Originial publication or Follow-up"": ""Original publication"", ""Priamry Multiple, composite, or co-primary endpoints?"": ""Multiple"", ""Primary endpoint"": ""OS+PFS"", ""PubMed ID"": ""33278935"", ""Secondary endpoint"": ""ORR, DoR, DCR"", ""Total sample size"": 847, ""Treatment regimen"": ""Pembrolizumab+nab-paclitaxel/paclitaxel/gemcitabine+ carboplatin"", ""Trial name"": ""MK-3475/Keynote-355"", ""Trial phase"": ""Phase 3"", ""Type of combination"": ""ICI+Chemo"", ""Type of control"": ""Chemo"", ""Type of follow-up given"": ""Median"", ""Type of therapy"": ""Combination"", ""Year"": 2020, ""__rowid__"": 122}"
row_138,138,"In Breast trials, from the secondary endpoint text flag if immune-related adverse events (irAEs) were explicitly assessed.",Secondary endpoint,"[""irAE_assessed""]",sbert,row,16,0.43056732416152954,1,81,NCT01042379,32053137,I-SPY2,residual cancer burden (RCB) and 3-year event-free and distant recurrence-free survival.,"{""Author"": ""Nanda R et al"", ""Cancer type"": ""Breast"", ""Class of ICI"": ""PD1"", ""Clincal setting in relation to surgery"": ""Neoadjuvant"", ""Clinical setting"": ""Neoadjuvant"", ""Control arm"": ""Chemo"", ""Control regimen"": ""Paclitaxel+Doxorubicin+Cyclophosphamide"", ""Follow-up duration for primary endpoint(s) in months | Control"": ""36"", ""Follow-up duration for primary endpoint(s) in months | Overall"": null, ""Follow-up duration for primary endpoint(s) in months | Rx"": ""33.6"", ""Included in MA"": ""No"", ""Is PD-L1 positivity inclusion criteria"": ""No"", ""Is any other biomarker used for inclusion"": ""Yes"", ""Lines of treatment"": null, ""Monotherapy/combination"": ""Combination"", ""NCT"": ""NCT01042379"", ""Name of ICI"": ""Pembrolizumab"", ""Number of arms"": 2, ""Originial publication or Follow-up"": ""Original publication"", ""Priamry Multiple, composite, or co-primary endpoints?"": null, ""Primary endpoint"": ""Path CR"", ""PubMed ID"": ""32053137"", ""Secondary endpoint"": ""residual cancer burden (RCB) and 3-year event-free and distant recurrence-free survival."", ""Total sample size"": 250, ""Treatment regimen"": ""Pembrolizumab+Paclitaxel"", ""Trial name"": ""I-SPY2"", ""Trial phase"": ""Phase 2"", ""Type of combination"": ""ICI+Chemo"", ""Type of control"": ""Chemo"", ""Type of follow-up given"": ""Median"", ""Type of therapy"": ""Combination"", ""Year"": 2019, ""__rowid__"": 81}"
row_138,138,"In Breast trials, from the secondary endpoint text flag if immune-related adverse events (irAEs) were explicitly assessed.",Secondary endpoint,"[""irAE_assessed""]",sbert,row,17,0.4304479658603668,0,149,NCT02538666,33683919,CheckMate 451,OS in Arm 2 vs Arm 3; PFS,"{""Author"": ""Owonikoko TK et al"", ""Cancer type"": ""Small Cell Lung"", ""Class of ICI"": ""PD1, CTLA-4"", ""Clincal setting in relation to surgery"": ""Maintenance"", ""Clinical setting"": ""Maintenance"", ""Control arm"": ""Placebo"", ""Control regimen"": ""Placebo"", ""Follow-up duration for primary endpoint(s) in months | Control"": ""9.1"", ""Follow-up duration for primary endpoint(s) in months | Overall"": null, ""Follow-up duration for primary endpoint(s) in months | Rx"": ""8.4"", ""Included in MA"": null, ""Is PD-L1 positivity inclusion criteria"": ""No"", ""Is any other biomarker used for inclusion"": ""No"", ""Lines of treatment"": ""Only 1st line of treatment for metastatic disease"", ""Monotherapy/combination"": ""Combination"", ""NCT"": ""NCT02538666"", ""Name of ICI"": ""Nivolumab, Ipilimumab"", ""Number of arms"": 3, ""Originial publication or Follow-up"": ""Original publication"", ""Priamry Multiple, composite, or co-primary endpoints?"": null, ""Primary endpoint"": ""OS"", ""PubMed ID"": ""33683919"", ""Secondary endpoint"": ""OS in Arm 2 vs Arm 3; PFS"", ""Total sample size"": 834, ""Treatment regimen"": ""Nivolumab+Ipilimumab"", ""Trial name"": ""CheckMate 451"", ""Trial phase"": ""Phase 3"", ""Type of combination"": ""ICI+ICI"", ""Type of control"": ""Placebo"", ""Type of follow-up given"": ""Median"", ""Type of therapy"": ""Combination"", ""Year"": 2021, ""__rowid__"": 149}"
row_138,138,"In Breast trials, from the secondary endpoint text flag if immune-related adverse events (irAEs) were explicitly assessed.",Secondary endpoint,"[""irAE_assessed""]",sbert,row,18,0.4278574287891388,1,4,NCT02425891,30345906,IMpassion130,"investigator-assessed RECIST v1.1 ORR,  DoR","{""Author"": ""Schmid P et al"", ""Cancer type"": ""Breast"", ""Class of ICI"": ""PD-L1"", ""Clincal setting in relation to surgery"": ""Metastatic+recurrent (unresectable)"", ""Clinical setting"": ""Metastatic+recurrent (unresectable)"", ""Control arm"": ""Chemo"", ""Control regimen"": ""Nab-paclitaxel"", ""Follow-up duration for primary endpoint(s) in months | Control"": ""12.5"", ""Follow-up duration for primary endpoint(s) in months | Overall"": ""12.9"", ""Follow-up duration for primary endpoint(s) in months | Rx"": ""13"", ""Included in MA"": ""Yes"", ""Is PD-L1 positivity inclusion criteria"": ""No"", ""Is any other biomarker used for inclusion"": ""No"", ""Lines of treatment"": ""Only 1st line of treatment for metastatic disease"", ""Monotherapy/combination"": ""Combination"", ""NCT"": ""NCT02425891"", ""Name of ICI"": ""Atezolizumab"", ""Number of arms"": 2, ""Originial publication or Follow-up"": ""Original publication"", ""Priamry Multiple, composite, or co-primary endpoints?"": ""Multiple"", ""Primary endpoint"": ""OS+PFS"", ""PubMed ID"": ""30345906"", ""Secondary endpoint"": ""investigator-assessed RECIST v1.1 ORR,  DoR"", ""Total sample size"": 902, ""Treatment regimen"": ""Atezolizumab+Nab-paclitaxel"", ""Trial name"": ""IMpassion130"", ""Trial phase"": ""Phase 3"", ""Type of combination"": ""ICI+Chemo"", ""Type of control"": ""Chemo"", ""Type of follow-up given"": ""Median"", ""Type of therapy"": ""Combination"", ""Year"": 2018, ""__rowid__"": 4}"
row_138,138,"In Breast trials, from the secondary endpoint text flag if immune-related adverse events (irAEs) were explicitly assessed.",Secondary endpoint,"[""irAE_assessed""]",sbert,row,19,0.4277305603027344,0,62,NCT02362594,29658430,EORTC 1325-MG/KEYNOTE-054,Distant metastasis-free survival; OS; safety measures; measures of health-related quality of life.,"{""Author"": ""Eggermont AMM et al"", ""Cancer type"": ""Melanoma"", ""Class of ICI"": ""PD1"", ""Clincal setting in relation to surgery"": ""Adjuvant"", ""Clinical setting"": ""Adjuvant"", ""Control arm"": ""Placebo"", ""Control regimen"": ""Placebo"", ""Follow-up duration for primary endpoint(s) in months | Control"": ""15.4"", ""Follow-up duration for primary endpoint(s) in months | Overall"": ""15.1"", ""Follow-up duration for primary endpoint(s) in months | Rx"": ""14.7"", ""Included in MA"": ""Yes"", ""Is PD-L1 positivity inclusion criteria"": ""No"", ""Is any other biomarker used for inclusion"": ""No"", ""Lines of treatment"": null, ""Monotherapy/combination"": ""Monotherapy"", ""NCT"": ""NCT02362594"", ""Name of ICI"": ""Pembrolizumab"", ""Number of arms"": 2, ""Originial publication or Follow-up"": ""Original publication"", ""Priamry Multiple, composite, or co-primary endpoints?"": null, ""Primary endpoint"": ""PFS"", ""PubMed ID"": ""29658430"", ""Secondary endpoint"": ""Distant metastasis-free survival; OS; safety measures; measures of health-related quality of life."", ""Total sample size"": 1019, ""Treatment regimen"": ""Pembrolizumab"", ""Trial name"": ""EORTC 1325-MG/KEYNOTE-054"", ""Trial phase"": ""Phase 3"", ""Type of combination"": null, ""Type of control"": ""Placebo"", ""Type of follow-up given"": ""Median"", ""Type of therapy"": ""Monotherapy"", ""Year"": 2018, ""__rowid__"": 62}"
row_138,138,"In Breast trials, from the secondary endpoint text flag if immune-related adverse events (irAEs) were explicitly assessed.",Secondary endpoint,"[""irAE_assessed""]",sbert,row,20,0.4219490885734558,0,105,NCT02017717,32437507,CheckMate 143,OS rate at 12 months; investigator-assessed PFS and ORR.,"{""Author"": ""Reardon DA et al"", ""Cancer type"": ""Head and Neck"", ""Class of ICI"": ""PD1"", ""Clincal setting in relation to surgery"": ""Metastatic+recurrent (unresectable)"", ""Clinical setting"": ""Metastatic+recurrent (unresectable)"", ""Control arm"": ""Anti-VEGF"", ""Control regimen"": ""Bevacizumab"", ""Follow-up duration for primary endpoint(s) in months | Control"": ""9.4"", ""Follow-up duration for primary endpoint(s) in months | Overall"": ""9.5"", ""Follow-up duration for primary endpoint(s) in months | Rx"": ""9.8"", ""Included in MA"": ""Yes"", ""Is PD-L1 positivity inclusion criteria"": ""No"", ""Is any other biomarker used for inclusion"": ""No"", ""Lines of treatment"": ""Only 1st line of treatment for metastatic disease"", ""Monotherapy/combination"": ""Monotherapy"", ""NCT"": ""NCT02017717"", ""Name of ICI"": ""Nivolumab"", ""Number of arms"": 2, ""Originial publication or Follow-up"": ""Original publication"", ""Priamry Multiple, composite, or co-primary endpoints?"": null, ""Primary endpoint"": ""OS"", ""PubMed ID"": ""32437507"", ""Secondary endpoint"": ""OS rate at 12 months; investigator-assessed PFS and ORR."", ""Total sample size"": 369, ""Treatment regimen"": ""Nivolumab"", ""Trial name"": ""CheckMate 143"", ""Trial phase"": ""Phase 3"", ""Type of combination"": null, ""Type of control"": ""Anti-VEGF"", ""Type of follow-up given"": ""Median"", ""Type of therapy"": ""Monotherapy"", ""Year"": 2020, ""__rowid__"": 105}"
row_138,138,"In Breast trials, from the secondary endpoint text flag if immune-related adverse events (irAEs) were explicitly assessed.",Secondary endpoint,"[""irAE_assessed""]",sbert,tuple,1,0.6510381102561951,0,158,NCT02743494,33789008,CheckMate 577,"OS; survival at 1, 2 and 3 y","{""Author"": ""Kelly RJ"", ""Cancer type"": null, ""Class of ICI"": ""PD1"", ""Clincal setting in relation to surgery"": ""Adjuvant"", ""Clinical setting"": ""Adjuvant"", ""Control arm"": ""Placebo"", ""Control regimen"": ""Placebo"", ""Follow-up duration for primary endpoint(s) in months | Control"": null, ""Follow-up duration for primary endpoint(s) in months | Overall"": ""24.4"", ""Follow-up duration for primary endpoint(s) in months | Rx"": null, ""Included in MA"": null, ""Is PD-L1 positivity inclusion criteria"": ""No"", ""Is any other biomarker used for inclusion"": ""No"", ""Lines of treatment"": null, ""Monotherapy/combination"": ""Monotherapy"", ""NCT"": ""NCT02743494"", ""Name of ICI"": ""Nivolumab"", ""Number of arms"": 2, ""Originial publication or Follow-up"": ""Original publication"", ""Priamry Multiple, composite, or co-primary endpoints?"": null, ""Primary endpoint"": ""DFS"", ""PubMed ID"": ""33789008"", ""Secondary endpoint"": ""OS; survival at 1, 2 and 3 y"", ""Total sample size"": null, ""Treatment regimen"": ""Nivolumab"", ""Trial name"": ""CheckMate 577"", ""Trial phase"": ""Phase 3"", ""Type of combination"": null, ""Type of control"": ""Placebo"", ""Type of follow-up given"": ""Median"", ""Type of therapy"": ""Monotherapy"", ""Year"": 2021, ""__rowid__"": 158}"
row_138,138,"In Breast trials, from the secondary endpoint text flag if immune-related adverse events (irAEs) were explicitly assessed.",Secondary endpoint,"[""irAE_assessed""]",sbert,tuple,2,0.6461553573608398,1,151,NCT02299999,33462450,SAFIR02-BREAST IMMUNO,OS,"{""Author"": ""Bachelot T et al"", ""Cancer type"": ""Breast"", ""Class of ICI"": ""PD-L1"", ""Clincal setting in relation to surgery"": ""Maintenance"", ""Clinical setting"": ""Maintenance"", ""Control arm"": ""Chemo"", ""Control regimen"": ""Chemotherapy"", ""Follow-up duration for primary endpoint(s) in months | Control"": null, ""Follow-up duration for primary endpoint(s) in months | Overall"": ""19.7"", ""Follow-up duration for primary endpoint(s) in months | Rx"": null, ""Included in MA"": null, ""Is PD-L1 positivity inclusion criteria"": ""No"", ""Is any other biomarker used for inclusion"": ""Yes"", ""Lines of treatment"": ""Only 2nd or later line of treatment for metastatic disease"", ""Monotherapy/combination"": ""Monotherapy"", ""NCT"": ""NCT02299999"", ""Name of ICI"": ""Durvalumab"", ""Number of arms"": 2, ""Originial publication or Follow-up"": ""Original publication"", ""Priamry Multiple, composite, or co-primary endpoints?"": null, ""Primary endpoint"": ""PFS"", ""PubMed ID"": ""33462450"", ""Secondary endpoint"": ""OS"", ""Total sample size"": 199, ""Treatment regimen"": ""Durvalumab"", ""Trial name"": ""SAFIR02-BREAST IMMUNO"", ""Trial phase"": ""Phase 2"", ""Type of combination"": null, ""Type of control"": ""Chemo"", ""Type of follow-up given"": ""Median"", ""Type of therapy"": ""Monotherapy"", ""Year"": 2021, ""__rowid__"": 151}"
row_138,138,"In Breast trials, from the secondary endpoint text flag if immune-related adverse events (irAEs) were explicitly assessed.",Secondary endpoint,"[""irAE_assessed""]",sbert,tuple,3,0.6368511915206909,0,117,NCT00094653,23942774,MDX010-20,"DOS, responses, and safety among patients with ≥2 years’ survival.","{""Author"": ""McDermott D et al"", ""Cancer type"": ""Melanoma"", ""Class of ICI"": ""CTLA-4"", ""Clincal setting in relation to surgery"": ""Metastatic+recurrent (unresectable)"", ""Clinical setting"": ""Metastatic+recurrent (unresectable)"", ""Control arm"": ""Vaccine"", ""Control regimen"": ""Gp100 vaccine"", ""Follow-up duration for primary endpoint(s) in months | Control"": ""24"", ""Follow-up duration for primary endpoint(s) in months | Overall"": null, ""Follow-up duration for primary endpoint(s) in months | Rx"": ""24"", ""Included in MA"": ""No"", ""Is PD-L1 positivity inclusion criteria"": ""No"", ""Is any other biomarker used for inclusion"": ""Yes"", ""Lines of treatment"": ""Only 2nd or later line of treatment for metastatic disease"", ""Monotherapy/combination"": ""Monotherapy"", ""NCT"": ""NCT00094653"", ""Name of ICI"": ""Ipilimumab"", ""Number of arms"": 3, ""Originial publication or Follow-up"": ""Follow-up"", ""Priamry Multiple, composite, or co-primary endpoints?"": null, ""Primary endpoint"": ""OS"", ""PubMed ID"": ""23942774"", ""Secondary endpoint"": ""DOS, responses, and safety among patients with ≥2 years’ survival."", ""Total sample size"": 676, ""Treatment regimen"": ""Ipilimumab"", ""Trial name"": ""MDX010-20"", ""Trial phase"": ""Phase 3"", ""Type of combination"": null, ""Type of control"": ""Vaccine"", ""Type of follow-up given"": ""Minimum"", ""Type of therapy"": ""Monotherapy"", ""Year"": 2013, ""__rowid__"": 117}"
row_138,138,"In Breast trials, from the secondary endpoint text flag if immune-related adverse events (irAEs) were explicitly assessed.",Secondary endpoint,"[""irAE_assessed""]",sbert,tuple,4,0.6323349475860596,0,62,NCT02362594,29658430,EORTC 1325-MG/KEYNOTE-054,Distant metastasis-free survival; OS; safety measures; measures of health-related quality of life.,"{""Author"": ""Eggermont AMM et al"", ""Cancer type"": ""Melanoma"", ""Class of ICI"": ""PD1"", ""Clincal setting in relation to surgery"": ""Adjuvant"", ""Clinical setting"": ""Adjuvant"", ""Control arm"": ""Placebo"", ""Control regimen"": ""Placebo"", ""Follow-up duration for primary endpoint(s) in months | Control"": ""15.4"", ""Follow-up duration for primary endpoint(s) in months | Overall"": ""15.1"", ""Follow-up duration for primary endpoint(s) in months | Rx"": ""14.7"", ""Included in MA"": ""Yes"", ""Is PD-L1 positivity inclusion criteria"": ""No"", ""Is any other biomarker used for inclusion"": ""No"", ""Lines of treatment"": null, ""Monotherapy/combination"": ""Monotherapy"", ""NCT"": ""NCT02362594"", ""Name of ICI"": ""Pembrolizumab"", ""Number of arms"": 2, ""Originial publication or Follow-up"": ""Original publication"", ""Priamry Multiple, composite, or co-primary endpoints?"": null, ""Primary endpoint"": ""PFS"", ""PubMed ID"": ""29658430"", ""Secondary endpoint"": ""Distant metastasis-free survival; OS; safety measures; measures of health-related quality of life."", ""Total sample size"": 1019, ""Treatment regimen"": ""Pembrolizumab"", ""Trial name"": ""EORTC 1325-MG/KEYNOTE-054"", ""Trial phase"": ""Phase 3"", ""Type of combination"": null, ""Type of control"": ""Placebo"", ""Type of follow-up given"": ""Median"", ""Type of therapy"": ""Monotherapy"", ""Year"": 2018, ""__rowid__"": 62}"
row_138,138,"In Breast trials, from the secondary endpoint text flag if immune-related adverse events (irAEs) were explicitly assessed.",Secondary endpoint,"[""irAE_assessed""]",sbert,tuple,5,0.6281583309173584,0,118,NCT00094653,23942774,MDX010-20,"DOS, responses, and safety among patients with ≥2 years’ survival.","{""Author"": ""McDermott D et al (1)"", ""Cancer type"": ""Melanoma"", ""Class of ICI"": ""CTLA-4"", ""Clincal setting in relation to surgery"": ""Metastatic+recurrent (unresectable)"", ""Clinical setting"": ""Metastatic+recurrent (unresectable)"", ""Control arm"": ""Vaccine"", ""Control regimen"": ""Gp100 vaccine"", ""Follow-up duration for primary endpoint(s) in months | Control"": ""24"", ""Follow-up duration for primary endpoint(s) in months | Overall"": null, ""Follow-up duration for primary endpoint(s) in months | Rx"": ""24"", ""Included in MA"": ""No"", ""Is PD-L1 positivity inclusion criteria"": ""No"", ""Is any other biomarker used for inclusion"": ""Yes"", ""Lines of treatment"": ""Only 2nd or later line of treatment for metastatic disease"", ""Monotherapy/combination"": ""Combination"", ""NCT"": ""NCT00094653"", ""Name of ICI"": ""Ipilimumab"", ""Number of arms"": 3, ""Originial publication or Follow-up"": ""Follow-up"", ""Priamry Multiple, composite, or co-primary endpoints?"": null, ""Primary endpoint"": ""OS"", ""PubMed ID"": ""23942774"", ""Secondary endpoint"": ""DOS, responses, and safety among patients with ≥2 years’ survival."", ""Total sample size"": 676, ""Treatment regimen"": ""Ipilimumab+Gp100 Vaccine"", ""Trial name"": ""MDX010-20"", ""Trial phase"": ""Phase 3"", ""Type of combination"": ""ICI+Vaccine"", ""Type of control"": ""Vaccine"", ""Type of follow-up given"": ""Minimum"", ""Type of therapy"": ""Combination"", ""Year"": 2013, ""__rowid__"": 118}"
row_138,138,"In Breast trials, from the secondary endpoint text flag if immune-related adverse events (irAEs) were explicitly assessed.",Secondary endpoint,"[""irAE_assessed""]",sbert,tuple,6,0.6249297857284546,1,130,NCT02924883,33002436,KATE2,"OS, ORR, DOR","{""Author"": ""Emens LA et al"", ""Cancer type"": ""Breast"", ""Class of ICI"": ""PD-L1"", ""Clincal setting in relation to surgery"": ""Metastatic+recurrent (unresectable)"", ""Clinical setting"": ""Metastatic+recurrent (unresectable)"", ""Control arm"": ""HER2i"", ""Control regimen"": ""Trastuzumab emtansine+placebo"", ""Follow-up duration for primary endpoint(s) in months | Control"": ""8.4"", ""Follow-up duration for primary endpoint(s) in months | Overall"": null, ""Follow-up duration for primary endpoint(s) in months | Rx"": ""8.5"", ""Included in MA"": null, ""Is PD-L1 positivity inclusion criteria"": ""No"", ""Is any other biomarker used for inclusion"": ""Yes"", ""Lines of treatment"": ""1st and later line of treatment for metastatic disease"", ""Monotherapy/combination"": ""Combination"", ""NCT"": ""NCT02924883"", ""Name of ICI"": ""Atezolizumab+Trastuzumab emtansine+Placebo"", ""Number of arms"": 2, ""Originial publication or Follow-up"": ""Original publication"", ""Priamry Multiple, composite, or co-primary endpoints?"": null, ""Primary endpoint"": ""PFS"", ""PubMed ID"": ""33002436"", ""Secondary endpoint"": ""OS, ORR, DOR"", ""Total sample size"": 202, ""Treatment regimen"": ""Atezolizumab"", ""Trial name"": ""KATE2"", ""Trial phase"": ""Phase 2"", ""Type of combination"": ""ICI+HER2i"", ""Type of control"": ""HER2i"", ""Type of follow-up given"": ""Median"", ""Type of therapy"": ""Combination"", ""Year"": 2020, ""__rowid__"": 130}"
row_138,138,"In Breast trials, from the secondary endpoint text flag if immune-related adverse events (irAEs) were explicitly assessed.",Secondary endpoint,"[""irAE_assessed""]",sbert,tuple,7,0.6218665838241577,0,149,NCT02538666,33683919,CheckMate 451,OS in Arm 2 vs Arm 3; PFS,"{""Author"": ""Owonikoko TK et al"", ""Cancer type"": ""Small Cell Lung"", ""Class of ICI"": ""PD1, CTLA-4"", ""Clincal setting in relation to surgery"": ""Maintenance"", ""Clinical setting"": ""Maintenance"", ""Control arm"": ""Placebo"", ""Control regimen"": ""Placebo"", ""Follow-up duration for primary endpoint(s) in months | Control"": ""9.1"", ""Follow-up duration for primary endpoint(s) in months | Overall"": null, ""Follow-up duration for primary endpoint(s) in months | Rx"": ""8.4"", ""Included in MA"": null, ""Is PD-L1 positivity inclusion criteria"": ""No"", ""Is any other biomarker used for inclusion"": ""No"", ""Lines of treatment"": ""Only 1st line of treatment for metastatic disease"", ""Monotherapy/combination"": ""Combination"", ""NCT"": ""NCT02538666"", ""Name of ICI"": ""Nivolumab, Ipilimumab"", ""Number of arms"": 3, ""Originial publication or Follow-up"": ""Original publication"", ""Priamry Multiple, composite, or co-primary endpoints?"": null, ""Primary endpoint"": ""OS"", ""PubMed ID"": ""33683919"", ""Secondary endpoint"": ""OS in Arm 2 vs Arm 3; PFS"", ""Total sample size"": 834, ""Treatment regimen"": ""Nivolumab+Ipilimumab"", ""Trial name"": ""CheckMate 451"", ""Trial phase"": ""Phase 3"", ""Type of combination"": ""ICI+ICI"", ""Type of control"": ""Placebo"", ""Type of follow-up given"": ""Median"", ""Type of therapy"": ""Combination"", ""Year"": 2021, ""__rowid__"": 149}"
row_138,138,"In Breast trials, from the secondary endpoint text flag if immune-related adverse events (irAEs) were explicitly assessed.",Secondary endpoint,"[""irAE_assessed""]",sbert,tuple,8,0.6215497255325317,1,119,NCT03051659,32880602,,"PFS per irRECIST, ORR, OS, DoR, clinical benefit rate, safety, tolerability","{""Author"": ""Tolaney SM et al"", ""Cancer type"": ""Breast"", ""Class of ICI"": ""PD1"", ""Clincal setting in relation to surgery"": ""Metastatic+recurrent (unresectable)"", ""Clinical setting"": ""Metastatic+recurrent (unresectable)"", ""Control arm"": ""Chemo"", ""Control regimen"": ""Eribulin"", ""Follow-up duration for primary endpoint(s) in months | Control"": null, ""Follow-up duration for primary endpoint(s) in months | Overall"": ""10.5"", ""Follow-up duration for primary endpoint(s) in months | Rx"": null, ""Included in MA"": null, ""Is PD-L1 positivity inclusion criteria"": ""No"", ""Is any other biomarker used for inclusion"": ""Yes"", ""Lines of treatment"": ""Only 2nd or later line of treatment for metastatic disease"", ""Monotherapy/combination"": ""Combination"", ""NCT"": ""NCT03051659"", ""Name of ICI"": ""Pembrolizumab"", ""Number of arms"": 2, ""Originial publication or Follow-up"": ""Original publication"", ""Priamry Multiple, composite, or co-primary endpoints?"": null, ""Primary endpoint"": ""PFS"", ""PubMed ID"": ""32880602"", ""Secondary endpoint"": ""PFS per irRECIST, ORR, OS, DoR, clinical benefit rate, safety, tolerability"", ""Total sample size"": 90, ""Treatment regimen"": ""Pembrolizumab+Eribulin"", ""Trial name"": null, ""Trial phase"": ""Phase 2"", ""Type of combination"": ""ICI+Chemo"", ""Type of control"": ""Chemo"", ""Type of follow-up given"": ""Median"", ""Type of therapy"": ""Combination"", ""Year"": 2020, ""__rowid__"": 119}"
row_138,138,"In Breast trials, from the secondary endpoint text flag if immune-related adverse events (irAEs) were explicitly assessed.",Secondary endpoint,"[""irAE_assessed""]",sbert,tuple,9,0.6206690669059753,0,153,NCT02450331,33721560,Imvigor010,OS; disease-specific survival; distant metastasis-free survival; non-urinary tract recurrence-free survival; pharmacokinetics; PROs,"{""Author"": ""Bellmunt J et al"", ""Cancer type"": ""Urothelial"", ""Class of ICI"": ""PD-L1"", ""Clincal setting in relation to surgery"": ""Adjuvant"", ""Clinical setting"": ""Adjuvant"", ""Control arm"": ""Observation"", ""Control regimen"": ""Observation"", ""Follow-up duration for primary endpoint(s) in months | Control"": null, ""Follow-up duration for primary endpoint(s) in months | Overall"": ""21.9"", ""Follow-up duration for primary endpoint(s) in months | Rx"": null, ""Included in MA"": null, ""Is PD-L1 positivity inclusion criteria"": ""No"", ""Is any other biomarker used for inclusion"": ""No"", ""Lines of treatment"": null, ""Monotherapy/combination"": ""Monotherapy"", ""NCT"": ""NCT02450331"", ""Name of ICI"": ""Atezolizumab"", ""Number of arms"": 2, ""Originial publication or Follow-up"": ""Original publication"", ""Priamry Multiple, composite, or co-primary endpoints?"": null, ""Primary endpoint"": ""DFS"", ""PubMed ID"": ""33721560"", ""Secondary endpoint"": ""OS; disease-specific survival; distant metastasis-free survival; non-urinary tract recurrence-free survival; pharmacokinetics; PROs"", ""Total sample size"": 809, ""Treatment regimen"": ""Atezolizumab"", ""Trial name"": ""Imvigor010"", ""Trial phase"": ""Phase 3"", ""Type of combination"": null, ""Type of control"": ""Observation"", ""Type of follow-up given"": ""Median"", ""Type of therapy"": ""Monotherapy"", ""Year"": 2021, ""__rowid__"": 153}"
row_138,138,"In Breast trials, from the secondary endpoint text flag if immune-related adverse events (irAEs) were explicitly assessed.",Secondary endpoint,"[""irAE_assessed""]",sbert,tuple,10,0.6205487251281738,0,150,NCT02538666,33683919,CheckMate 451,OS in Arm 2 vs Arm 3; PFS,"{""Author"": ""Owonikoko TK et al"", ""Cancer type"": ""Small Cell Lung"", ""Class of ICI"": ""PD1"", ""Clincal setting in relation to surgery"": ""Maintenance"", ""Clinical setting"": ""Maintenance"", ""Control arm"": ""Placebo"", ""Control regimen"": ""Placebo"", ""Follow-up duration for primary endpoint(s) in months | Control"": ""9.1"", ""Follow-up duration for primary endpoint(s) in months | Overall"": null, ""Follow-up duration for primary endpoint(s) in months | Rx"": ""9.9"", ""Included in MA"": null, ""Is PD-L1 positivity inclusion criteria"": ""No"", ""Is any other biomarker used for inclusion"": ""No"", ""Lines of treatment"": ""Only 1st line of treatment for metastatic disease"", ""Monotherapy/combination"": ""Monotherapy"", ""NCT"": ""NCT02538666"", ""Name of ICI"": ""Nivolumab"", ""Number of arms"": 3, ""Originial publication or Follow-up"": ""Original publication"", ""Priamry Multiple, composite, or co-primary endpoints?"": null, ""Primary endpoint"": null, ""PubMed ID"": ""33683919"", ""Secondary endpoint"": ""OS in Arm 2 vs Arm 3; PFS"", ""Total sample size"": 834, ""Treatment regimen"": ""Nivolumab"", ""Trial name"": ""CheckMate 451"", ""Trial phase"": ""Phase 3"", ""Type of combination"": null, ""Type of control"": ""Placebo"", ""Type of follow-up given"": ""Median"", ""Type of therapy"": ""Monotherapy"", ""Year"": 2021, ""__rowid__"": 150}"
row_138,138,"In Breast trials, from the secondary endpoint text flag if immune-related adverse events (irAEs) were explicitly assessed.",Secondary endpoint,"[""irAE_assessed""]",sbert,tuple,11,0.6170374155044556,0,109,NCT03434379,32402160,IMbrave150,"ORR, DOR, safety, tolerability","{""Author"": ""Finn RS et al"", ""Cancer type"": ""Hepatocellular"", ""Class of ICI"": ""PD-L1"", ""Clincal setting in relation to surgery"": ""Metastatic+recurrent (unresectable)"", ""Clinical setting"": ""Metastatic+recurrent (unresectable)"", ""Control arm"": ""TKI"", ""Control regimen"": ""Sunitinib"", ""Follow-up duration for primary endpoint(s) in months | Control"": ""13.2,4.3"", ""Follow-up duration for primary endpoint(s) in months | Overall"": null, ""Follow-up duration for primary endpoint(s) in months | Rx"": ""NE,6.8"", ""Included in MA"": ""Yes"", ""Is PD-L1 positivity inclusion criteria"": ""No"", ""Is any other biomarker used for inclusion"": ""No"", ""Lines of treatment"": ""Only 1st line of treatment for metastatic disease"", ""Monotherapy/combination"": ""Combination"", ""NCT"": ""NCT03434379"", ""Name of ICI"": ""Atezolizumab"", ""Number of arms"": 3, ""Originial publication or Follow-up"": ""Original publication"", ""Priamry Multiple, composite, or co-primary endpoints?"": ""Co-primary"", ""Primary endpoint"": ""OS+PFS"", ""PubMed ID"": ""32402160"", ""Secondary endpoint"": ""ORR, DOR, safety, tolerability"", ""Total sample size"": 336, ""Treatment regimen"": ""Atezolizumab+Bevacizumab"", ""Trial name"": ""IMbrave150"", ""Trial phase"": ""Phase 3"", ""Type of combination"": ""ICI+Anti-VEGF"", ""Type of control"": ""TKI"", ""Type of follow-up given"": ""Median"", ""Type of therapy"": ""Combination"", ""Year"": 2020, ""__rowid__"": 109}"
row_138,138,"In Breast trials, from the secondary endpoint text flag if immune-related adverse events (irAEs) were explicitly assessed.",Secondary endpoint,"[""irAE_assessed""]",sbert,tuple,12,0.6142622828483582,0,135,NCT01721772,32997575,CheckMate 066,Investigator-assessed PFS and objective response; tumor PD-L1 expression as a predictive biomarker of OS.,"{""Author"": ""Robert C et al"", ""Cancer type"": ""Melanoma"", ""Class of ICI"": ""PD1"", ""Clincal setting in relation to surgery"": ""Metastatic+recurrent (unresectable)"", ""Clinical setting"": ""Metastatic+recurrent (unresectable)"", ""Control arm"": ""Chemo"", ""Control regimen"": ""Dacarbazine"", ""Follow-up duration for primary endpoint(s) in months | Control"": ""10.9"", ""Follow-up duration for primary endpoint(s) in months | Overall"": null, ""Follow-up duration for primary endpoint(s) in months | Rx"": ""32"", ""Included in MA"": null, ""Is PD-L1 positivity inclusion criteria"": ""No"", ""Is any other biomarker used for inclusion"": ""Yes"", ""Lines of treatment"": ""Only 1st line of treatment for metastatic disease"", ""Monotherapy/combination"": ""Monotherapy"", ""NCT"": ""NCT01721772"", ""Name of ICI"": ""Nivolumab"", ""Number of arms"": 2, ""Originial publication or Follow-up"": ""Follow-up"", ""Priamry Multiple, composite, or co-primary endpoints?"": null, ""Primary endpoint"": ""OS"", ""PubMed ID"": ""32997575"", ""Secondary endpoint"": ""Investigator-assessed PFS and objective response; tumor PD-L1 expression as a predictive biomarker of OS."", ""Total sample size"": 418, ""Treatment regimen"": ""Nivolumab"", ""Trial name"": ""CheckMate 066"", ""Trial phase"": ""Phase 3"", ""Type of combination"": null, ""Type of control"": ""Chemo"", ""Type of follow-up given"": ""Median"", ""Type of therapy"": ""Monotherapy"", ""Year"": 2020, ""__rowid__"": 135}"
row_138,138,"In Breast trials, from the secondary endpoint text flag if immune-related adverse events (irAEs) were explicitly assessed.",Secondary endpoint,"[""irAE_assessed""]",sbert,tuple,13,0.6141891479492188,0,71,NCT01721772,25399552,CheckMate 066,Investigator-assessed PFS and objective response; tumor PD-L1 expression as a predictive biomarker of OS.,"{""Author"": ""Robert C et al"", ""Cancer type"": ""Melanoma"", ""Class of ICI"": ""PD1"", ""Clincal setting in relation to surgery"": ""Metastatic+recurrent (unresectable)"", ""Clinical setting"": ""Metastatic+recurrent (unresectable)"", ""Control arm"": ""Chemo"", ""Control regimen"": ""Dacarbazine"", ""Follow-up duration for primary endpoint(s) in months | Control"": null, ""Follow-up duration for primary endpoint(s) in months | Overall"": ""16.7"", ""Follow-up duration for primary endpoint(s) in months | Rx"": null, ""Included in MA"": ""Yes"", ""Is PD-L1 positivity inclusion criteria"": ""No"", ""Is any other biomarker used for inclusion"": ""Yes"", ""Lines of treatment"": ""Only 1st line of treatment for metastatic disease"", ""Monotherapy/combination"": ""Monotherapy"", ""NCT"": ""NCT01721772"", ""Name of ICI"": ""Nivolumab"", ""Number of arms"": 2, ""Originial publication or Follow-up"": ""Original publication"", ""Priamry Multiple, composite, or co-primary endpoints?"": null, ""Primary endpoint"": ""OS"", ""PubMed ID"": ""25399552"", ""Secondary endpoint"": ""Investigator-assessed PFS and objective response; tumor PD-L1 expression as a predictive biomarker of OS."", ""Total sample size"": 418, ""Treatment regimen"": ""Nivolumab"", ""Trial name"": ""CheckMate 066"", ""Trial phase"": ""Phase 3"", ""Type of combination"": null, ""Type of control"": ""Chemo"", ""Type of follow-up given"": ""Upto"", ""Type of therapy"": ""Monotherapy"", ""Year"": 2015, ""__rowid__"": 71}"
row_138,138,"In Breast trials, from the secondary endpoint text flag if immune-related adverse events (irAEs) were explicitly assessed.",Secondary endpoint,"[""irAE_assessed""]",sbert,tuple,14,0.6139020919799805,0,95,NCT02523313,32416781,IMMUNED,OS; time to recurrence; safety; PFS or RFS 2.,"{""Author"": ""Zimmer L et al"", ""Cancer type"": ""Melanoma"", ""Class of ICI"": ""PD1"", ""Clincal setting in relation to surgery"": ""Metastatic+recurrent (unresectable)"", ""Clinical setting"": ""Metastatic+recurrent (unresectable)"", ""Control arm"": ""Placebo"", ""Control regimen"": ""Placebo"", ""Follow-up duration for primary endpoint(s) in months | Control"": null, ""Follow-up duration for primary endpoint(s) in months | Overall"": ""28.4"", ""Follow-up duration for primary endpoint(s) in months | Rx"": null, ""Included in MA"": ""Yes"", ""Is PD-L1 positivity inclusion criteria"": ""No"", ""Is any other biomarker used for inclusion"": ""No"", ""Lines of treatment"": ""1st and later line of treatment for metastatic disease"", ""Monotherapy/combination"": ""Monotherapy"", ""NCT"": ""NCT02523313"", ""Name of ICI"": ""Nivolumab"", ""Number of arms"": 3, ""Originial publication or Follow-up"": ""Original publication"", ""Priamry Multiple, composite, or co-primary endpoints?"": null, ""Primary endpoint"": ""RFS"", ""PubMed ID"": ""32416781"", ""Secondary endpoint"": ""OS; time to recurrence; safety; PFS or RFS 2."", ""Total sample size"": 167, ""Treatment regimen"": ""Nivolumab"", ""Trial name"": ""IMMUNED"", ""Trial phase"": ""Phase 2"", ""Type of combination"": null, ""Type of control"": ""Placebo"", ""Type of follow-up given"": ""Median"", ""Type of therapy"": ""Monotherapy"", ""Year"": 2020, ""__rowid__"": 95}"
row_138,138,"In Breast trials, from the secondary endpoint text flag if immune-related adverse events (irAEs) were explicitly assessed.",Secondary endpoint,"[""irAE_assessed""]",sbert,tuple,15,0.6137783527374268,0,105,NCT02017717,32437507,CheckMate 143,OS rate at 12 months; investigator-assessed PFS and ORR.,"{""Author"": ""Reardon DA et al"", ""Cancer type"": ""Head and Neck"", ""Class of ICI"": ""PD1"", ""Clincal setting in relation to surgery"": ""Metastatic+recurrent (unresectable)"", ""Clinical setting"": ""Metastatic+recurrent (unresectable)"", ""Control arm"": ""Anti-VEGF"", ""Control regimen"": ""Bevacizumab"", ""Follow-up duration for primary endpoint(s) in months | Control"": ""9.4"", ""Follow-up duration for primary endpoint(s) in months | Overall"": ""9.5"", ""Follow-up duration for primary endpoint(s) in months | Rx"": ""9.8"", ""Included in MA"": ""Yes"", ""Is PD-L1 positivity inclusion criteria"": ""No"", ""Is any other biomarker used for inclusion"": ""No"", ""Lines of treatment"": ""Only 1st line of treatment for metastatic disease"", ""Monotherapy/combination"": ""Monotherapy"", ""NCT"": ""NCT02017717"", ""Name of ICI"": ""Nivolumab"", ""Number of arms"": 2, ""Originial publication or Follow-up"": ""Original publication"", ""Priamry Multiple, composite, or co-primary endpoints?"": null, ""Primary endpoint"": ""OS"", ""PubMed ID"": ""32437507"", ""Secondary endpoint"": ""OS rate at 12 months; investigator-assessed PFS and ORR."", ""Total sample size"": 369, ""Treatment regimen"": ""Nivolumab"", ""Trial name"": ""CheckMate 143"", ""Trial phase"": ""Phase 3"", ""Type of combination"": null, ""Type of control"": ""Anti-VEGF"", ""Type of follow-up given"": ""Median"", ""Type of therapy"": ""Monotherapy"", ""Year"": 2020, ""__rowid__"": 105}"
row_138,138,"In Breast trials, from the secondary endpoint text flag if immune-related adverse events (irAEs) were explicitly assessed.",Secondary endpoint,"[""irAE_assessed""]",sbert,tuple,16,0.6119773983955383,0,72,NCT01721772,30422243,CheckMate 066,Investigator-assessed PFS and objective response; tumor PD-L1 expression as a predictive biomarker of OS.,"{""Author"": ""Ascierto PA et al"", ""Cancer type"": ""Melanoma"", ""Class of ICI"": ""PD1"", ""Clincal setting in relation to surgery"": ""Metastatic+recurrent (unresectable)"", ""Clinical setting"": ""Metastatic+recurrent (unresectable)"", ""Control arm"": ""Chemo"", ""Control regimen"": ""Dacarbazine"", ""Follow-up duration for primary endpoint(s) in months | Control"": null, ""Follow-up duration for primary endpoint(s) in months | Overall"": ""38.4"", ""Follow-up duration for primary endpoint(s) in months | Rx"": null, ""Included in MA"": ""Yes"", ""Is PD-L1 positivity inclusion criteria"": ""No"", ""Is any other biomarker used for inclusion"": ""Yes"", ""Lines of treatment"": ""Only 1st line of treatment for metastatic disease"", ""Monotherapy/combination"": ""Monotherapy"", ""NCT"": ""NCT01721772"", ""Name of ICI"": ""Nivolumab"", ""Number of arms"": 2, ""Originial publication or Follow-up"": ""Follow-up"", ""Priamry Multiple, composite, or co-primary endpoints?"": null, ""Primary endpoint"": ""OS"", ""PubMed ID"": ""30422243"", ""Secondary endpoint"": ""Investigator-assessed PFS and objective response; tumor PD-L1 expression as a predictive biomarker of OS."", ""Total sample size"": 418, ""Treatment regimen"": ""Nivolumab"", ""Trial name"": ""CheckMate 066"", ""Trial phase"": ""Phase 3"", ""Type of combination"": null, ""Type of control"": ""Chemo"", ""Type of follow-up given"": ""Median"", ""Type of therapy"": ""Monotherapy"", ""Year"": 2019, ""__rowid__"": 72}"
row_138,138,"In Breast trials, from the secondary endpoint text flag if immune-related adverse events (irAEs) were explicitly assessed.",Secondary endpoint,"[""irAE_assessed""]",sbert,tuple,17,0.6119158267974854,0,8,NCT01585987,28655793,,"PFS by mWHO criteria, OS, immune-related best overall response rate (irBORR)","{""Author"": ""Bang YJ et al"", ""Cancer type"": ""Gastric/GEJ"", ""Class of ICI"": ""CTLA-4"", ""Clincal setting in relation to surgery"": ""Metastatic+recurrent (unresectable)"", ""Clinical setting"": ""Metastatic+recurrent (unresectable)"", ""Control arm"": ""Best supportive care"", ""Control regimen"": ""Best supportive care (+/-fluoropyrimidine)"", ""Follow-up duration for primary endpoint(s) in months | Control"": null, ""Follow-up duration for primary endpoint(s) in months | Overall"": null, ""Follow-up duration for primary endpoint(s) in months | Rx"": null, ""Included in MA"": ""Yes"", ""Is PD-L1 positivity inclusion criteria"": ""No"", ""Is any other biomarker used for inclusion"": ""No"", ""Lines of treatment"": ""Only 2nd or later line of treatment for metastatic disease"", ""Monotherapy/combination"": ""Monotherapy"", ""NCT"": ""NCT01585987"", ""Name of ICI"": ""Ipilimumab"", ""Number of arms"": 2, ""Originial publication or Follow-up"": ""Original publication"", ""Priamry Multiple, composite, or co-primary endpoints?"": null, ""Primary endpoint"": ""PFS"", ""PubMed ID"": ""28655793"", ""Secondary endpoint"": ""PFS by mWHO criteria, OS, immune-related best overall response rate (irBORR)"", ""Total sample size"": 114, ""Treatment regimen"": ""Ipilimumab"", ""Trial name"": null, ""Trial phase"": ""Phase 2"", ""Type of combination"": null, ""Type of control"": ""Best supportive care"", ""Type of follow-up given"": null, ""Type of therapy"": ""Monotherapy"", ""Year"": 2017, ""__rowid__"": 8}"
row_138,138,"In Breast trials, from the secondary endpoint text flag if immune-related adverse events (irAEs) were explicitly assessed.",Secondary endpoint,"[""irAE_assessed""]",sbert,tuple,18,0.6118693351745605,0,97,NCT01896869,32591464,,Safety; toxicities; clinical and immunological responses.,"{""Author"": ""Wu AA et al"", ""Cancer type"": ""Pancreatic"", ""Class of ICI"": ""CTLA-4"", ""Clincal setting in relation to surgery"": ""Metastatic+recurrent (unresectable)"", ""Clinical setting"": ""Metastatic+recurrent (unresectable)"", ""Control arm"": ""Chemo"", ""Control regimen"": ""FOLFIRINOX"", ""Follow-up duration for primary endpoint(s) in months | Control"": null, ""Follow-up duration for primary endpoint(s) in months | Overall"": null, ""Follow-up duration for primary endpoint(s) in months | Rx"": null, ""Included in MA"": ""No"", ""Is PD-L1 positivity inclusion criteria"": ""No"", ""Is any other biomarker used for inclusion"": ""No"", ""Lines of treatment"": ""Only 2nd or later line of treatment for metastatic disease"", ""Monotherapy/combination"": ""Combination"", ""NCT"": ""NCT01896869"", ""Name of ICI"": ""Ipilimumab"", ""Number of arms"": 2, ""Originial publication or Follow-up"": ""Original publication"", ""Priamry Multiple, composite, or co-primary endpoints?"": null, ""Primary endpoint"": ""OS"", ""PubMed ID"": ""32591464"", ""Secondary endpoint"": ""Safety; toxicities; clinical and immunological responses."", ""Total sample size"": 83, ""Treatment regimen"": ""Ipilimumab+GVAX"", ""Trial name"": null, ""Trial phase"": ""Phase 2"", ""Type of combination"": ""ICI+Vaccine"", ""Type of control"": ""Chemo"", ""Type of follow-up given"": null, ""Type of therapy"": ""Combination"", ""Year"": 2020, ""__rowid__"": 97}"
row_138,138,"In Breast trials, from the secondary endpoint text flag if immune-related adverse events (irAEs) were explicitly assessed.",Secondary endpoint,"[""irAE_assessed""]",sbert,tuple,19,0.6097747087478638,0,106,NCT02500121,32271672,,"OS, treatment outcomes CPS","{""Author"": ""Galsky MD et al"", ""Cancer type"": ""Urothelial"", ""Class of ICI"": ""PD1"", ""Clincal setting in relation to surgery"": ""Metastatic+recurrent (unresectable)"", ""Clinical setting"": ""Metastatic+recurrent (unresectable)"", ""Control arm"": ""Placebo"", ""Control regimen"": ""Placebo"", ""Follow-up duration for primary endpoint(s) in months | Control"": ""3"", ""Follow-up duration for primary endpoint(s) in months | Overall"": null, ""Follow-up duration for primary endpoint(s) in months | Rx"": ""5.4"", ""Included in MA"": ""Yes"", ""Is PD-L1 positivity inclusion criteria"": ""No"", ""Is any other biomarker used for inclusion"": ""No"", ""Lines of treatment"": ""Only 2nd or later line of treatment for metastatic disease"", ""Monotherapy/combination"": ""Monotherapy"", ""NCT"": ""NCT02500121"", ""Name of ICI"": ""Pembrolizumab"", ""Number of arms"": 2, ""Originial publication or Follow-up"": ""Original publication"", ""Priamry Multiple, composite, or co-primary endpoints?"": null, ""Primary endpoint"": ""PFS"", ""PubMed ID"": ""32271672"", ""Secondary endpoint"": ""OS, treatment outcomes CPS"", ""Total sample size"": 108, ""Treatment regimen"": ""Pembrolizumab"", ""Trial name"": null, ""Trial phase"": ""Phase 2"", ""Type of combination"": null, ""Type of control"": ""Placebo"", ""Type of follow-up given"": ""Median"", ""Type of therapy"": ""Monotherapy"", ""Year"": 2020, ""__rowid__"": 106}"
row_138,138,"In Breast trials, from the secondary endpoint text flag if immune-related adverse events (irAEs) were explicitly assessed.",Secondary endpoint,"[""irAE_assessed""]",sbert,tuple,20,0.6083800196647644,0,59,NCT00094653,20525992,MDX010-20,Comparison of OS between ipilimumab-alone and gp100-alone groups and between the two ipilimumab groups; best ORR; duration of response; PFS.,"{""Author"": ""Hodi FS et al"", ""Cancer type"": ""Melanoma"", ""Class of ICI"": ""CTLA-4"", ""Clincal setting in relation to surgery"": ""Metastatic+recurrent (unresectable)"", ""Clinical setting"": ""Metastatic+recurrent (unresectable)"", ""Control arm"": ""Vaccine"", ""Control regimen"": ""Gp100 vaccine"", ""Follow-up duration for primary endpoint(s) in months | Control"": ""17.2"", ""Follow-up duration for primary endpoint(s) in months | Overall"": null, ""Follow-up duration for primary endpoint(s) in months | Rx"": ""27.8"", ""Included in MA"": ""Yes"", ""Is PD-L1 positivity inclusion criteria"": ""No"", ""Is any other biomarker used for inclusion"": ""Yes"", ""Lines of treatment"": ""Only 2nd or later line of treatment for metastatic disease"", ""Monotherapy/combination"": ""Monotherapy"", ""NCT"": ""NCT00094653"", ""Name of ICI"": ""Ipilimumab"", ""Number of arms"": 3, ""Originial publication or Follow-up"": ""Original publication"", ""Priamry Multiple, composite, or co-primary endpoints?"": null, ""Primary endpoint"": ""OS"", ""PubMed ID"": ""20525992"", ""Secondary endpoint"": ""Comparison of OS between ipilimumab-alone and gp100-alone groups and between the two ipilimumab groups; best ORR; duration of response; PFS."", ""Total sample size"": 676, ""Treatment regimen"": ""Ipilimumab"", ""Trial name"": ""MDX010-20"", ""Trial phase"": ""Phase 3"", ""Type of combination"": null, ""Type of control"": ""Vaccine"", ""Type of follow-up given"": ""Median"", ""Type of therapy"": ""Monotherapy"", ""Year"": 2010, ""__rowid__"": 59}"
