item_id,csv_row_number,question,column_used,expected_keys_json,model_name,view_name,rank,cosine_score,is_relevant,rowid,NCT,PubMed ID,Trial name,source_value,candidate_row_json,candidate_row_text
row_311,311,"For Pembrolizumab trials in Melanoma, extract the trial acronym from the trial name (e.g., KEYNOTE-xxx, CHECKMATE-xxx).",Trial name,"[""trial_acronym""]",tabert,source_column,1,0.7772414088249207,0,153,NCT02450331,33721560,Imvigor010,Imvigor010,"{""Author"": ""Bellmunt J et al"", ""Cancer type"": ""Urothelial"", ""Class of ICI"": ""PD-L1"", ""Clincal setting in relation to surgery"": ""Adjuvant"", ""Clinical setting"": ""Adjuvant"", ""Control arm"": ""Observation"", ""Control regimen"": ""Observation"", ""Follow-up duration for primary endpoint(s) in months | Control"": null, ""Follow-up duration for primary endpoint(s) in months | Overall"": ""21.9"", ""Follow-up duration for primary endpoint(s) in months | Rx"": null, ""Included in MA"": null, ""Is PD-L1 positivity inclusion criteria"": ""No"", ""Is any other biomarker used for inclusion"": ""No"", ""Lines of treatment"": null, ""Monotherapy/combination"": ""Monotherapy"", ""NCT"": ""NCT02450331"", ""Name of ICI"": ""Atezolizumab"", ""Number of arms"": 2, ""Originial publication or Follow-up"": ""Original publication"", ""Priamry Multiple, composite, or co-primary endpoints?"": null, ""Primary endpoint"": ""DFS"", ""PubMed ID"": ""33721560"", ""Secondary endpoint"": ""OS; disease-specific survival; distant metastasis-free survival; non-urinary tract recurrence-free survival; pharmacokinetics; PROs"", ""Total sample size"": 809, ""Treatment regimen"": ""Atezolizumab"", ""Trial name"": ""Imvigor010"", ""Trial phase"": ""Phase 3"", ""Type of combination"": null, ""Type of control"": ""Observation"", ""Type of follow-up given"": ""Median"", ""Type of therapy"": ""Monotherapy"", ""Year"": 2021, ""__rowid__"": 153}","NCT: NCT02450331 | PubMed ID: 33721560 | Trial name: Imvigor010 | Author: Bellmunt J et al | Year: 2021 | Trial phase: Phase 3 | Number of arms: 2 | Total sample size: 809 | Originial publication or Follow-up: Original publication | Cancer type: Urothelial | Treatment regimen: Atezolizumab | Name of ICI: Atezolizumab | Class of ICI: PD-L1 | Monotherapy/combination: Monotherapy | Type of combination: None | Control regimen: Observation | Type of control: Observation | Lines of treatment: None | Clincal setting in relation to surgery: Adjuvant | Primary endpoint: DFS | Priamry Multiple, composite, or co-primary endpoints?: None | Secondary endpoint: OS; disease-specific survival; distant metastasis-free survival; non-urinary tract recurrence-free survival; pharmacokinetics; PROs | Is PD-L1 positivity inclusion criteria: No | Is any other biomarker used for inclusion: No | Type of follow-up given: Median | Follow-up duration for primary endpoint(s) in months | Overall: 21.9 | Follow-up duration for primary endpoint(s) in months | Rx: None | Follow-up duration for primary endpoint(s) in months | Control: None | Type of therapy: Monotherapy | Control arm: Observation | Clinical setting: Adjuvant | Included in MA: None"
row_311,311,"For Pembrolizumab trials in Melanoma, extract the trial acronym from the trial name (e.g., KEYNOTE-xxx, CHECKMATE-xxx).",Trial name,"[""trial_acronym""]",tabert,source_column,2,0.7677817940711975,0,148,NCT03141177,33657295,CheckMate 9ER,CheckMate 9ER,"{""Author"": ""Choueiri TK et al"", ""Cancer type"": ""Renal cell"", ""Class of ICI"": ""PD1"", ""Clincal setting in relation to surgery"": ""Metastatic+recurrent (unresectable)"", ""Clinical setting"": ""Metastatic+recurrent (unresectable)"", ""Control arm"": ""TKI"", ""Control regimen"": ""Sunitinib"", ""Follow-up duration for primary endpoint(s) in months | Control"": null, ""Follow-up duration for primary endpoint(s) in months | Overall"": ""18.1"", ""Follow-up duration for primary endpoint(s) in months | Rx"": null, ""Included in MA"": null, ""Is PD-L1 positivity inclusion criteria"": ""No"", ""Is any other biomarker used for inclusion"": ""No"", ""Lines of treatment"": ""Only 1st line of treatment for metastatic disease"", ""Monotherapy/combination"": ""Combination"", ""NCT"": ""NCT03141177"", ""Name of ICI"": ""Nivolumab"", ""Number of arms"": 2, ""Originial publication or Follow-up"": ""Original publication"", ""Priamry Multiple, composite, or co-primary endpoints?"": null, ""Primary endpoint"": ""PFS"", ""PubMed ID"": ""33657295"", ""Secondary endpoint"": ""OS; ORR; safety"", ""Total sample size"": 651, ""Treatment regimen"": ""Nivolumab+Cabozantinib"", ""Trial name"": ""CheckMate 9ER"", ""Trial phase"": ""Phase 3"", ""Type of combination"": ""ICI+TKI"", ""Type of control"": ""TKI"", ""Type of follow-up given"": ""Median"", ""Type of therapy"": ""Combination"", ""Year"": 2021, ""__rowid__"": 148}","NCT: NCT03141177 | PubMed ID: 33657295 | Trial name: CheckMate 9ER | Author: Choueiri TK et al | Year: 2021 | Trial phase: Phase 3 | Number of arms: 2 | Total sample size: 651 | Originial publication or Follow-up: Original publication | Cancer type: Renal cell | Treatment regimen: Nivolumab+Cabozantinib | Name of ICI: Nivolumab | Class of ICI: PD1 | Monotherapy/combination: Combination | Type of combination: ICI+TKI | Control regimen: Sunitinib | Type of control: TKI | Lines of treatment: Only 1st line of treatment for metastatic disease | Clincal setting in relation to surgery: Metastatic+recurrent (unresectable) | Primary endpoint: PFS | Priamry Multiple, composite, or co-primary endpoints?: None | Secondary endpoint: OS; ORR; safety | Is PD-L1 positivity inclusion criteria: No | Is any other biomarker used for inclusion: No | Type of follow-up given: Median | Follow-up duration for primary endpoint(s) in months | Overall: 18.1 | Follow-up duration for primary endpoint(s) in months | Rx: None | Follow-up duration for primary endpoint(s) in months | Control: None | Type of therapy: Combination | Control arm: TKI | Clinical setting: Metastatic+recurrent (unresectable) | Included in MA: None"
row_311,311,"For Pembrolizumab trials in Melanoma, extract the trial acronym from the trial name (e.g., KEYNOTE-xxx, CHECKMATE-xxx).",Trial name,"[""trial_acronym""]",tabert,source_column,3,0.7559770941734314,0,146,NCT03215706,33476593,CheckMate 9LA,CheckMate 9LA,"{""Author"": ""Paz-Ares L et al"", ""Cancer type"": ""Non-Small Cell Lung"", ""Class of ICI"": ""PD1, CTLA-4"", ""Clincal setting in relation to surgery"": ""Metastatic+recurrent (unresectable)"", ""Clinical setting"": ""Metastatic+recurrent (unresectable)"", ""Control arm"": ""Chemo"", ""Control regimen"": ""Chemotherapy"", ""Follow-up duration for primary endpoint(s) in months | Control"": null, ""Follow-up duration for primary endpoint(s) in months | Overall"": ""13.2"", ""Follow-up duration for primary endpoint(s) in months | Rx"": null, ""Included in MA"": null, ""Is PD-L1 positivity inclusion criteria"": ""No"", ""Is any other biomarker used for inclusion"": ""Yes"", ""Lines of treatment"": ""Only 1st line of treatment for metastatic disease"", ""Monotherapy/combination"": ""Combination"", ""NCT"": ""NCT03215706"", ""Name of ICI"": ""Nivolumab, Ipilimumab"", ""Number of arms"": 2, ""Originial publication or Follow-up"": ""Original publication"", ""Priamry Multiple, composite, or co-primary endpoints?"": null, ""Primary endpoint"": ""OS"", ""PubMed ID"": ""33476593"", ""Secondary endpoint"": ""PFS; ORR"", ""Total sample size"": 719, ""Treatment regimen"": ""Nivolumab+Ipilimumab+Chemotherapy"", ""Trial name"": ""CheckMate 9LA"", ""Trial phase"": ""Phase 3"", ""Type of combination"": ""ICI+ICI+Chemo"", ""Type of control"": ""Chemo"", ""Type of follow-up given"": ""Median"", ""Type of therapy"": ""Combination"", ""Year"": 2021, ""__rowid__"": 146}","NCT: NCT03215706 | PubMed ID: 33476593 | Trial name: CheckMate 9LA | Author: Paz-Ares L et al | Year: 2021 | Trial phase: Phase 3 | Number of arms: 2 | Total sample size: 719 | Originial publication or Follow-up: Original publication | Cancer type: Non-Small Cell Lung | Treatment regimen: Nivolumab+Ipilimumab+Chemotherapy | Name of ICI: Nivolumab, Ipilimumab | Class of ICI: PD1, CTLA-4 | Monotherapy/combination: Combination | Type of combination: ICI+ICI+Chemo | Control regimen: Chemotherapy | Type of control: Chemo | Lines of treatment: Only 1st line of treatment for metastatic disease | Clincal setting in relation to surgery: Metastatic+recurrent (unresectable) | Primary endpoint: OS | Priamry Multiple, composite, or co-primary endpoints?: None | Secondary endpoint: PFS; ORR | Is PD-L1 positivity inclusion criteria: No | Is any other biomarker used for inclusion: Yes | Type of follow-up given: Median | Follow-up duration for primary endpoint(s) in months | Overall: 13.2 | Follow-up duration for primary endpoint(s) in months | Rx: None | Follow-up duration for primary endpoint(s) in months | Control: None | Type of therapy: Combination | Control arm: Chemo | Clinical setting: Metastatic+recurrent (unresectable) | Included in MA: None"
row_311,311,"For Pembrolizumab trials in Melanoma, extract the trial acronym from the trial name (e.g., KEYNOTE-xxx, CHECKMATE-xxx).",Trial name,"[""trial_acronym""]",tabert,source_column,4,0.7537127733230591,0,107,NCT02807636,32416780,IMvigor130,IMvigor130,"{""Author"": ""Galsky MD et al"", ""Cancer type"": ""Urothelial"", ""Class of ICI"": ""PD-L1"", ""Clincal setting in relation to surgery"": ""Metastatic+recurrent (unresectable)"", ""Clinical setting"": ""Metastatic+recurrent (unresectable)"", ""Control arm"": ""Chemo"", ""Control regimen"": ""Placebo+Gemcitabine+Carboplatin or Cisplatin"", ""Follow-up duration for primary endpoint(s) in months | Control"": ""13.4,6.3"", ""Follow-up duration for primary endpoint(s) in months | Overall"": null, ""Follow-up duration for primary endpoint(s) in months | Rx"": ""16,8.2"", ""Included in MA"": ""Yes"", ""Is PD-L1 positivity inclusion criteria"": ""No"", ""Is any other biomarker used for inclusion"": ""No"", ""Lines of treatment"": ""Only 1st line of treatment for metastatic disease"", ""Monotherapy/combination"": ""Combination"", ""NCT"": ""NCT02807636"", ""Name of ICI"": ""Atezolizumab"", ""Number of arms"": 3, ""Originial publication or Follow-up"": ""Original publication"", ""Priamry Multiple, composite, or co-primary endpoints?"": ""Co-primary"", ""Primary endpoint"": ""OS+PFS"", ""PubMed ID"": ""32416780"", ""Secondary endpoint"": ""RR, DOR, PFS"", ""Total sample size"": 1213, ""Treatment regimen"": ""Atezolizumab+Gemcitabine+Carboplatin or Cisplatin"", ""Trial name"": ""IMvigor130"", ""Trial phase"": ""Phase 3"", ""Type of combination"": ""ICI+Chemo"", ""Type of control"": ""Chemo"", ""Type of follow-up given"": ""Median"", ""Type of therapy"": ""Combination"", ""Year"": 2020, ""__rowid__"": 107}","NCT: NCT02807636 | PubMed ID: 32416780 | Trial name: IMvigor130 | Author: Galsky MD et al | Year: 2020 | Trial phase: Phase 3 | Number of arms: 3 | Total sample size: 1213 | Originial publication or Follow-up: Original publication | Cancer type: Urothelial | Treatment regimen: Atezolizumab+Gemcitabine+Carboplatin or Cisplatin | Name of ICI: Atezolizumab | Class of ICI: PD-L1 | Monotherapy/combination: Combination | Type of combination: ICI+Chemo | Control regimen: Placebo+Gemcitabine+Carboplatin or Cisplatin | Type of control: Chemo | Lines of treatment: Only 1st line of treatment for metastatic disease | Clincal setting in relation to surgery: Metastatic+recurrent (unresectable) | Primary endpoint: OS+PFS | Priamry Multiple, composite, or co-primary endpoints?: Co-primary | Secondary endpoint: RR, DOR, PFS | Is PD-L1 positivity inclusion criteria: No | Is any other biomarker used for inclusion: No | Type of follow-up given: Median | Follow-up duration for primary endpoint(s) in months | Overall: None | Follow-up duration for primary endpoint(s) in months | Rx: 16,8.2 | Follow-up duration for primary endpoint(s) in months | Control: 13.4,6.3 | Type of therapy: Combination | Control arm: Chemo | Clinical setting: Metastatic+recurrent (unresectable) | Included in MA: Yes"
row_311,311,"For Pembrolizumab trials in Melanoma, extract the trial acronym from the trial name (e.g., KEYNOTE-xxx, CHECKMATE-xxx).",Trial name,"[""trial_acronym""]",tabert,source_column,5,0.7531938552856445,0,139,NCT02991482,32976938,PROMISE-meso,PROMISE-meso,"{""Author"": ""Popat S et al."", ""Cancer type"": ""Mesothelioma"", ""Class of ICI"": ""PD1"", ""Clincal setting in relation to surgery"": ""Metastatic+recurrent (unresectable)"", ""Clinical setting"": ""Metastatic+recurrent (unresectable)"", ""Control arm"": ""Chemo"", ""Control regimen"": ""Gemcitabine/Vinorelbine"", ""Follow-up duration for primary endpoint(s) in months | Control"": null, ""Follow-up duration for primary endpoint(s) in months | Overall"": ""11.8"", ""Follow-up duration for primary endpoint(s) in months | Rx"": null, ""Included in MA"": null, ""Is PD-L1 positivity inclusion criteria"": ""No"", ""Is any other biomarker used for inclusion"": ""No"", ""Lines of treatment"": ""Only 2nd or later line of treatment for metastatic disease"", ""Monotherapy/combination"": ""Monotherapy"", ""NCT"": ""NCT02991482"", ""Name of ICI"": ""Pembrolizumab"", ""Number of arms"": 2, ""Originial publication or Follow-up"": ""Original publication"", ""Priamry Multiple, composite, or co-primary endpoints?"": null, ""Primary endpoint"": ""PFS"", ""PubMed ID"": ""32976938"", ""Secondary endpoint"": ""investigator-assessed PFS, OS, ORR, time to treatment failure, safety"", ""Total sample size"": 144, ""Treatment regimen"": ""Pembrolizumab"", ""Trial name"": ""PROMISE-meso"", ""Trial phase"": ""Phase 3"", ""Type of combination"": null, ""Type of control"": ""Chemo"", ""Type of follow-up given"": ""Median"", ""Type of therapy"": ""Monotherapy"", ""Year"": 2020, ""__rowid__"": 139}","NCT: NCT02991482 | PubMed ID: 32976938 | Trial name: PROMISE-meso | Author: Popat S et al. | Year: 2020 | Trial phase: Phase 3 | Number of arms: 2 | Total sample size: 144 | Originial publication or Follow-up: Original publication | Cancer type: Mesothelioma | Treatment regimen: Pembrolizumab | Name of ICI: Pembrolizumab | Class of ICI: PD1 | Monotherapy/combination: Monotherapy | Type of combination: None | Control regimen: Gemcitabine/Vinorelbine | Type of control: Chemo | Lines of treatment: Only 2nd or later line of treatment for metastatic disease | Clincal setting in relation to surgery: Metastatic+recurrent (unresectable) | Primary endpoint: PFS | Priamry Multiple, composite, or co-primary endpoints?: None | Secondary endpoint: investigator-assessed PFS, OS, ORR, time to treatment failure, safety | Is PD-L1 positivity inclusion criteria: No | Is any other biomarker used for inclusion: No | Type of follow-up given: Median | Follow-up duration for primary endpoint(s) in months | Overall: 11.8 | Follow-up duration for primary endpoint(s) in months | Rx: None | Follow-up duration for primary endpoint(s) in months | Control: None | Type of therapy: Monotherapy | Control arm: Chemo | Clinical setting: Metastatic+recurrent (unresectable) | Included in MA: None"
row_311,311,"For Pembrolizumab trials in Melanoma, extract the trial acronym from the trial name (e.g., KEYNOTE-xxx, CHECKMATE-xxx).",Trial name,"[""trial_acronym""]",tabert,source_column,6,0.7519528269767761,0,7,NCT02788279,31003911,IMblaze130,IMblaze130,"{""Author"": ""Eng C et al (1)"", ""Cancer type"": ""Colorectal"", ""Class of ICI"": ""PD-L1"", ""Clincal setting in relation to surgery"": ""Metastatic+recurrent (unresectable)"", ""Clinical setting"": ""Metastatic+recurrent (unresectable)"", ""Control arm"": ""Multikinase inhibitor"", ""Control regimen"": ""Regorafenib"", ""Follow-up duration for primary endpoint(s) in months | Control"": null, ""Follow-up duration for primary endpoint(s) in months | Overall"": ""7.3"", ""Follow-up duration for primary endpoint(s) in months | Rx"": null, ""Included in MA"": ""No"", ""Is PD-L1 positivity inclusion criteria"": ""No"", ""Is any other biomarker used for inclusion"": ""No"", ""Lines of treatment"": ""Only 2nd or later line of treatment for metastatic disease"", ""Monotherapy/combination"": ""Monotherapy"", ""NCT"": ""NCT02788279"", ""Name of ICI"": ""Atezolizumab"", ""Number of arms"": 3, ""Originial publication or Follow-up"": ""Original publication"", ""Priamry Multiple, composite, or co-primary endpoints?"": null, ""Primary endpoint"": ""OS"", ""PubMed ID"": ""31003911"", ""Secondary endpoint"": ""investigator-assessed RECIST v1.1 ORR, PFS, DoR"", ""Total sample size"": 363, ""Treatment regimen"": ""Atezolizumab"", ""Trial name"": ""IMblaze130"", ""Trial phase"": ""Phase 3"", ""Type of combination"": null, ""Type of control"": ""Multikinase inhibitor"", ""Type of follow-up given"": ""Median"", ""Type of therapy"": ""Monotherapy"", ""Year"": 2019, ""__rowid__"": 7}","NCT: NCT02788279 | PubMed ID: 31003911 | Trial name: IMblaze130 | Author: Eng C et al (1) | Year: 2019 | Trial phase: Phase 3 | Number of arms: 3 | Total sample size: 363 | Originial publication or Follow-up: Original publication | Cancer type: Colorectal | Treatment regimen: Atezolizumab | Name of ICI: Atezolizumab | Class of ICI: PD-L1 | Monotherapy/combination: Monotherapy | Type of combination: None | Control regimen: Regorafenib | Type of control: Multikinase inhibitor | Lines of treatment: Only 2nd or later line of treatment for metastatic disease | Clincal setting in relation to surgery: Metastatic+recurrent (unresectable) | Primary endpoint: OS | Priamry Multiple, composite, or co-primary endpoints?: None | Secondary endpoint: investigator-assessed RECIST v1.1 ORR, PFS, DoR | Is PD-L1 positivity inclusion criteria: No | Is any other biomarker used for inclusion: No | Type of follow-up given: Median | Follow-up duration for primary endpoint(s) in months | Overall: 7.3 | Follow-up duration for primary endpoint(s) in months | Rx: None | Follow-up duration for primary endpoint(s) in months | Control: None | Type of therapy: Monotherapy | Control arm: Multikinase inhibitor | Clinical setting: Metastatic+recurrent (unresectable) | Included in MA: No"
row_311,311,"For Pembrolizumab trials in Melanoma, extract the trial acronym from the trial name (e.g., KEYNOTE-xxx, CHECKMATE-xxx).",Trial name,"[""trial_acronym""]",tabert,source_column,7,0.7517045140266418,0,109,NCT03434379,32402160,IMbrave150,IMbrave150,"{""Author"": ""Finn RS et al"", ""Cancer type"": ""Hepatocellular"", ""Class of ICI"": ""PD-L1"", ""Clincal setting in relation to surgery"": ""Metastatic+recurrent (unresectable)"", ""Clinical setting"": ""Metastatic+recurrent (unresectable)"", ""Control arm"": ""TKI"", ""Control regimen"": ""Sunitinib"", ""Follow-up duration for primary endpoint(s) in months | Control"": ""13.2,4.3"", ""Follow-up duration for primary endpoint(s) in months | Overall"": null, ""Follow-up duration for primary endpoint(s) in months | Rx"": ""NE,6.8"", ""Included in MA"": ""Yes"", ""Is PD-L1 positivity inclusion criteria"": ""No"", ""Is any other biomarker used for inclusion"": ""No"", ""Lines of treatment"": ""Only 1st line of treatment for metastatic disease"", ""Monotherapy/combination"": ""Combination"", ""NCT"": ""NCT03434379"", ""Name of ICI"": ""Atezolizumab"", ""Number of arms"": 3, ""Originial publication or Follow-up"": ""Original publication"", ""Priamry Multiple, composite, or co-primary endpoints?"": ""Co-primary"", ""Primary endpoint"": ""OS+PFS"", ""PubMed ID"": ""32402160"", ""Secondary endpoint"": ""ORR, DOR, safety, tolerability"", ""Total sample size"": 336, ""Treatment regimen"": ""Atezolizumab+Bevacizumab"", ""Trial name"": ""IMbrave150"", ""Trial phase"": ""Phase 3"", ""Type of combination"": ""ICI+Anti-VEGF"", ""Type of control"": ""TKI"", ""Type of follow-up given"": ""Median"", ""Type of therapy"": ""Combination"", ""Year"": 2020, ""__rowid__"": 109}","NCT: NCT03434379 | PubMed ID: 32402160 | Trial name: IMbrave150 | Author: Finn RS et al | Year: 2020 | Trial phase: Phase 3 | Number of arms: 3 | Total sample size: 336 | Originial publication or Follow-up: Original publication | Cancer type: Hepatocellular | Treatment regimen: Atezolizumab+Bevacizumab | Name of ICI: Atezolizumab | Class of ICI: PD-L1 | Monotherapy/combination: Combination | Type of combination: ICI+Anti-VEGF | Control regimen: Sunitinib | Type of control: TKI | Lines of treatment: Only 1st line of treatment for metastatic disease | Clincal setting in relation to surgery: Metastatic+recurrent (unresectable) | Primary endpoint: OS+PFS | Priamry Multiple, composite, or co-primary endpoints?: Co-primary | Secondary endpoint: ORR, DOR, safety, tolerability | Is PD-L1 positivity inclusion criteria: No | Is any other biomarker used for inclusion: No | Type of follow-up given: Median | Follow-up duration for primary endpoint(s) in months | Overall: None | Follow-up duration for primary endpoint(s) in months | Rx: NE,6.8 | Follow-up duration for primary endpoint(s) in months | Control: 13.2,4.3 | Type of therapy: Combination | Control arm: TKI | Clinical setting: Metastatic+recurrent (unresectable) | Included in MA: Yes"
row_311,311,"For Pembrolizumab trials in Melanoma, extract the trial acronym from the trial name (e.g., KEYNOTE-xxx, CHECKMATE-xxx).",Trial name,"[""trial_acronym""]",tabert,source_column,8,0.7514017820358276,0,6,NCT02788279,31003911,IMblaze130,IMblaze130,"{""Author"": ""Eng C et al"", ""Cancer type"": ""Colorectal"", ""Class of ICI"": ""PD-L1"", ""Clincal setting in relation to surgery"": ""Metastatic+recurrent (unresectable)"", ""Clinical setting"": ""Metastatic+recurrent (unresectable)"", ""Control arm"": ""Multikinase inhibitor"", ""Control regimen"": ""Regorafenib"", ""Follow-up duration for primary endpoint(s) in months | Control"": null, ""Follow-up duration for primary endpoint(s) in months | Overall"": ""7.3"", ""Follow-up duration for primary endpoint(s) in months | Rx"": null, ""Included in MA"": ""No"", ""Is PD-L1 positivity inclusion criteria"": ""No"", ""Is any other biomarker used for inclusion"": ""No"", ""Lines of treatment"": ""Only 2nd or later line of treatment for metastatic disease"", ""Monotherapy/combination"": ""Combination"", ""NCT"": ""NCT02788279"", ""Name of ICI"": ""Atezolizumab"", ""Number of arms"": 3, ""Originial publication or Follow-up"": ""Original publication"", ""Priamry Multiple, composite, or co-primary endpoints?"": null, ""Primary endpoint"": ""OS"", ""PubMed ID"": ""31003911"", ""Secondary endpoint"": ""investigator-assessed RECIST v1.1 ORR, PFS, DoR"", ""Total sample size"": 363, ""Treatment regimen"": ""Atezolizumab+Cobimetinib"", ""Trial name"": ""IMblaze130"", ""Trial phase"": ""Phase 3"", ""Type of combination"": ""ICI+MEKi"", ""Type of control"": ""Multikinase inhibitor"", ""Type of follow-up given"": ""Median"", ""Type of therapy"": ""Combination"", ""Year"": 2019, ""__rowid__"": 6}","NCT: NCT02788279 | PubMed ID: 31003911 | Trial name: IMblaze130 | Author: Eng C et al | Year: 2019 | Trial phase: Phase 3 | Number of arms: 3 | Total sample size: 363 | Originial publication or Follow-up: Original publication | Cancer type: Colorectal | Treatment regimen: Atezolizumab+Cobimetinib | Name of ICI: Atezolizumab | Class of ICI: PD-L1 | Monotherapy/combination: Combination | Type of combination: ICI+MEKi | Control regimen: Regorafenib | Type of control: Multikinase inhibitor | Lines of treatment: Only 2nd or later line of treatment for metastatic disease | Clincal setting in relation to surgery: Metastatic+recurrent (unresectable) | Primary endpoint: OS | Priamry Multiple, composite, or co-primary endpoints?: None | Secondary endpoint: investigator-assessed RECIST v1.1 ORR, PFS, DoR | Is PD-L1 positivity inclusion criteria: No | Is any other biomarker used for inclusion: No | Type of follow-up given: Median | Follow-up duration for primary endpoint(s) in months | Overall: 7.3 | Follow-up duration for primary endpoint(s) in months | Rx: None | Follow-up duration for primary endpoint(s) in months | Control: None | Type of therapy: Combination | Control arm: Multikinase inhibitor | Clinical setting: Metastatic+recurrent (unresectable) | Included in MA: No"
row_311,311,"For Pembrolizumab trials in Melanoma, extract the trial acronym from the trial name (e.g., KEYNOTE-xxx, CHECKMATE-xxx).",Trial name,"[""trial_acronym""]",tabert,source_column,9,0.750950276851654,0,108,NCT02807636,32416780,IMvigor130,IMvigor130,"{""Author"": ""Galsky MD et al (1)"", ""Cancer type"": ""Urothelial"", ""Class of ICI"": ""PD-L1"", ""Clincal setting in relation to surgery"": ""Metastatic+recurrent (unresectable)"", ""Clinical setting"": ""Metastatic+recurrent (unresectable)"", ""Control arm"": ""Chemo"", ""Control regimen"": ""Placebo+Gemcitabine+Carboplatin or Cisplatin"", ""Follow-up duration for primary endpoint(s) in months | Control"": ""13.1,NA"", ""Follow-up duration for primary endpoint(s) in months | Overall"": null, ""Follow-up duration for primary endpoint(s) in months | Rx"": ""15.7,NA"", ""Included in MA"": ""Yes"", ""Is PD-L1 positivity inclusion criteria"": ""No"", ""Is any other biomarker used for inclusion"": ""No"", ""Lines of treatment"": ""Only 1st line of treatment for metastatic disease"", ""Monotherapy/combination"": ""Monotherapy"", ""NCT"": ""NCT02807636"", ""Name of ICI"": ""Atezolizumab"", ""Number of arms"": 3, ""Originial publication or Follow-up"": ""Original publication"", ""Priamry Multiple, composite, or co-primary endpoints?"": ""Co-primary"", ""Primary endpoint"": ""OS+PFS"", ""PubMed ID"": ""32416780"", ""Secondary endpoint"": ""RR, DOR, PFS"", ""Total sample size"": 1213, ""Treatment regimen"": ""Atezolizumab"", ""Trial name"": ""IMvigor130"", ""Trial phase"": ""Phase 3"", ""Type of combination"": null, ""Type of control"": ""Chemo"", ""Type of follow-up given"": ""Median"", ""Type of therapy"": ""Monotherapy"", ""Year"": 2020, ""__rowid__"": 108}","NCT: NCT02807636 | PubMed ID: 32416780 | Trial name: IMvigor130 | Author: Galsky MD et al (1) | Year: 2020 | Trial phase: Phase 3 | Number of arms: 3 | Total sample size: 1213 | Originial publication or Follow-up: Original publication | Cancer type: Urothelial | Treatment regimen: Atezolizumab | Name of ICI: Atezolizumab | Class of ICI: PD-L1 | Monotherapy/combination: Monotherapy | Type of combination: None | Control regimen: Placebo+Gemcitabine+Carboplatin or Cisplatin | Type of control: Chemo | Lines of treatment: Only 1st line of treatment for metastatic disease | Clincal setting in relation to surgery: Metastatic+recurrent (unresectable) | Primary endpoint: OS+PFS | Priamry Multiple, composite, or co-primary endpoints?: Co-primary | Secondary endpoint: RR, DOR, PFS | Is PD-L1 positivity inclusion criteria: No | Is any other biomarker used for inclusion: No | Type of follow-up given: Median | Follow-up duration for primary endpoint(s) in months | Overall: None | Follow-up duration for primary endpoint(s) in months | Rx: 15.7,NA | Follow-up duration for primary endpoint(s) in months | Control: 13.1,NA | Type of therapy: Monotherapy | Control arm: Chemo | Clinical setting: Metastatic+recurrent (unresectable) | Included in MA: Yes"
row_311,311,"For Pembrolizumab trials in Melanoma, extract the trial acronym from the trial name (e.g., KEYNOTE-xxx, CHECKMATE-xxx).",Trial name,"[""trial_acronym""]",tabert,source_column,10,0.749089777469635,0,1,NCT02302807,29268948,IMvigor211,IMvigor211,"{""Author"": ""Powles T et al"", ""Cancer type"": ""Bladder"", ""Class of ICI"": ""PD-L1"", ""Clincal setting in relation to surgery"": ""Metastatic+recurrent (unresectable)"", ""Clinical setting"": ""Metastatic+recurrent (unresectable)"", ""Control arm"": ""Chemo"", ""Control regimen"": ""Vinflunine+Paclitaxel+Docetaxel"", ""Follow-up duration for primary endpoint(s) in months | Control"": null, ""Follow-up duration for primary endpoint(s) in months | Overall"": ""17.3"", ""Follow-up duration for primary endpoint(s) in months | Rx"": null, ""Included in MA"": ""Yes"", ""Is PD-L1 positivity inclusion criteria"": ""No"", ""Is any other biomarker used for inclusion"": ""No"", ""Lines of treatment"": ""1st and later line of treatment for metastatic disease"", ""Monotherapy/combination"": ""Monotherapy"", ""NCT"": ""NCT02302807"", ""Name of ICI"": ""Atezolizumab"", ""Number of arms"": 2, ""Originial publication or Follow-up"": ""Original publication"", ""Priamry Multiple, composite, or co-primary endpoints?"": null, ""Primary endpoint"": ""OS"", ""PubMed ID"": ""29268948"", ""Secondary endpoint"": ""investigator-assessed RECIST v1.1 ORR, PFS, DoR"", ""Total sample size"": 931, ""Treatment regimen"": ""Atezolizumab"", ""Trial name"": ""IMvigor211"", ""Trial phase"": ""Phase 3"", ""Type of combination"": null, ""Type of control"": ""Chemo"", ""Type of follow-up given"": ""Median"", ""Type of therapy"": ""Monotherapy"", ""Year"": 2018, ""__rowid__"": 1}","NCT: NCT02302807 | PubMed ID: 29268948 | Trial name: IMvigor211 | Author: Powles T et al | Year: 2018 | Trial phase: Phase 3 | Number of arms: 2 | Total sample size: 931 | Originial publication or Follow-up: Original publication | Cancer type: Bladder | Treatment regimen: Atezolizumab | Name of ICI: Atezolizumab | Class of ICI: PD-L1 | Monotherapy/combination: Monotherapy | Type of combination: None | Control regimen: Vinflunine+Paclitaxel+Docetaxel | Type of control: Chemo | Lines of treatment: 1st and later line of treatment for metastatic disease | Clincal setting in relation to surgery: Metastatic+recurrent (unresectable) | Primary endpoint: OS | Priamry Multiple, composite, or co-primary endpoints?: None | Secondary endpoint: investigator-assessed RECIST v1.1 ORR, PFS, DoR | Is PD-L1 positivity inclusion criteria: No | Is any other biomarker used for inclusion: No | Type of follow-up given: Median | Follow-up duration for primary endpoint(s) in months | Overall: 17.3 | Follow-up duration for primary endpoint(s) in months | Rx: None | Follow-up duration for primary endpoint(s) in months | Control: None | Type of therapy: Monotherapy | Control arm: Chemo | Clinical setting: Metastatic+recurrent (unresectable) | Included in MA: Yes"
row_311,311,"For Pembrolizumab trials in Melanoma, extract the trial acronym from the trial name (e.g., KEYNOTE-xxx, CHECKMATE-xxx).",Trial name,"[""trial_acronym""]",tabert,source_column,11,0.7487970590591431,0,5,NCT02685059,31095287,GeparNuevo,GeparNuevo,"{""Author"": ""Loibl S et al"", ""Cancer type"": ""Breast"", ""Class of ICI"": ""PD-L1"", ""Clincal setting in relation to surgery"": ""Neoadjuvant"", ""Clinical setting"": ""Neoadjuvant"", ""Control arm"": ""Chemo"", ""Control regimen"": ""Placebo+Nab-paclitaxel+Epirubicin+Cyclophosphamide"", ""Follow-up duration for primary endpoint(s) in months | Control"": null, ""Follow-up duration for primary endpoint(s) in months | Overall"": null, ""Follow-up duration for primary endpoint(s) in months | Rx"": null, ""Included in MA"": ""Yes"", ""Is PD-L1 positivity inclusion criteria"": ""No"", ""Is any other biomarker used for inclusion"": ""No"", ""Lines of treatment"": null, ""Monotherapy/combination"": ""Combination"", ""NCT"": ""NCT02685059"", ""Name of ICI"": ""Durvalumab"", ""Number of arms"": 2, ""Originial publication or Follow-up"": ""Original publication"", ""Priamry Multiple, composite, or co-primary endpoints?"": null, ""Primary endpoint"": ""Path CR"", ""PubMed ID"": ""31095287"", ""Secondary endpoint"": ""response rate by other path CR definitions (ypT0/is ypN0, ypT0/is ypN0/þ, and ypN0) and by clinical and imaging assessment; rate of breast conserving surgery and axilla lymph node dissection; efficacy in predefined subgroups according to centrally assessed sTILs [low ( 10%), intermediate (11%–59%), high ( 60%)]"", ""Total sample size"": 174, ""Treatment regimen"": ""Durvalumab+Nab-paclitaxel+epirubicin+cyclophosphamide"", ""Trial name"": ""GeparNuevo"", ""Trial phase"": ""Phase 2"", ""Type of combination"": ""ICI+Chemo"", ""Type of control"": ""Chemo"", ""Type of follow-up given"": null, ""Type of therapy"": ""Combination"", ""Year"": 2019, ""__rowid__"": 5}","NCT: NCT02685059 | PubMed ID: 31095287 | Trial name: GeparNuevo | Author: Loibl S et al | Year: 2019 | Trial phase: Phase 2 | Number of arms: 2 | Total sample size: 174 | Originial publication or Follow-up: Original publication | Cancer type: Breast | Treatment regimen: Durvalumab+Nab-paclitaxel+epirubicin+cyclophosphamide | Name of ICI: Durvalumab | Class of ICI: PD-L1 | Monotherapy/combination: Combination | Type of combination: ICI+Chemo | Control regimen: Placebo+Nab-paclitaxel+Epirubicin+Cyclophosphamide | Type of control: Chemo | Lines of treatment: None | Clincal setting in relation to surgery: Neoadjuvant | Primary endpoint: Path CR | Priamry Multiple, composite, or co-primary endpoints?: None | Secondary endpoint: response rate by other path CR definitions (ypT0/is ypN0, ypT0/is ypN0/þ, and ypN0) and by clinical and imaging assessment; rate of breast conserving surgery and axilla lymph node dissection; efficacy in predefined subgroups according to centrally assessed sTILs [low ( 10%), intermediate (11%–59%), high ( 60%)] | Is PD-L1 positivity inclusion criteria: No | Is any other biomarker used for inclusion: No | Type of follow-up given: None | Follow-up duration for primary endpoint(s) in months | Overall: None | Follow-up duration for primary endpoint(s) in months | Rx: None | Follow-up duration for primary endpoint(s) in months | Control: None | Type of therapy: Combination | Control arm: Chemo | Clinical setting: Neoadjuvant | Included in MA: Yes"
row_311,311,"For Pembrolizumab trials in Melanoma, extract the trial acronym from the trial name (e.g., KEYNOTE-xxx, CHECKMATE-xxx).",Trial name,"[""trial_acronym""]",tabert,source_column,12,0.7477951049804688,0,155,NCT03088540,33581821,EMPOWER-Lung 1,EMPOWER-Lung 1,"{""Author"": ""Sezer A et al"", ""Cancer type"": ""Non-Small Cell Lung"", ""Class of ICI"": ""PD1"", ""Clincal setting in relation to surgery"": ""Metastatic+recurrent (unresectable)"", ""Clinical setting"": ""Metastatic+recurrent (unresectable)"", ""Control arm"": ""Chemo"", ""Control regimen"": ""Chemotherapy"", ""Follow-up duration for primary endpoint(s) in months | Control"": ""10.9"", ""Follow-up duration for primary endpoint(s) in months | Overall"": null, ""Follow-up duration for primary endpoint(s) in months | Rx"": ""10.8"", ""Included in MA"": null, ""Is PD-L1 positivity inclusion criteria"": ""Yes"", ""Is any other biomarker used for inclusion"": ""Yes"", ""Lines of treatment"": ""Only 1st line of treatment for metastatic disease"", ""Monotherapy/combination"": ""Monotherapy"", ""NCT"": ""NCT03088540"", ""Name of ICI"": ""Cemiplimab"", ""Number of arms"": 2, ""Originial publication or Follow-up"": ""Original publication"", ""Priamry Multiple, composite, or co-primary endpoints?"": ""Multiple"", ""Primary endpoint"": ""OS+PFS"", ""PubMed ID"": ""33581821"", ""Secondary endpoint"": ""ORR; DoR; HRQOL; safety"", ""Total sample size"": 710, ""Treatment regimen"": ""Cemiplimab"", ""Trial name"": ""EMPOWER-Lung 1"", ""Trial phase"": ""Phase 3"", ""Type of combination"": null, ""Type of control"": ""Chemo"", ""Type of follow-up given"": ""Median"", ""Type of therapy"": ""Monotherapy"", ""Year"": 2021, ""__rowid__"": 155}","NCT: NCT03088540 | PubMed ID: 33581821 | Trial name: EMPOWER-Lung 1 | Author: Sezer A et al | Year: 2021 | Trial phase: Phase 3 | Number of arms: 2 | Total sample size: 710 | Originial publication or Follow-up: Original publication | Cancer type: Non-Small Cell Lung | Treatment regimen: Cemiplimab | Name of ICI: Cemiplimab | Class of ICI: PD1 | Monotherapy/combination: Monotherapy | Type of combination: None | Control regimen: Chemotherapy | Type of control: Chemo | Lines of treatment: Only 1st line of treatment for metastatic disease | Clincal setting in relation to surgery: Metastatic+recurrent (unresectable) | Primary endpoint: OS+PFS | Priamry Multiple, composite, or co-primary endpoints?: Multiple | Secondary endpoint: ORR; DoR; HRQOL; safety | Is PD-L1 positivity inclusion criteria: Yes | Is any other biomarker used for inclusion: Yes | Type of follow-up given: Median | Follow-up duration for primary endpoint(s) in months | Overall: None | Follow-up duration for primary endpoint(s) in months | Rx: 10.8 | Follow-up duration for primary endpoint(s) in months | Control: 10.9 | Type of therapy: Monotherapy | Control arm: Chemo | Clinical setting: Metastatic+recurrent (unresectable) | Included in MA: None"
row_311,311,"For Pembrolizumab trials in Melanoma, extract the trial acronym from the trial name (e.g., KEYNOTE-xxx, CHECKMATE-xxx).",Trial name,"[""trial_acronym""]",tabert,source_column,13,0.747463047504425,1,62,NCT02362594,29658430,EORTC 1325-MG/KEYNOTE-054,EORTC 1325-MG/KEYNOTE-054,"{""Author"": ""Eggermont AMM et al"", ""Cancer type"": ""Melanoma"", ""Class of ICI"": ""PD1"", ""Clincal setting in relation to surgery"": ""Adjuvant"", ""Clinical setting"": ""Adjuvant"", ""Control arm"": ""Placebo"", ""Control regimen"": ""Placebo"", ""Follow-up duration for primary endpoint(s) in months | Control"": ""15.4"", ""Follow-up duration for primary endpoint(s) in months | Overall"": ""15.1"", ""Follow-up duration for primary endpoint(s) in months | Rx"": ""14.7"", ""Included in MA"": ""Yes"", ""Is PD-L1 positivity inclusion criteria"": ""No"", ""Is any other biomarker used for inclusion"": ""No"", ""Lines of treatment"": null, ""Monotherapy/combination"": ""Monotherapy"", ""NCT"": ""NCT02362594"", ""Name of ICI"": ""Pembrolizumab"", ""Number of arms"": 2, ""Originial publication or Follow-up"": ""Original publication"", ""Priamry Multiple, composite, or co-primary endpoints?"": null, ""Primary endpoint"": ""PFS"", ""PubMed ID"": ""29658430"", ""Secondary endpoint"": ""Distant metastasis-free survival; OS; safety measures; measures of health-related quality of life."", ""Total sample size"": 1019, ""Treatment regimen"": ""Pembrolizumab"", ""Trial name"": ""EORTC 1325-MG/KEYNOTE-054"", ""Trial phase"": ""Phase 3"", ""Type of combination"": null, ""Type of control"": ""Placebo"", ""Type of follow-up given"": ""Median"", ""Type of therapy"": ""Monotherapy"", ""Year"": 2018, ""__rowid__"": 62}","NCT: NCT02362594 | PubMed ID: 29658430 | Trial name: EORTC 1325-MG/KEYNOTE-054 | Author: Eggermont AMM et al | Year: 2018 | Trial phase: Phase 3 | Number of arms: 2 | Total sample size: 1019 | Originial publication or Follow-up: Original publication | Cancer type: Melanoma | Treatment regimen: Pembrolizumab | Name of ICI: Pembrolizumab | Class of ICI: PD1 | Monotherapy/combination: Monotherapy | Type of combination: None | Control regimen: Placebo | Type of control: Placebo | Lines of treatment: None | Clincal setting in relation to surgery: Adjuvant | Primary endpoint: PFS | Priamry Multiple, composite, or co-primary endpoints?: None | Secondary endpoint: Distant metastasis-free survival; OS; safety measures; measures of health-related quality of life. | Is PD-L1 positivity inclusion criteria: No | Is any other biomarker used for inclusion: No | Type of follow-up given: Median | Follow-up duration for primary endpoint(s) in months | Overall: 15.1 | Follow-up duration for primary endpoint(s) in months | Rx: 14.7 | Follow-up duration for primary endpoint(s) in months | Control: 15.4 | Type of therapy: Monotherapy | Control arm: Placebo | Clinical setting: Adjuvant | Included in MA: Yes"
row_311,311,"For Pembrolizumab trials in Melanoma, extract the trial acronym from the trial name (e.g., KEYNOTE-xxx, CHECKMATE-xxx).",Trial name,"[""trial_acronym""]",tabert,source_column,14,0.7448278069496155,0,151,NCT02299999,33462450,SAFIR02-BREAST IMMUNO,SAFIR02-BREAST IMMUNO,"{""Author"": ""Bachelot T et al"", ""Cancer type"": ""Breast"", ""Class of ICI"": ""PD-L1"", ""Clincal setting in relation to surgery"": ""Maintenance"", ""Clinical setting"": ""Maintenance"", ""Control arm"": ""Chemo"", ""Control regimen"": ""Chemotherapy"", ""Follow-up duration for primary endpoint(s) in months | Control"": null, ""Follow-up duration for primary endpoint(s) in months | Overall"": ""19.7"", ""Follow-up duration for primary endpoint(s) in months | Rx"": null, ""Included in MA"": null, ""Is PD-L1 positivity inclusion criteria"": ""No"", ""Is any other biomarker used for inclusion"": ""Yes"", ""Lines of treatment"": ""Only 2nd or later line of treatment for metastatic disease"", ""Monotherapy/combination"": ""Monotherapy"", ""NCT"": ""NCT02299999"", ""Name of ICI"": ""Durvalumab"", ""Number of arms"": 2, ""Originial publication or Follow-up"": ""Original publication"", ""Priamry Multiple, composite, or co-primary endpoints?"": null, ""Primary endpoint"": ""PFS"", ""PubMed ID"": ""33462450"", ""Secondary endpoint"": ""OS"", ""Total sample size"": 199, ""Treatment regimen"": ""Durvalumab"", ""Trial name"": ""SAFIR02-BREAST IMMUNO"", ""Trial phase"": ""Phase 2"", ""Type of combination"": null, ""Type of control"": ""Chemo"", ""Type of follow-up given"": ""Median"", ""Type of therapy"": ""Monotherapy"", ""Year"": 2021, ""__rowid__"": 151}","NCT: NCT02299999 | PubMed ID: 33462450 | Trial name: SAFIR02-BREAST IMMUNO | Author: Bachelot T et al | Year: 2021 | Trial phase: Phase 2 | Number of arms: 2 | Total sample size: 199 | Originial publication or Follow-up: Original publication | Cancer type: Breast | Treatment regimen: Durvalumab | Name of ICI: Durvalumab | Class of ICI: PD-L1 | Monotherapy/combination: Monotherapy | Type of combination: None | Control regimen: Chemotherapy | Type of control: Chemo | Lines of treatment: Only 2nd or later line of treatment for metastatic disease | Clincal setting in relation to surgery: Maintenance | Primary endpoint: PFS | Priamry Multiple, composite, or co-primary endpoints?: None | Secondary endpoint: OS | Is PD-L1 positivity inclusion criteria: No | Is any other biomarker used for inclusion: Yes | Type of follow-up given: Median | Follow-up duration for primary endpoint(s) in months | Overall: 19.7 | Follow-up duration for primary endpoint(s) in months | Rx: None | Follow-up duration for primary endpoint(s) in months | Control: None | Type of therapy: Monotherapy | Control arm: Chemo | Clinical setting: Maintenance | Included in MA: None"
row_311,311,"For Pembrolizumab trials in Melanoma, extract the trial acronym from the trial name (e.g., KEYNOTE-xxx, CHECKMATE-xxx).",Trial name,"[""trial_acronym""]",tabert,source_column,15,0.7426743507385254,0,16,NCT01984242,29867230,IMmotion150,IMmotion150,"{""Author"": ""McDermott DF et al"", ""Cancer type"": ""Renal cell"", ""Class of ICI"": ""PD-L1"", ""Clincal setting in relation to surgery"": ""Metastatic+recurrent (unresectable)"", ""Clinical setting"": ""Metastatic+recurrent (unresectable)"", ""Control arm"": ""TKI"", ""Control regimen"": ""Sunitinib"", ""Follow-up duration for primary endpoint(s) in months | Control"": null, ""Follow-up duration for primary endpoint(s) in months | Overall"": ""20.7"", ""Follow-up duration for primary endpoint(s) in months | Rx"": null, ""Included in MA"": ""No"", ""Is PD-L1 positivity inclusion criteria"": ""No"", ""Is any other biomarker used for inclusion"": ""No"", ""Lines of treatment"": ""Only 1st line of treatment for metastatic disease"", ""Monotherapy/combination"": ""Monotherapy"", ""NCT"": ""NCT01984242"", ""Name of ICI"": ""Atezolizumab"", ""Number of arms"": 3, ""Originial publication or Follow-up"": ""Original publication"", ""Priamry Multiple, composite, or co-primary endpoints?"": null, ""Primary endpoint"": ""PFS"", ""PubMed ID"": ""29867230"", ""Secondary endpoint"": ""Investigator-assessed PFS; ORR; \nDOR; OS; patient-reported outcomes; safety."", ""Total sample size"": 305, ""Treatment regimen"": ""Atezolizumab"", ""Trial name"": ""IMmotion150"", ""Trial phase"": ""Phase 2"", ""Type of combination"": null, ""Type of control"": ""TKI"", ""Type of follow-up given"": ""Median"", ""Type of therapy"": ""Monotherapy"", ""Year"": 2018, ""__rowid__"": 16}","NCT: NCT01984242 | PubMed ID: 29867230 | Trial name: IMmotion150 | Author: McDermott DF et al | Year: 2018 | Trial phase: Phase 2 | Number of arms: 3 | Total sample size: 305 | Originial publication or Follow-up: Original publication | Cancer type: Renal cell | Treatment regimen: Atezolizumab | Name of ICI: Atezolizumab | Class of ICI: PD-L1 | Monotherapy/combination: Monotherapy | Type of combination: None | Control regimen: Sunitinib | Type of control: TKI | Lines of treatment: Only 1st line of treatment for metastatic disease | Clincal setting in relation to surgery: Metastatic+recurrent (unresectable) | Primary endpoint: PFS | Priamry Multiple, composite, or co-primary endpoints?: None | Secondary endpoint: Investigator-assessed PFS; ORR; 
DOR; OS; patient-reported outcomes; safety. | Is PD-L1 positivity inclusion criteria: No | Is any other biomarker used for inclusion: No | Type of follow-up given: Median | Follow-up duration for primary endpoint(s) in months | Overall: 20.7 | Follow-up duration for primary endpoint(s) in months | Rx: None | Follow-up duration for primary endpoint(s) in months | Control: None | Type of therapy: Monotherapy | Control arm: TKI | Clinical setting: Metastatic+recurrent (unresectable) | Included in MA: No"
row_311,311,"For Pembrolizumab trials in Melanoma, extract the trial acronym from the trial name (e.g., KEYNOTE-xxx, CHECKMATE-xxx).",Trial name,"[""trial_acronym""]",tabert,source_column,16,0.7416491508483887,1,141,NCT02362594,32946353,EORTC 1325-MG/KEYNOTE-054,EORTC 1325-MG/KEYNOTE-054,"{""Author"": ""Eggermont AMM et al"", ""Cancer type"": ""Melanoma"", ""Class of ICI"": ""PD1"", ""Clincal setting in relation to surgery"": ""Adjuvant"", ""Clinical setting"": ""Adjuvant"", ""Control arm"": ""Placebo"", ""Control regimen"": ""Placebo"", ""Follow-up duration for primary endpoint(s) in months | Control"": ""36.5"", ""Follow-up duration for primary endpoint(s) in months | Overall"": ""36.6"", ""Follow-up duration for primary endpoint(s) in months | Rx"": ""36.6"", ""Included in MA"": null, ""Is PD-L1 positivity inclusion criteria"": ""No"", ""Is any other biomarker used for inclusion"": ""No"", ""Lines of treatment"": ""Only 1st line of treatment for metastatic disease"", ""Monotherapy/combination"": ""Monotherapy"", ""NCT"": ""NCT02362594"", ""Name of ICI"": ""Pembrolizumab"", ""Number of arms"": 2, ""Originial publication or Follow-up"": ""Follow-up"", ""Priamry Multiple, composite, or co-primary endpoints?"": ""Co-primary"", ""Primary endpoint"": ""RFS"", ""PubMed ID"": ""32946353"", ""Secondary endpoint"": null, ""Total sample size"": 1019, ""Treatment regimen"": ""Pembrolizumab"", ""Trial name"": ""EORTC 1325-MG/KEYNOTE-054"", ""Trial phase"": ""Phase 3"", ""Type of combination"": null, ""Type of control"": ""Placebo"", ""Type of follow-up given"": ""Median"", ""Type of therapy"": ""Monotherapy"", ""Year"": 2020, ""__rowid__"": 141}","NCT: NCT02362594 | PubMed ID: 32946353 | Trial name: EORTC 1325-MG/KEYNOTE-054 | Author: Eggermont AMM et al | Year: 2020 | Trial phase: Phase 3 | Number of arms: 2 | Total sample size: 1019 | Originial publication or Follow-up: Follow-up | Cancer type: Melanoma | Treatment regimen: Pembrolizumab | Name of ICI: Pembrolizumab | Class of ICI: PD1 | Monotherapy/combination: Monotherapy | Type of combination: None | Control regimen: Placebo | Type of control: Placebo | Lines of treatment: Only 1st line of treatment for metastatic disease | Clincal setting in relation to surgery: Adjuvant | Primary endpoint: RFS | Priamry Multiple, composite, or co-primary endpoints?: Co-primary | Secondary endpoint: None | Is PD-L1 positivity inclusion criteria: No | Is any other biomarker used for inclusion: No | Type of follow-up given: Median | Follow-up duration for primary endpoint(s) in months | Overall: 36.6 | Follow-up duration for primary endpoint(s) in months | Rx: 36.6 | Follow-up duration for primary endpoint(s) in months | Control: 36.5 | Type of therapy: Monotherapy | Control arm: Placebo | Clinical setting: Adjuvant | Included in MA: None"
row_311,311,"For Pembrolizumab trials in Melanoma, extract the trial acronym from the trial name (e.g., KEYNOTE-xxx, CHECKMATE-xxx).",Trial name,"[""trial_acronym""]",tabert,source_column,17,0.7404788732528687,0,84,NCT02425891,31786121,IMpassion130,IMpassion130,"{""Author"": ""Schmid P et al"", ""Cancer type"": ""Breast"", ""Class of ICI"": ""PD-L1"", ""Clincal setting in relation to surgery"": ""Metastatic+recurrent (unresectable)"", ""Clinical setting"": ""Metastatic+recurrent (unresectable)"", ""Control arm"": ""Chemo"", ""Control regimen"": ""Nab-paclitaxel"", ""Follow-up duration for primary endpoint(s) in months | Control"": ""17.5"", ""Follow-up duration for primary endpoint(s) in months | Overall"": null, ""Follow-up duration for primary endpoint(s) in months | Rx"": ""18.5"", ""Included in MA"": ""No"", ""Is PD-L1 positivity inclusion criteria"": ""No"", ""Is any other biomarker used for inclusion"": ""No"", ""Lines of treatment"": ""Only 1st line of treatment for metastatic disease"", ""Monotherapy/combination"": ""Combination"", ""NCT"": ""NCT02425891"", ""Name of ICI"": ""Atezolizumab"", ""Number of arms"": 2, ""Originial publication or Follow-up"": ""Follow-up"", ""Priamry Multiple, composite, or co-primary endpoints?"": ""Co-primary"", ""Primary endpoint"": ""OS+PFS"", ""PubMed ID"": ""31786121"", ""Secondary endpoint"": ""investigator-assessed RECIST v1.1 ORR,  DoR"", ""Total sample size"": 902, ""Treatment regimen"": ""Atezolizumab+Nab-paclitaxel"", ""Trial name"": ""IMpassion130"", ""Trial phase"": ""Phase 3"", ""Type of combination"": ""ICI+Chemo"", ""Type of control"": ""Chemo"", ""Type of follow-up given"": ""Median"", ""Type of therapy"": ""Combination"", ""Year"": 2019, ""__rowid__"": 84}","NCT: NCT02425891 | PubMed ID: 31786121 | Trial name: IMpassion130 | Author: Schmid P et al | Year: 2019 | Trial phase: Phase 3 | Number of arms: 2 | Total sample size: 902 | Originial publication or Follow-up: Follow-up | Cancer type: Breast | Treatment regimen: Atezolizumab+Nab-paclitaxel | Name of ICI: Atezolizumab | Class of ICI: PD-L1 | Monotherapy/combination: Combination | Type of combination: ICI+Chemo | Control regimen: Nab-paclitaxel | Type of control: Chemo | Lines of treatment: Only 1st line of treatment for metastatic disease | Clincal setting in relation to surgery: Metastatic+recurrent (unresectable) | Primary endpoint: OS+PFS | Priamry Multiple, composite, or co-primary endpoints?: Co-primary | Secondary endpoint: investigator-assessed RECIST v1.1 ORR,  DoR | Is PD-L1 positivity inclusion criteria: No | Is any other biomarker used for inclusion: No | Type of follow-up given: Median | Follow-up duration for primary endpoint(s) in months | Overall: None | Follow-up duration for primary endpoint(s) in months | Rx: 18.5 | Follow-up duration for primary endpoint(s) in months | Control: 17.5 | Type of therapy: Combination | Control arm: Chemo | Clinical setting: Metastatic+recurrent (unresectable) | Included in MA: No"
row_311,311,"For Pembrolizumab trials in Melanoma, extract the trial acronym from the trial name (e.g., KEYNOTE-xxx, CHECKMATE-xxx).",Trial name,"[""trial_acronym""]",tabert,source_column,18,0.7396044135093689,0,22,NCT02420821,31079938,IMmotion151,IMmotion151,"{""Author"": ""Rini BI et al"", ""Cancer type"": ""Renal cell"", ""Class of ICI"": ""PD-L1"", ""Clincal setting in relation to surgery"": ""Metastatic+recurrent (unresectable)"", ""Clinical setting"": ""Metastatic+recurrent (unresectable)"", ""Control arm"": ""TKI"", ""Control regimen"": ""Sunitinib"", ""Follow-up duration for primary endpoint(s) in months | Control"": null, ""Follow-up duration for primary endpoint(s) in months | Overall"": ""24, 15"", ""Follow-up duration for primary endpoint(s) in months | Rx"": null, ""Included in MA"": ""Yes"", ""Is PD-L1 positivity inclusion criteria"": ""No"", ""Is any other biomarker used for inclusion"": ""No"", ""Lines of treatment"": ""Only 1st line of treatment for metastatic disease"", ""Monotherapy/combination"": ""Combination"", ""NCT"": ""NCT02420821"", ""Name of ICI"": ""Atezolizumab"", ""Number of arms"": 2, ""Originial publication or Follow-up"": ""Original publication"", ""Priamry Multiple, composite, or co-primary endpoints?"": ""Co-primary"", ""Primary endpoint"": ""OS+PFS"", ""PubMed ID"": ""31079938"", ""Secondary endpoint"": ""OS in PD-L1 positive population; PFS in the ITT population; proportion of patients who achieved an objective response; duration of response; patient-reported outcomes; safety"", ""Total sample size"": 915, ""Treatment regimen"": ""Atezolizumab+Bevacizumab"", ""Trial name"": ""IMmotion151"", ""Trial phase"": ""Phase 3"", ""Type of combination"": ""ICI+Anti-VEGF"", ""Type of control"": ""TKI"", ""Type of follow-up given"": ""Median"", ""Type of therapy"": ""Combination"", ""Year"": 2019, ""__rowid__"": 22}","NCT: NCT02420821 | PubMed ID: 31079938 | Trial name: IMmotion151 | Author: Rini BI et al | Year: 2019 | Trial phase: Phase 3 | Number of arms: 2 | Total sample size: 915 | Originial publication or Follow-up: Original publication | Cancer type: Renal cell | Treatment regimen: Atezolizumab+Bevacizumab | Name of ICI: Atezolizumab | Class of ICI: PD-L1 | Monotherapy/combination: Combination | Type of combination: ICI+Anti-VEGF | Control regimen: Sunitinib | Type of control: TKI | Lines of treatment: Only 1st line of treatment for metastatic disease | Clincal setting in relation to surgery: Metastatic+recurrent (unresectable) | Primary endpoint: OS+PFS | Priamry Multiple, composite, or co-primary endpoints?: Co-primary | Secondary endpoint: OS in PD-L1 positive population; PFS in the ITT population; proportion of patients who achieved an objective response; duration of response; patient-reported outcomes; safety | Is PD-L1 positivity inclusion criteria: No | Is any other biomarker used for inclusion: No | Type of follow-up given: Median | Follow-up duration for primary endpoint(s) in months | Overall: 24, 15 | Follow-up duration for primary endpoint(s) in months | Rx: None | Follow-up duration for primary endpoint(s) in months | Control: None | Type of therapy: Combination | Control arm: TKI | Clinical setting: Metastatic+recurrent (unresectable) | Included in MA: Yes"
row_311,311,"For Pembrolizumab trials in Melanoma, extract the trial acronym from the trial name (e.g., KEYNOTE-xxx, CHECKMATE-xxx).",Trial name,"[""trial_acronym""]",tabert,source_column,19,0.7388767600059509,0,10,NCT02625623,30052729,JAVELIN Gastric 300,JAVELIN Gastric 300,"{""Author"": ""Bang YJ et al"", ""Cancer type"": ""Gastric/GEJ"", ""Class of ICI"": ""PD-L1"", ""Clincal setting in relation to surgery"": ""Metastatic+recurrent (unresectable)"", ""Clinical setting"": ""Metastatic+recurrent (unresectable)"", ""Control arm"": ""Best supportive care"", ""Control regimen"": ""Best supportive care (+/-paclitaxel, irinotecan)"", ""Follow-up duration for primary endpoint(s) in months | Control"": null, ""Follow-up duration for primary endpoint(s) in months | Overall"": ""10.6"", ""Follow-up duration for primary endpoint(s) in months | Rx"": null, ""Included in MA"": ""Yes"", ""Is PD-L1 positivity inclusion criteria"": ""No"", ""Is any other biomarker used for inclusion"": ""No"", ""Lines of treatment"": ""Only 2nd or later line of treatment for metastatic disease"", ""Monotherapy/combination"": ""Monotherapy"", ""NCT"": ""NCT02625623"", ""Name of ICI"": ""Avelumab"", ""Number of arms"": 2, ""Originial publication or Follow-up"": ""Original publication"", ""Priamry Multiple, composite, or co-primary endpoints?"": null, ""Primary endpoint"": ""OS"", ""PubMed ID"": ""30052729"", ""Secondary endpoint"": ""PFS, ORR per independent review committee assessment, safety, tolerability"", ""Total sample size"": 371, ""Treatment regimen"": ""Avelumab"", ""Trial name"": ""JAVELIN Gastric 300"", ""Trial phase"": ""Phase 3"", ""Type of combination"": null, ""Type of control"": ""Best supportive care"", ""Type of follow-up given"": ""Median"", ""Type of therapy"": ""Monotherapy"", ""Year"": 2018, ""__rowid__"": 10}","NCT: NCT02625623 | PubMed ID: 30052729 | Trial name: JAVELIN Gastric 300 | Author: Bang YJ et al | Year: 2018 | Trial phase: Phase 3 | Number of arms: 2 | Total sample size: 371 | Originial publication or Follow-up: Original publication | Cancer type: Gastric/GEJ | Treatment regimen: Avelumab | Name of ICI: Avelumab | Class of ICI: PD-L1 | Monotherapy/combination: Monotherapy | Type of combination: None | Control regimen: Best supportive care (+/-paclitaxel, irinotecan) | Type of control: Best supportive care | Lines of treatment: Only 2nd or later line of treatment for metastatic disease | Clincal setting in relation to surgery: Metastatic+recurrent (unresectable) | Primary endpoint: OS | Priamry Multiple, composite, or co-primary endpoints?: None | Secondary endpoint: PFS, ORR per independent review committee assessment, safety, tolerability | Is PD-L1 positivity inclusion criteria: No | Is any other biomarker used for inclusion: No | Type of follow-up given: Median | Follow-up duration for primary endpoint(s) in months | Overall: 10.6 | Follow-up duration for primary endpoint(s) in months | Rx: None | Follow-up duration for primary endpoint(s) in months | Control: None | Type of therapy: Monotherapy | Control arm: Best supportive care | Clinical setting: Metastatic+recurrent (unresectable) | Included in MA: Yes"
row_311,311,"For Pembrolizumab trials in Melanoma, extract the trial acronym from the trial name (e.g., KEYNOTE-xxx, CHECKMATE-xxx).",Trial name,"[""trial_acronym""]",tabert,source_column,20,0.7375619411468506,0,4,NCT02425891,30345906,IMpassion130,IMpassion130,"{""Author"": ""Schmid P et al"", ""Cancer type"": ""Breast"", ""Class of ICI"": ""PD-L1"", ""Clincal setting in relation to surgery"": ""Metastatic+recurrent (unresectable)"", ""Clinical setting"": ""Metastatic+recurrent (unresectable)"", ""Control arm"": ""Chemo"", ""Control regimen"": ""Nab-paclitaxel"", ""Follow-up duration for primary endpoint(s) in months | Control"": ""12.5"", ""Follow-up duration for primary endpoint(s) in months | Overall"": ""12.9"", ""Follow-up duration for primary endpoint(s) in months | Rx"": ""13"", ""Included in MA"": ""Yes"", ""Is PD-L1 positivity inclusion criteria"": ""No"", ""Is any other biomarker used for inclusion"": ""No"", ""Lines of treatment"": ""Only 1st line of treatment for metastatic disease"", ""Monotherapy/combination"": ""Combination"", ""NCT"": ""NCT02425891"", ""Name of ICI"": ""Atezolizumab"", ""Number of arms"": 2, ""Originial publication or Follow-up"": ""Original publication"", ""Priamry Multiple, composite, or co-primary endpoints?"": ""Multiple"", ""Primary endpoint"": ""OS+PFS"", ""PubMed ID"": ""30345906"", ""Secondary endpoint"": ""investigator-assessed RECIST v1.1 ORR,  DoR"", ""Total sample size"": 902, ""Treatment regimen"": ""Atezolizumab+Nab-paclitaxel"", ""Trial name"": ""IMpassion130"", ""Trial phase"": ""Phase 3"", ""Type of combination"": ""ICI+Chemo"", ""Type of control"": ""Chemo"", ""Type of follow-up given"": ""Median"", ""Type of therapy"": ""Combination"", ""Year"": 2018, ""__rowid__"": 4}","NCT: NCT02425891 | PubMed ID: 30345906 | Trial name: IMpassion130 | Author: Schmid P et al | Year: 2018 | Trial phase: Phase 3 | Number of arms: 2 | Total sample size: 902 | Originial publication or Follow-up: Original publication | Cancer type: Breast | Treatment regimen: Atezolizumab+Nab-paclitaxel | Name of ICI: Atezolizumab | Class of ICI: PD-L1 | Monotherapy/combination: Combination | Type of combination: ICI+Chemo | Control regimen: Nab-paclitaxel | Type of control: Chemo | Lines of treatment: Only 1st line of treatment for metastatic disease | Clincal setting in relation to surgery: Metastatic+recurrent (unresectable) | Primary endpoint: OS+PFS | Priamry Multiple, composite, or co-primary endpoints?: Multiple | Secondary endpoint: investigator-assessed RECIST v1.1 ORR,  DoR | Is PD-L1 positivity inclusion criteria: No | Is any other biomarker used for inclusion: No | Type of follow-up given: Median | Follow-up duration for primary endpoint(s) in months | Overall: 12.9 | Follow-up duration for primary endpoint(s) in months | Rx: 13 | Follow-up duration for primary endpoint(s) in months | Control: 12.5 | Type of therapy: Combination | Control arm: Chemo | Clinical setting: Metastatic+recurrent (unresectable) | Included in MA: Yes"
row_311,311,"For Pembrolizumab trials in Melanoma, extract the trial acronym from the trial name (e.g., KEYNOTE-xxx, CHECKMATE-xxx).",Trial name,"[""trial_acronym""]",tabert,row_table,1,0.8258713483810425,1,136,NCT02130466,33361337,KEYNOTE-022,KEYNOTE-022,"{""Author"": ""Ferrucci PF et al"", ""Cancer type"": ""Melanoma"", ""Class of ICI"": ""PD1"", ""Clincal setting in relation to surgery"": ""Metastatic+recurrent (unresectable)"", ""Clinical setting"": ""Metastatic+recurrent (unresectable)"", ""Control arm"": ""BRAFi+MEKi"", ""Control regimen"": ""Dabrafenib+trametinib+placebo"", ""Follow-up duration for primary endpoint(s) in months | Control"": null, ""Follow-up duration for primary endpoint(s) in months | Overall"": ""36.6"", ""Follow-up duration for primary endpoint(s) in months | Rx"": null, ""Included in MA"": null, ""Is PD-L1 positivity inclusion criteria"": ""No"", ""Is any other biomarker used for inclusion"": ""Yes"", ""Lines of treatment"": ""1st and later line of treatment for metastatic disease"", ""Monotherapy/combination"": ""Combination"", ""NCT"": ""NCT02130466"", ""Name of ICI"": ""Pembrolizumab"", ""Number of arms"": 2, ""Originial publication or Follow-up"": ""Original publication"", ""Priamry Multiple, composite, or co-primary endpoints?"": null, ""Primary endpoint"": ""PFS"", ""PubMed ID"": ""33361337"", ""Secondary endpoint"": ""ORR; duration of response; time to response; OS"", ""Total sample size"": 120, ""Treatment regimen"": ""Pembrolizumab+Dabrafenib+Trametinib"", ""Trial name"": ""KEYNOTE-022"", ""Trial phase"": ""Phase 2"", ""Type of combination"": ""ICI+BRAFi+MEKi"", ""Type of control"": ""BRAFi+MEKi"", ""Type of follow-up given"": ""Median"", ""Type of therapy"": ""Combination"", ""Year"": 2020, ""__rowid__"": 136}","NCT: NCT02130466 | PubMed ID: 33361337 | Trial name: KEYNOTE-022 | Author: Ferrucci PF et al | Year: 2020 | Trial phase: Phase 2 | Number of arms: 2 | Total sample size: 120 | Originial publication or Follow-up: Original publication | Cancer type: Melanoma | Treatment regimen: Pembrolizumab+Dabrafenib+Trametinib | Name of ICI: Pembrolizumab | Class of ICI: PD1 | Monotherapy/combination: Combination | Type of combination: ICI+BRAFi+MEKi | Control regimen: Dabrafenib+trametinib+placebo | Type of control: BRAFi+MEKi | Lines of treatment: 1st and later line of treatment for metastatic disease | Clincal setting in relation to surgery: Metastatic+recurrent (unresectable) | Primary endpoint: PFS | Priamry Multiple, composite, or co-primary endpoints?: None | Secondary endpoint: ORR; duration of response; time to response; OS | Is PD-L1 positivity inclusion criteria: No | Is any other biomarker used for inclusion: Yes | Type of follow-up given: Median | Follow-up duration for primary endpoint(s) in months | Overall: 36.6 | Follow-up duration for primary endpoint(s) in months | Rx: None | Follow-up duration for primary endpoint(s) in months | Control: None | Type of therapy: Combination | Control arm: BRAFi+MEKi | Clinical setting: Metastatic+recurrent (unresectable) | Included in MA: None"
row_311,311,"For Pembrolizumab trials in Melanoma, extract the trial acronym from the trial name (e.g., KEYNOTE-xxx, CHECKMATE-xxx).",Trial name,"[""trial_acronym""]",tabert,row_table,2,0.8257135152816772,0,131,NCT02853331,33284113,Keynote-426,Keynote-426,"{""Author"": ""Powles T et al."", ""Cancer type"": ""Renal cell"", ""Class of ICI"": ""PD1"", ""Clincal setting in relation to surgery"": ""Metastatic+recurrent (unresectable)"", ""Clinical setting"": ""Metastatic+recurrent (unresectable)"", ""Control arm"": ""TKI"", ""Control regimen"": ""Sunitinib"", ""Follow-up duration for primary endpoint(s) in months | Control"": ""35.7"", ""Follow-up duration for primary endpoint(s) in months | Overall"": ""30.6"", ""Follow-up duration for primary endpoint(s) in months | Rx"": ""NE"", ""Included in MA"": null, ""Is PD-L1 positivity inclusion criteria"": ""No"", ""Is any other biomarker used for inclusion"": ""No"", ""Lines of treatment"": ""Only 1st line of treatment for metastatic disease"", ""Monotherapy/combination"": ""Combination"", ""NCT"": ""NCT02853331"", ""Name of ICI"": ""Pembrolizumab"", ""Number of arms"": 2, ""Originial publication or Follow-up"": ""Follow-up"", ""Priamry Multiple, composite, or co-primary endpoints?"": ""Multiple"", ""Primary endpoint"": ""OS+PFS"", ""PubMed ID"": ""33284113"", ""Secondary endpoint"": ""ORR, DoR, safety, tolerability"", ""Total sample size"": 861, ""Treatment regimen"": ""Pembrolizumab+Axitinib"", ""Trial name"": ""Keynote-426"", ""Trial phase"": ""Phase 3"", ""Type of combination"": ""ICI+TKI"", ""Type of control"": ""TKI"", ""Type of follow-up given"": ""Median"", ""Type of therapy"": ""Combination"", ""Year"": 2020, ""__rowid__"": 131}","NCT: NCT02853331 | PubMed ID: 33284113 | Trial name: Keynote-426 | Author: Powles T et al. | Year: 2020 | Trial phase: Phase 3 | Number of arms: 2 | Total sample size: 861 | Originial publication or Follow-up: Follow-up | Cancer type: Renal cell | Treatment regimen: Pembrolizumab+Axitinib | Name of ICI: Pembrolizumab | Class of ICI: PD1 | Monotherapy/combination: Combination | Type of combination: ICI+TKI | Control regimen: Sunitinib | Type of control: TKI | Lines of treatment: Only 1st line of treatment for metastatic disease | Clincal setting in relation to surgery: Metastatic+recurrent (unresectable) | Primary endpoint: OS+PFS | Priamry Multiple, composite, or co-primary endpoints?: Multiple | Secondary endpoint: ORR, DoR, safety, tolerability | Is PD-L1 positivity inclusion criteria: No | Is any other biomarker used for inclusion: No | Type of follow-up given: Median | Follow-up duration for primary endpoint(s) in months | Overall: 30.6 | Follow-up duration for primary endpoint(s) in months | Rx: NE | Follow-up duration for primary endpoint(s) in months | Control: 35.7 | Type of therapy: Combination | Control arm: TKI | Clinical setting: Metastatic+recurrent (unresectable) | Included in MA: None"
row_311,311,"For Pembrolizumab trials in Melanoma, extract the trial acronym from the trial name (e.g., KEYNOTE-xxx, CHECKMATE-xxx).",Trial name,"[""trial_acronym""]",tabert,row_table,3,0.8252305388450623,0,148,NCT03141177,33657295,CheckMate 9ER,CheckMate 9ER,"{""Author"": ""Choueiri TK et al"", ""Cancer type"": ""Renal cell"", ""Class of ICI"": ""PD1"", ""Clincal setting in relation to surgery"": ""Metastatic+recurrent (unresectable)"", ""Clinical setting"": ""Metastatic+recurrent (unresectable)"", ""Control arm"": ""TKI"", ""Control regimen"": ""Sunitinib"", ""Follow-up duration for primary endpoint(s) in months | Control"": null, ""Follow-up duration for primary endpoint(s) in months | Overall"": ""18.1"", ""Follow-up duration for primary endpoint(s) in months | Rx"": null, ""Included in MA"": null, ""Is PD-L1 positivity inclusion criteria"": ""No"", ""Is any other biomarker used for inclusion"": ""No"", ""Lines of treatment"": ""Only 1st line of treatment for metastatic disease"", ""Monotherapy/combination"": ""Combination"", ""NCT"": ""NCT03141177"", ""Name of ICI"": ""Nivolumab"", ""Number of arms"": 2, ""Originial publication or Follow-up"": ""Original publication"", ""Priamry Multiple, composite, or co-primary endpoints?"": null, ""Primary endpoint"": ""PFS"", ""PubMed ID"": ""33657295"", ""Secondary endpoint"": ""OS; ORR; safety"", ""Total sample size"": 651, ""Treatment regimen"": ""Nivolumab+Cabozantinib"", ""Trial name"": ""CheckMate 9ER"", ""Trial phase"": ""Phase 3"", ""Type of combination"": ""ICI+TKI"", ""Type of control"": ""TKI"", ""Type of follow-up given"": ""Median"", ""Type of therapy"": ""Combination"", ""Year"": 2021, ""__rowid__"": 148}","NCT: NCT03141177 | PubMed ID: 33657295 | Trial name: CheckMate 9ER | Author: Choueiri TK et al | Year: 2021 | Trial phase: Phase 3 | Number of arms: 2 | Total sample size: 651 | Originial publication or Follow-up: Original publication | Cancer type: Renal cell | Treatment regimen: Nivolumab+Cabozantinib | Name of ICI: Nivolumab | Class of ICI: PD1 | Monotherapy/combination: Combination | Type of combination: ICI+TKI | Control regimen: Sunitinib | Type of control: TKI | Lines of treatment: Only 1st line of treatment for metastatic disease | Clincal setting in relation to surgery: Metastatic+recurrent (unresectable) | Primary endpoint: PFS | Priamry Multiple, composite, or co-primary endpoints?: None | Secondary endpoint: OS; ORR; safety | Is PD-L1 positivity inclusion criteria: No | Is any other biomarker used for inclusion: No | Type of follow-up given: Median | Follow-up duration for primary endpoint(s) in months | Overall: 18.1 | Follow-up duration for primary endpoint(s) in months | Rx: None | Follow-up duration for primary endpoint(s) in months | Control: None | Type of therapy: Combination | Control arm: TKI | Clinical setting: Metastatic+recurrent (unresectable) | Included in MA: None"
row_311,311,"For Pembrolizumab trials in Melanoma, extract the trial acronym from the trial name (e.g., KEYNOTE-xxx, CHECKMATE-xxx).",Trial name,"[""trial_acronym""]",tabert,row_table,4,0.8247274160385132,1,70,NCT02130466,31171878,KEYNOTE-022,KEYNOTE-022,"{""Author"": ""Ascierto PA et al"", ""Cancer type"": ""Melanoma"", ""Class of ICI"": ""PD1"", ""Clincal setting in relation to surgery"": ""Metastatic+recurrent (unresectable)"", ""Clinical setting"": ""Metastatic+recurrent (unresectable)"", ""Control arm"": ""BRAFi+MEKi"", ""Control regimen"": ""Dabrafenib+trametinib+placebo"", ""Follow-up duration for primary endpoint(s) in months | Control"": null, ""Follow-up duration for primary endpoint(s) in months | Overall"": ""9.6"", ""Follow-up duration for primary endpoint(s) in months | Rx"": null, ""Included in MA"": ""Yes"", ""Is PD-L1 positivity inclusion criteria"": ""No"", ""Is any other biomarker used for inclusion"": ""Yes"", ""Lines of treatment"": ""1st and later line of treatment for metastatic disease"", ""Monotherapy/combination"": ""Combination"", ""NCT"": ""NCT02130466"", ""Name of ICI"": ""Pembrolizumab"", ""Number of arms"": 2, ""Originial publication or Follow-up"": ""Original publication"", ""Priamry Multiple, composite, or co-primary endpoints?"": null, ""Primary endpoint"": ""PFS"", ""PubMed ID"": ""31171878"", ""Secondary endpoint"": ""ORR; duration of response; time to response; OS."", ""Total sample size"": 120, ""Treatment regimen"": ""Pembrolizumab+Dabrafenib+Trametinib"", ""Trial name"": ""KEYNOTE-022"", ""Trial phase"": ""Phase 2"", ""Type of combination"": ""ICI+BRAFi+MEKi"", ""Type of control"": ""BRAFi+MEKi"", ""Type of follow-up given"": ""Median"", ""Type of therapy"": ""Combination"", ""Year"": 2019, ""__rowid__"": 70}","NCT: NCT02130466 | PubMed ID: 31171878 | Trial name: KEYNOTE-022 | Author: Ascierto PA et al | Year: 2019 | Trial phase: Phase 2 | Number of arms: 2 | Total sample size: 120 | Originial publication or Follow-up: Original publication | Cancer type: Melanoma | Treatment regimen: Pembrolizumab+Dabrafenib+Trametinib | Name of ICI: Pembrolizumab | Class of ICI: PD1 | Monotherapy/combination: Combination | Type of combination: ICI+BRAFi+MEKi | Control regimen: Dabrafenib+trametinib+placebo | Type of control: BRAFi+MEKi | Lines of treatment: 1st and later line of treatment for metastatic disease | Clincal setting in relation to surgery: Metastatic+recurrent (unresectable) | Primary endpoint: PFS | Priamry Multiple, composite, or co-primary endpoints?: None | Secondary endpoint: ORR; duration of response; time to response; OS. | Is PD-L1 positivity inclusion criteria: No | Is any other biomarker used for inclusion: Yes | Type of follow-up given: Median | Follow-up duration for primary endpoint(s) in months | Overall: 9.6 | Follow-up duration for primary endpoint(s) in months | Rx: None | Follow-up duration for primary endpoint(s) in months | Control: None | Type of therapy: Combination | Control arm: BRAFi+MEKi | Clinical setting: Metastatic+recurrent (unresectable) | Included in MA: Yes"
row_311,311,"For Pembrolizumab trials in Melanoma, extract the trial acronym from the trial name (e.g., KEYNOTE-xxx, CHECKMATE-xxx).",Trial name,"[""trial_acronym""]",tabert,row_table,5,0.8246245384216309,0,88,NCT02362048,32114502,KEYNOTE144,KEYNOTE144,"{""Author"": ""Overman M et al"", ""Cancer type"": ""Pancreatic"", ""Class of ICI"": ""PD1"", ""Clincal setting in relation to surgery"": ""Metastatic+recurrent (unresectable)"", ""Clinical setting"": ""Metastatic+recurrent (unresectable)"", ""Control arm"": ""TKI"", ""Control regimen"": ""Acalabrutinib"", ""Follow-up duration for primary endpoint(s) in months | Control"": null, ""Follow-up duration for primary endpoint(s) in months | Overall"": null, ""Follow-up duration for primary endpoint(s) in months | Rx"": null, ""Included in MA"": ""No"", ""Is PD-L1 positivity inclusion criteria"": ""No"", ""Is any other biomarker used for inclusion"": ""No"", ""Lines of treatment"": ""Only 2nd or later line of treatment for metastatic disease"", ""Monotherapy/combination"": ""Combination"", ""NCT"": ""NCT02362048"", ""Name of ICI"": ""Pembrolizumab"", ""Number of arms"": 2, ""Originial publication or Follow-up"": ""Original publication"", ""Priamry Multiple, composite, or co-primary endpoints?"": null, ""Primary endpoint"": ""Safety"", ""PubMed ID"": ""32114502"", ""Secondary endpoint"": ""ORR; disease control rate; PFS; OS; change in cancer antigen (CA) 19–9."", ""Total sample size"": 77, ""Treatment regimen"": ""Pembrolizumab+Acalabrutinib"", ""Trial name"": ""KEYNOTE144"", ""Trial phase"": ""Phase 2"", ""Type of combination"": ""ICI+TKI"", ""Type of control"": ""TKI"", ""Type of follow-up given"": null, ""Type of therapy"": ""Combination"", ""Year"": 2020, ""__rowid__"": 88}","NCT: NCT02362048 | PubMed ID: 32114502 | Trial name: KEYNOTE144 | Author: Overman M et al | Year: 2020 | Trial phase: Phase 2 | Number of arms: 2 | Total sample size: 77 | Originial publication or Follow-up: Original publication | Cancer type: Pancreatic | Treatment regimen: Pembrolizumab+Acalabrutinib | Name of ICI: Pembrolizumab | Class of ICI: PD1 | Monotherapy/combination: Combination | Type of combination: ICI+TKI | Control regimen: Acalabrutinib | Type of control: TKI | Lines of treatment: Only 2nd or later line of treatment for metastatic disease | Clincal setting in relation to surgery: Metastatic+recurrent (unresectable) | Primary endpoint: Safety | Priamry Multiple, composite, or co-primary endpoints?: None | Secondary endpoint: ORR; disease control rate; PFS; OS; change in cancer antigen (CA) 19–9. | Is PD-L1 positivity inclusion criteria: No | Is any other biomarker used for inclusion: No | Type of follow-up given: None | Follow-up duration for primary endpoint(s) in months | Overall: None | Follow-up duration for primary endpoint(s) in months | Rx: None | Follow-up duration for primary endpoint(s) in months | Control: None | Type of therapy: Combination | Control arm: TKI | Clinical setting: Metastatic+recurrent (unresectable) | Included in MA: No"
row_311,311,"For Pembrolizumab trials in Melanoma, extract the trial acronym from the trial name (e.g., KEYNOTE-xxx, CHECKMATE-xxx).",Trial name,"[""trial_acronym""]",tabert,row_table,6,0.8235815167427063,0,145,NCT02811861,33616314,CLEAR,CLEAR,"{""Author"": ""Motzer R et al"", ""Cancer type"": ""Renal cell"", ""Class of ICI"": ""PD1"", ""Clincal setting in relation to surgery"": ""Metastatic+recurrent (unresectable)"", ""Clinical setting"": ""Metastatic+recurrent (unresectable)"", ""Control arm"": ""TKI"", ""Control regimen"": ""Sunitinib"", ""Follow-up duration for primary endpoint(s) in months | Control"": null, ""Follow-up duration for primary endpoint(s) in months | Overall"": ""26.6"", ""Follow-up duration for primary endpoint(s) in months | Rx"": null, ""Included in MA"": null, ""Is PD-L1 positivity inclusion criteria"": ""No"", ""Is any other biomarker used for inclusion"": ""No"", ""Lines of treatment"": ""Only 1st line of treatment for metastatic disease"", ""Monotherapy/combination"": ""Combination"", ""NCT"": ""NCT02811861"", ""Name of ICI"": ""Pembrolizumab"", ""Number of arms"": 3, ""Originial publication or Follow-up"": ""Original publication"", ""Priamry Multiple, composite, or co-primary endpoints?"": null, ""Primary endpoint"": ""PFS"", ""PubMed ID"": ""33616314"", ""Secondary endpoint"": ""OS; ORR; safety; investigator-assessed PFS"", ""Total sample size"": 1069, ""Treatment regimen"": ""Pembrolizumab+Lenvatinib"", ""Trial name"": ""CLEAR"", ""Trial phase"": ""Phase 3"", ""Type of combination"": ""ICI+TKI"", ""Type of control"": ""TKI"", ""Type of follow-up given"": ""Median"", ""Type of therapy"": ""Combination"", ""Year"": 2021, ""__rowid__"": 145}","NCT: NCT02811861 | PubMed ID: 33616314 | Trial name: CLEAR | Author: Motzer R et al | Year: 2021 | Trial phase: Phase 3 | Number of arms: 3 | Total sample size: 1069 | Originial publication or Follow-up: Original publication | Cancer type: Renal cell | Treatment regimen: Pembrolizumab+Lenvatinib | Name of ICI: Pembrolizumab | Class of ICI: PD1 | Monotherapy/combination: Combination | Type of combination: ICI+TKI | Control regimen: Sunitinib | Type of control: TKI | Lines of treatment: Only 1st line of treatment for metastatic disease | Clincal setting in relation to surgery: Metastatic+recurrent (unresectable) | Primary endpoint: PFS | Priamry Multiple, composite, or co-primary endpoints?: None | Secondary endpoint: OS; ORR; safety; investigator-assessed PFS | Is PD-L1 positivity inclusion criteria: No | Is any other biomarker used for inclusion: No | Type of follow-up given: Median | Follow-up duration for primary endpoint(s) in months | Overall: 26.6 | Follow-up duration for primary endpoint(s) in months | Rx: None | Follow-up duration for primary endpoint(s) in months | Control: None | Type of therapy: Combination | Control arm: TKI | Clinical setting: Metastatic+recurrent (unresectable) | Included in MA: None"
row_311,311,"For Pembrolizumab trials in Melanoma, extract the trial acronym from the trial name (e.g., KEYNOTE-xxx, CHECKMATE-xxx).",Trial name,"[""trial_acronym""]",tabert,row_table,7,0.8231097459793091,1,65,NCT01704287,28961465,KEYNOTE-002,KEYNOTE-002,"{""Author"": ""Hamid O et al"", ""Cancer type"": ""Melanoma"", ""Class of ICI"": ""PD1"", ""Clincal setting in relation to surgery"": ""Metastatic+recurrent (unresectable)"", ""Clinical setting"": ""Metastatic+recurrent (unresectable)"", ""Control arm"": ""Chemo"", ""Control regimen"": ""Investigator's choice chemotherapy"", ""Follow-up duration for primary endpoint(s) in months | Control"": null, ""Follow-up duration for primary endpoint(s) in months | Overall"": ""28"", ""Follow-up duration for primary endpoint(s) in months | Rx"": null, ""Included in MA"": ""Yes"", ""Is PD-L1 positivity inclusion criteria"": ""No"", ""Is any other biomarker used for inclusion"": ""No"", ""Lines of treatment"": ""1st and later line of treatment for metastatic disease"", ""Monotherapy/combination"": ""Monotherapy"", ""NCT"": ""NCT01704287"", ""Name of ICI"": ""Pembrolizumab"", ""Number of arms"": 3, ""Originial publication or Follow-up"": ""Follow-up"", ""Priamry Multiple, composite, or co-primary endpoints?"": ""Co-primary"", ""Primary endpoint"": ""OS+PFS"", ""PubMed ID"": ""28961465"", ""Secondary endpoint"": ""ORR; response duration; safety."", ""Total sample size"": 540, ""Treatment regimen"": ""Pembrolizumab 2 mg/kg"", ""Trial name"": ""KEYNOTE-002"", ""Trial phase"": ""Phase 2"", ""Type of combination"": null, ""Type of control"": ""Chemo"", ""Type of follow-up given"": ""Median"", ""Type of therapy"": ""Monotherapy"", ""Year"": 2017, ""__rowid__"": 65}","NCT: NCT01704287 | PubMed ID: 28961465 | Trial name: KEYNOTE-002 | Author: Hamid O et al | Year: 2017 | Trial phase: Phase 2 | Number of arms: 3 | Total sample size: 540 | Originial publication or Follow-up: Follow-up | Cancer type: Melanoma | Treatment regimen: Pembrolizumab 2 mg/kg | Name of ICI: Pembrolizumab | Class of ICI: PD1 | Monotherapy/combination: Monotherapy | Type of combination: None | Control regimen: Investigator's choice chemotherapy | Type of control: Chemo | Lines of treatment: 1st and later line of treatment for metastatic disease | Clincal setting in relation to surgery: Metastatic+recurrent (unresectable) | Primary endpoint: OS+PFS | Priamry Multiple, composite, or co-primary endpoints?: Co-primary | Secondary endpoint: ORR; response duration; safety. | Is PD-L1 positivity inclusion criteria: No | Is any other biomarker used for inclusion: No | Type of follow-up given: Median | Follow-up duration for primary endpoint(s) in months | Overall: 28 | Follow-up duration for primary endpoint(s) in months | Rx: None | Follow-up duration for primary endpoint(s) in months | Control: None | Type of therapy: Monotherapy | Control arm: Chemo | Clinical setting: Metastatic+recurrent (unresectable) | Included in MA: Yes"
row_311,311,"For Pembrolizumab trials in Melanoma, extract the trial acronym from the trial name (e.g., KEYNOTE-xxx, CHECKMATE-xxx).",Trial name,"[""trial_acronym""]",tabert,row_table,8,0.8231085538864136,0,45,NCT02366143,29863955,IMPower150,IMPower150,"{""Author"": ""Socinski MA et al"", ""Cancer type"": ""Non-Small Cell Lung"", ""Class of ICI"": ""PD-L1"", ""Clincal setting in relation to surgery"": ""Metastatic+recurrent (unresectable)"", ""Clinical setting"": ""Metastatic+recurrent (unresectable)"", ""Control arm"": ""Chemo+Anti-VEGF"", ""Control regimen"": ""Bevacizumab+Carboplatin+Paclitaxel"", ""Follow-up duration for primary endpoint(s) in months | Control"": null, ""Follow-up duration for primary endpoint(s) in months | Overall"": ""MIN for PFS 9.5, OS 14; MEDIAN for OS 20"", ""Follow-up duration for primary endpoint(s) in months | Rx"": null, ""Included in MA"": ""Yes"", ""Is PD-L1 positivity inclusion criteria"": ""No"", ""Is any other biomarker used for inclusion"": ""No"", ""Lines of treatment"": ""Only 1st line of treatment for metastatic disease"", ""Monotherapy/combination"": ""Combination"", ""NCT"": ""NCT02366143"", ""Name of ICI"": ""Atezolizumab"", ""Number of arms"": 3, ""Originial publication or Follow-up"": ""Original publication"", ""Priamry Multiple, composite, or co-primary endpoints?"": ""Multiple"", ""Primary endpoint"": ""OS+PFS"", ""PubMed ID"": ""29863955"", ""Secondary endpoint"": ""PFS, OS in ITT population"", ""Total sample size"": 1202, ""Treatment regimen"": ""Atezolizumab+Carboplatin+Paclitaxel"", ""Trial name"": ""IMPower150"", ""Trial phase"": ""Phase 3"", ""Type of combination"": ""ICI+Chemo"", ""Type of control"": ""Chemo+Anti-VEGF"", ""Type of follow-up given"": ""Minimum"", ""Type of therapy"": ""Combination"", ""Year"": 2018, ""__rowid__"": 45}","NCT: NCT02366143 | PubMed ID: 29863955 | Trial name: IMPower150 | Author: Socinski MA et al | Year: 2018 | Trial phase: Phase 3 | Number of arms: 3 | Total sample size: 1202 | Originial publication or Follow-up: Original publication | Cancer type: Non-Small Cell Lung | Treatment regimen: Atezolizumab+Carboplatin+Paclitaxel | Name of ICI: Atezolizumab | Class of ICI: PD-L1 | Monotherapy/combination: Combination | Type of combination: ICI+Chemo | Control regimen: Bevacizumab+Carboplatin+Paclitaxel | Type of control: Chemo+Anti-VEGF | Lines of treatment: Only 1st line of treatment for metastatic disease | Clincal setting in relation to surgery: Metastatic+recurrent (unresectable) | Primary endpoint: OS+PFS | Priamry Multiple, composite, or co-primary endpoints?: Multiple | Secondary endpoint: PFS, OS in ITT population | Is PD-L1 positivity inclusion criteria: No | Is any other biomarker used for inclusion: No | Type of follow-up given: Minimum | Follow-up duration for primary endpoint(s) in months | Overall: MIN for PFS 9.5, OS 14; MEDIAN for OS 20 | Follow-up duration for primary endpoint(s) in months | Rx: None | Follow-up duration for primary endpoint(s) in months | Control: None | Type of therapy: Combination | Control arm: Chemo+Anti-VEGF | Clinical setting: Metastatic+recurrent (unresectable) | Included in MA: Yes"
row_311,311,"For Pembrolizumab trials in Melanoma, extract the trial acronym from the trial name (e.g., KEYNOTE-xxx, CHECKMATE-xxx).",Trial name,"[""trial_acronym""]",tabert,row_table,9,0.8228815793991089,0,147,NCT02481830,33539946,CheckMate 331,CheckMate 331,"{""Author"": ""Spigel DR et al"", ""Cancer type"": ""Small Cell Lung"", ""Class of ICI"": ""PD1"", ""Clincal setting in relation to surgery"": ""Metastatic+recurrent (unresectable)"", ""Clinical setting"": ""Metastatic+recurrent (unresectable)"", ""Control arm"": ""Chemo"", ""Control regimen"": ""Chemotherapy"", ""Follow-up duration for primary endpoint(s) in months | Control"": null, ""Follow-up duration for primary endpoint(s) in months | Overall"": ""15.8"", ""Follow-up duration for primary endpoint(s) in months | Rx"": null, ""Included in MA"": null, ""Is PD-L1 positivity inclusion criteria"": ""No"", ""Is any other biomarker used for inclusion"": ""No"", ""Lines of treatment"": ""Only 2nd or later line of treatment for metastatic disease"", ""Monotherapy/combination"": ""Monotherapy"", ""NCT"": ""NCT02481830"", ""Name of ICI"": ""Nivolumab"", ""Number of arms"": 2, ""Originial publication or Follow-up"": ""Original publication"", ""Priamry Multiple, composite, or co-primary endpoints?"": null, ""Primary endpoint"": ""OS"", ""PubMed ID"": ""33539946"", ""Secondary endpoint"": ""PFS; ORR; DoR"", ""Total sample size"": 569, ""Treatment regimen"": ""Nivolumab"", ""Trial name"": ""CheckMate 331"", ""Trial phase"": ""Phase 3"", ""Type of combination"": null, ""Type of control"": ""Chemo"", ""Type of follow-up given"": ""Minimum"", ""Type of therapy"": ""Monotherapy"", ""Year"": 2021, ""__rowid__"": 147}","NCT: NCT02481830 | PubMed ID: 33539946 | Trial name: CheckMate 331 | Author: Spigel DR et al | Year: 2021 | Trial phase: Phase 3 | Number of arms: 2 | Total sample size: 569 | Originial publication or Follow-up: Original publication | Cancer type: Small Cell Lung | Treatment regimen: Nivolumab | Name of ICI: Nivolumab | Class of ICI: PD1 | Monotherapy/combination: Monotherapy | Type of combination: None | Control regimen: Chemotherapy | Type of control: Chemo | Lines of treatment: Only 2nd or later line of treatment for metastatic disease | Clincal setting in relation to surgery: Metastatic+recurrent (unresectable) | Primary endpoint: OS | Priamry Multiple, composite, or co-primary endpoints?: None | Secondary endpoint: PFS; ORR; DoR | Is PD-L1 positivity inclusion criteria: No | Is any other biomarker used for inclusion: No | Type of follow-up given: Minimum | Follow-up duration for primary endpoint(s) in months | Overall: 15.8 | Follow-up duration for primary endpoint(s) in months | Rx: None | Follow-up duration for primary endpoint(s) in months | Control: None | Type of therapy: Monotherapy | Control arm: Chemo | Clinical setting: Metastatic+recurrent (unresectable) | Included in MA: None"
row_311,311,"For Pembrolizumab trials in Melanoma, extract the trial acronym from the trial name (e.g., KEYNOTE-xxx, CHECKMATE-xxx).",Trial name,"[""trial_acronym""]",tabert,row_table,10,0.8225793838500977,0,152,NCT02684292,33721562,Keynote-204,Keynote-204,"{""Author"": ""Kuruvilla J et al"", ""Cancer type"": ""Hodgkin Lymphoma"", ""Class of ICI"": ""PD1"", ""Clincal setting in relation to surgery"": ""Relapsed/refractory"", ""Clinical setting"": ""Relapsed/refractory"", ""Control arm"": ""Antibody-drug conjugate"", ""Control regimen"": ""Brentuximab vedotin"", ""Follow-up duration for primary endpoint(s) in months | Control"": null, ""Follow-up duration for primary endpoint(s) in months | Overall"": ""25.7"", ""Follow-up duration for primary endpoint(s) in months | Rx"": null, ""Included in MA"": null, ""Is PD-L1 positivity inclusion criteria"": ""No"", ""Is any other biomarker used for inclusion"": ""No"", ""Lines of treatment"": ""Only 2nd or later line of treatment for metastatic disease"", ""Monotherapy/combination"": ""Monotherapy"", ""NCT"": ""NCT02684292"", ""Name of ICI"": ""Brentuximab-vedotin"", ""Number of arms"": 2, ""Originial publication or Follow-up"": ""Original publication"", ""Priamry Multiple, composite, or co-primary endpoints?"": ""Dual, unspecified"", ""Primary endpoint"": ""PFS+OS"", ""PubMed ID"": ""33721562"", ""Secondary endpoint"": ""PFS; ORR; CR; investigator-assessed PFS, ORR, CR; safety"", ""Total sample size"": 304, ""Treatment regimen"": ""Pembrolizumab"", ""Trial name"": ""Keynote-204"", ""Trial phase"": ""Phase 3"", ""Type of combination"": null, ""Type of control"": ""Antibody-drug conjugate"", ""Type of follow-up given"": ""Median"", ""Type of therapy"": ""Monotherapy"", ""Year"": 2021, ""__rowid__"": 152}","NCT: NCT02684292 | PubMed ID: 33721562 | Trial name: Keynote-204 | Author: Kuruvilla J et al | Year: 2021 | Trial phase: Phase 3 | Number of arms: 2 | Total sample size: 304 | Originial publication or Follow-up: Original publication | Cancer type: Hodgkin Lymphoma | Treatment regimen: Pembrolizumab | Name of ICI: Brentuximab-vedotin | Class of ICI: PD1 | Monotherapy/combination: Monotherapy | Type of combination: None | Control regimen: Brentuximab vedotin | Type of control: Antibody-drug conjugate | Lines of treatment: Only 2nd or later line of treatment for metastatic disease | Clincal setting in relation to surgery: Relapsed/refractory | Primary endpoint: PFS+OS | Priamry Multiple, composite, or co-primary endpoints?: Dual, unspecified | Secondary endpoint: PFS; ORR; CR; investigator-assessed PFS, ORR, CR; safety | Is PD-L1 positivity inclusion criteria: No | Is any other biomarker used for inclusion: No | Type of follow-up given: Median | Follow-up duration for primary endpoint(s) in months | Overall: 25.7 | Follow-up duration for primary endpoint(s) in months | Rx: None | Follow-up duration for primary endpoint(s) in months | Control: None | Type of therapy: Monotherapy | Control arm: Antibody-drug conjugate | Clinical setting: Relapsed/refractory | Included in MA: None"
row_311,311,"For Pembrolizumab trials in Melanoma, extract the trial acronym from the trial name (e.g., KEYNOTE-xxx, CHECKMATE-xxx).",Trial name,"[""trial_acronym""]",tabert,row_table,11,0.8225294947624207,0,44,NCT02775435,30280635,Keynote-407,Keynote-407,"{""Author"": ""Paz-Ares L et al"", ""Cancer type"": ""Non-Small Cell Lung"", ""Class of ICI"": ""PD1"", ""Clincal setting in relation to surgery"": ""Metastatic+recurrent (unresectable)"", ""Clinical setting"": ""Metastatic+recurrent (unresectable)"", ""Control arm"": ""Chemo"", ""Control regimen"": ""Placebo+Carboplatin+paclitaxel/nab-paclitaxel"", ""Follow-up duration for primary endpoint(s) in months | Control"": null, ""Follow-up duration for primary endpoint(s) in months | Overall"": ""7.8"", ""Follow-up duration for primary endpoint(s) in months | Rx"": null, ""Included in MA"": ""No"", ""Is PD-L1 positivity inclusion criteria"": ""No"", ""Is any other biomarker used for inclusion"": ""No"", ""Lines of treatment"": ""Only 1st line of treatment for metastatic disease"", ""Monotherapy/combination"": ""Combination"", ""NCT"": ""NCT02775435"", ""Name of ICI"": ""Pembrolizumab"", ""Number of arms"": 2, ""Originial publication or Follow-up"": ""Original publication"", ""Priamry Multiple, composite, or co-primary endpoints?"": ""Multiple"", ""Primary endpoint"": ""OS+PFS"", ""PubMed ID"": ""30280635"", ""Secondary endpoint"": ""ORR, DOR, safety"", ""Total sample size"": 559, ""Treatment regimen"": ""Pembrolizumab+Carboplatin+Paclitaxel/nab-paclitaxel"", ""Trial name"": ""Keynote-407"", ""Trial phase"": ""Phase 3"", ""Type of combination"": ""ICI+Chemo"", ""Type of control"": ""Chemo"", ""Type of follow-up given"": ""Median"", ""Type of therapy"": ""Combination"", ""Year"": 2018, ""__rowid__"": 44}","NCT: NCT02775435 | PubMed ID: 30280635 | Trial name: Keynote-407 | Author: Paz-Ares L et al | Year: 2018 | Trial phase: Phase 3 | Number of arms: 2 | Total sample size: 559 | Originial publication or Follow-up: Original publication | Cancer type: Non-Small Cell Lung | Treatment regimen: Pembrolizumab+Carboplatin+Paclitaxel/nab-paclitaxel | Name of ICI: Pembrolizumab | Class of ICI: PD1 | Monotherapy/combination: Combination | Type of combination: ICI+Chemo | Control regimen: Placebo+Carboplatin+paclitaxel/nab-paclitaxel | Type of control: Chemo | Lines of treatment: Only 1st line of treatment for metastatic disease | Clincal setting in relation to surgery: Metastatic+recurrent (unresectable) | Primary endpoint: OS+PFS | Priamry Multiple, composite, or co-primary endpoints?: Multiple | Secondary endpoint: ORR, DOR, safety | Is PD-L1 positivity inclusion criteria: No | Is any other biomarker used for inclusion: No | Type of follow-up given: Median | Follow-up duration for primary endpoint(s) in months | Overall: 7.8 | Follow-up duration for primary endpoint(s) in months | Rx: None | Follow-up duration for primary endpoint(s) in months | Control: None | Type of therapy: Combination | Control arm: Chemo | Clinical setting: Metastatic+recurrent (unresectable) | Included in MA: No"
row_311,311,"For Pembrolizumab trials in Melanoma, extract the trial acronym from the trial name (e.g., KEYNOTE-xxx, CHECKMATE-xxx).",Trial name,"[""trial_acronym""]",tabert,row_table,12,0.8223538994789124,0,154,NCT02555657,33676601,Keynote-119,Keynote-119,"{""Author"": ""Winer PE et al"", ""Cancer type"": ""Breast"", ""Class of ICI"": ""PD1"", ""Clincal setting in relation to surgery"": ""Metastatic+recurrent (unresectable)"", ""Clinical setting"": ""Metastatic+recurrent (unresectable)"", ""Control arm"": ""Chemo"", ""Control regimen"": ""Chemotherapy"", ""Follow-up duration for primary endpoint(s) in months | Control"": null, ""Follow-up duration for primary endpoint(s) in months | Overall"": ""31.4"", ""Follow-up duration for primary endpoint(s) in months | Rx"": ""31.5"", ""Included in MA"": null, ""Is PD-L1 positivity inclusion criteria"": ""No"", ""Is any other biomarker used for inclusion"": ""Yes"", ""Lines of treatment"": ""Only 2nd or later line of treatment for metastatic disease"", ""Monotherapy/combination"": ""Monotherapy"", ""NCT"": ""NCT02555657"", ""Name of ICI"": ""Chemotherapy"", ""Number of arms"": 2, ""Originial publication or Follow-up"": ""Original publication"", ""Priamry Multiple, composite, or co-primary endpoints?"": null, ""Primary endpoint"": ""OS"", ""PubMed ID"": ""33676601"", ""Secondary endpoint"": ""PFS; ORR; DCR; DoR; safety"", ""Total sample size"": 622, ""Treatment regimen"": ""Pembrolizumab"", ""Trial name"": ""Keynote-119"", ""Trial phase"": ""Phase 3"", ""Type of combination"": null, ""Type of control"": ""Chemo"", ""Type of follow-up given"": ""Median"", ""Type of therapy"": ""Monotherapy"", ""Year"": 2021, ""__rowid__"": 154}","NCT: NCT02555657 | PubMed ID: 33676601 | Trial name: Keynote-119 | Author: Winer PE et al | Year: 2021 | Trial phase: Phase 3 | Number of arms: 2 | Total sample size: 622 | Originial publication or Follow-up: Original publication | Cancer type: Breast | Treatment regimen: Pembrolizumab | Name of ICI: Chemotherapy | Class of ICI: PD1 | Monotherapy/combination: Monotherapy | Type of combination: None | Control regimen: Chemotherapy | Type of control: Chemo | Lines of treatment: Only 2nd or later line of treatment for metastatic disease | Clincal setting in relation to surgery: Metastatic+recurrent (unresectable) | Primary endpoint: OS | Priamry Multiple, composite, or co-primary endpoints?: None | Secondary endpoint: PFS; ORR; DCR; DoR; safety | Is PD-L1 positivity inclusion criteria: No | Is any other biomarker used for inclusion: Yes | Type of follow-up given: Median | Follow-up duration for primary endpoint(s) in months | Overall: 31.4 | Follow-up duration for primary endpoint(s) in months | Rx: 31.5 | Follow-up duration for primary endpoint(s) in months | Control: None | Type of therapy: Monotherapy | Control arm: Chemo | Clinical setting: Metastatic+recurrent (unresectable) | Included in MA: None"
row_311,311,"For Pembrolizumab trials in Melanoma, extract the trial acronym from the trial name (e.g., KEYNOTE-xxx, CHECKMATE-xxx).",Trial name,"[""trial_acronym""]",tabert,row_table,13,0.8219665884971619,0,46,NCT02366143,29863955,IMPower150,IMPower150,"{""Author"": ""Socinski MA et al (1)"", ""Cancer type"": ""Non-Small Cell Lung"", ""Class of ICI"": ""PD-L1"", ""Clincal setting in relation to surgery"": ""Metastatic+recurrent (unresectable)"", ""Clinical setting"": ""Metastatic+recurrent (unresectable)"", ""Control arm"": ""Chemo+Anti-VEGF"", ""Control regimen"": ""Bevacizumab+Carboplatin+Paclitaxel"", ""Follow-up duration for primary endpoint(s) in months | Control"": ""15.5"", ""Follow-up duration for primary endpoint(s) in months | Overall"": ""MIN for PFS 9.5, OS 14; MEDIAN for OS 20"", ""Follow-up duration for primary endpoint(s) in months | Rx"": ""15.4"", ""Included in MA"": ""Yes"", ""Is PD-L1 positivity inclusion criteria"": ""No"", ""Is any other biomarker used for inclusion"": ""No"", ""Lines of treatment"": ""Only 1st line of treatment for metastatic disease"", ""Monotherapy/combination"": ""Combination"", ""NCT"": ""NCT02366143"", ""Name of ICI"": ""Atezolizumab"", ""Number of arms"": 3, ""Originial publication or Follow-up"": ""Original publication"", ""Priamry Multiple, composite, or co-primary endpoints?"": ""Multiple"", ""Primary endpoint"": ""OS+PFS"", ""PubMed ID"": ""29863955"", ""Secondary endpoint"": ""PFS, OS in ITT population"", ""Total sample size"": 1202, ""Treatment regimen"": ""Atezolizumab+Carboplatin+Paclitaxel+Bevacizumab"", ""Trial name"": ""IMPower150"", ""Trial phase"": ""Phase 3"", ""Type of combination"": ""ICI+Chemo+Anti-VEGF"", ""Type of control"": ""Chemo+Anti-VEGF"", ""Type of follow-up given"": ""Minimum"", ""Type of therapy"": ""Combination"", ""Year"": 2018, ""__rowid__"": 46}","NCT: NCT02366143 | PubMed ID: 29863955 | Trial name: IMPower150 | Author: Socinski MA et al (1) | Year: 2018 | Trial phase: Phase 3 | Number of arms: 3 | Total sample size: 1202 | Originial publication or Follow-up: Original publication | Cancer type: Non-Small Cell Lung | Treatment regimen: Atezolizumab+Carboplatin+Paclitaxel+Bevacizumab | Name of ICI: Atezolizumab | Class of ICI: PD-L1 | Monotherapy/combination: Combination | Type of combination: ICI+Chemo+Anti-VEGF | Control regimen: Bevacizumab+Carboplatin+Paclitaxel | Type of control: Chemo+Anti-VEGF | Lines of treatment: Only 1st line of treatment for metastatic disease | Clincal setting in relation to surgery: Metastatic+recurrent (unresectable) | Primary endpoint: OS+PFS | Priamry Multiple, composite, or co-primary endpoints?: Multiple | Secondary endpoint: PFS, OS in ITT population | Is PD-L1 positivity inclusion criteria: No | Is any other biomarker used for inclusion: No | Type of follow-up given: Minimum | Follow-up duration for primary endpoint(s) in months | Overall: MIN for PFS 9.5, OS 14; MEDIAN for OS 20 | Follow-up duration for primary endpoint(s) in months | Rx: 15.4 | Follow-up duration for primary endpoint(s) in months | Control: 15.5 | Type of therapy: Combination | Control arm: Chemo+Anti-VEGF | Clinical setting: Metastatic+recurrent (unresectable) | Included in MA: Yes"
row_311,311,"For Pembrolizumab trials in Melanoma, extract the trial acronym from the trial name (e.g., KEYNOTE-xxx, CHECKMATE-xxx).",Trial name,"[""trial_acronym""]",tabert,row_table,14,0.8216719627380371,0,85,NCT02358031,31679945,KEYNOTE-048,KEYNOTE-048,"{""Author"": ""Burtness B et al"", ""Cancer type"": ""Head and Neck"", ""Class of ICI"": ""PD1"", ""Clincal setting in relation to surgery"": ""Metastatic+recurrent (unresectable)"", ""Clinical setting"": ""Metastatic+recurrent (unresectable)"", ""Control arm"": ""Chemo+Anti-EGFR"", ""Control regimen"": ""Cetuximab+Platinum agent+5-fluorouracil"", ""Follow-up duration for primary endpoint(s) in months | Control"": ""10.7"", ""Follow-up duration for primary endpoint(s) in months | Overall"": null, ""Follow-up duration for primary endpoint(s) in months | Rx"": ""11.5"", ""Included in MA"": ""Yes"", ""Is PD-L1 positivity inclusion criteria"": ""No"", ""Is any other biomarker used for inclusion"": ""No"", ""Lines of treatment"": ""Only 1st line of treatment for metastatic disease"", ""Monotherapy/combination"": ""Monotherapy"", ""NCT"": ""NCT02358031"", ""Name of ICI"": ""Pembrolizumab"", ""Number of arms"": 3, ""Originial publication or Follow-up"": ""Original publication"", ""Priamry Multiple, composite, or co-primary endpoints?"": ""Multiple"", ""Primary endpoint"": ""OS+PFS"", ""PubMed ID"": ""31679945"", ""Secondary endpoint"": ""Safety and tolerability; proportion of participants with objective response; proportion of participants who were progression-free at 6 and 12 months; change from baseline in global health status or quality of life; time to deterioration in global health status or quality of life, pain, and\nswallowing."", ""Total sample size"": 882, ""Treatment regimen"": ""Pembrolizumab"", ""Trial name"": ""KEYNOTE-048"", ""Trial phase"": ""Phase 3"", ""Type of combination"": null, ""Type of control"": ""Chemo+Anti-EGFR"", ""Type of follow-up given"": ""Median"", ""Type of therapy"": ""Monotherapy"", ""Year"": 2019, ""__rowid__"": 85}","NCT: NCT02358031 | PubMed ID: 31679945 | Trial name: KEYNOTE-048 | Author: Burtness B et al | Year: 2019 | Trial phase: Phase 3 | Number of arms: 3 | Total sample size: 882 | Originial publication or Follow-up: Original publication | Cancer type: Head and Neck | Treatment regimen: Pembrolizumab | Name of ICI: Pembrolizumab | Class of ICI: PD1 | Monotherapy/combination: Monotherapy | Type of combination: None | Control regimen: Cetuximab+Platinum agent+5-fluorouracil | Type of control: Chemo+Anti-EGFR | Lines of treatment: Only 1st line of treatment for metastatic disease | Clincal setting in relation to surgery: Metastatic+recurrent (unresectable) | Primary endpoint: OS+PFS | Priamry Multiple, composite, or co-primary endpoints?: Multiple | Secondary endpoint: Safety and tolerability; proportion of participants with objective response; proportion of participants who were progression-free at 6 and 12 months; change from baseline in global health status or quality of life; time to deterioration in global health status or quality of life, pain, and
swallowing. | Is PD-L1 positivity inclusion criteria: No | Is any other biomarker used for inclusion: No | Type of follow-up given: Median | Follow-up duration for primary endpoint(s) in months | Overall: None | Follow-up duration for primary endpoint(s) in months | Rx: 11.5 | Follow-up duration for primary endpoint(s) in months | Control: 10.7 | Type of therapy: Monotherapy | Control arm: Chemo+Anti-EGFR | Clinical setting: Metastatic+recurrent (unresectable) | Included in MA: Yes"
row_311,311,"For Pembrolizumab trials in Melanoma, extract the trial acronym from the trial name (e.g., KEYNOTE-xxx, CHECKMATE-xxx).",Trial name,"[""trial_acronym""]",tabert,row_table,15,0.8216708898544312,1,66,NCT01704287,28961465,KEYNOTE-002,KEYNOTE-002,"{""Author"": ""Hamid O et al (1)"", ""Cancer type"": ""Melanoma"", ""Class of ICI"": ""PD1"", ""Clincal setting in relation to surgery"": ""Metastatic+recurrent (unresectable)"", ""Clinical setting"": ""Metastatic+recurrent (unresectable)"", ""Control arm"": ""Chemo"", ""Control regimen"": ""Investigator's choice chemotherapy"", ""Follow-up duration for primary endpoint(s) in months | Control"": null, ""Follow-up duration for primary endpoint(s) in months | Overall"": ""28"", ""Follow-up duration for primary endpoint(s) in months | Rx"": null, ""Included in MA"": ""Yes"", ""Is PD-L1 positivity inclusion criteria"": ""No"", ""Is any other biomarker used for inclusion"": ""No"", ""Lines of treatment"": ""1st and later line of treatment for metastatic disease"", ""Monotherapy/combination"": ""Monotherapy"", ""NCT"": ""NCT01704287"", ""Name of ICI"": ""Pembrolizumab"", ""Number of arms"": 3, ""Originial publication or Follow-up"": ""Follow-up"", ""Priamry Multiple, composite, or co-primary endpoints?"": ""Co-primary"", ""Primary endpoint"": ""OS+PFS"", ""PubMed ID"": ""28961465"", ""Secondary endpoint"": ""ORR; response duration; safety."", ""Total sample size"": 540, ""Treatment regimen"": ""Pembrolizumab 10 mg/kg"", ""Trial name"": ""KEYNOTE-002"", ""Trial phase"": ""Phase 2"", ""Type of combination"": null, ""Type of control"": ""Chemo"", ""Type of follow-up given"": ""Median"", ""Type of therapy"": ""Monotherapy"", ""Year"": 2017, ""__rowid__"": 66}","NCT: NCT01704287 | PubMed ID: 28961465 | Trial name: KEYNOTE-002 | Author: Hamid O et al (1) | Year: 2017 | Trial phase: Phase 2 | Number of arms: 3 | Total sample size: 540 | Originial publication or Follow-up: Follow-up | Cancer type: Melanoma | Treatment regimen: Pembrolizumab 10 mg/kg | Name of ICI: Pembrolizumab | Class of ICI: PD1 | Monotherapy/combination: Monotherapy | Type of combination: None | Control regimen: Investigator's choice chemotherapy | Type of control: Chemo | Lines of treatment: 1st and later line of treatment for metastatic disease | Clincal setting in relation to surgery: Metastatic+recurrent (unresectable) | Primary endpoint: OS+PFS | Priamry Multiple, composite, or co-primary endpoints?: Co-primary | Secondary endpoint: ORR; response duration; safety. | Is PD-L1 positivity inclusion criteria: No | Is any other biomarker used for inclusion: No | Type of follow-up given: Median | Follow-up duration for primary endpoint(s) in months | Overall: 28 | Follow-up duration for primary endpoint(s) in months | Rx: None | Follow-up duration for primary endpoint(s) in months | Control: None | Type of therapy: Monotherapy | Control arm: Chemo | Clinical setting: Metastatic+recurrent (unresectable) | Included in MA: Yes"
row_311,311,"For Pembrolizumab trials in Melanoma, extract the trial acronym from the trial name (e.g., KEYNOTE-xxx, CHECKMATE-xxx).",Trial name,"[""trial_acronym""]",tabert,row_table,16,0.8207035064697266,0,75,NCT02579863,31327689,KEYNOTE-185,KEYNOTE-185,"{""Author"": ""Usmani SZ et al"", ""Cancer type"": ""Multiple Myeloma"", ""Class of ICI"": ""PD1"", ""Clincal setting in relation to surgery"": null, ""Clinical setting"": null, ""Control arm"": ""Chemo"", ""Control regimen"": ""Lenalidomide+Dexamethasone"", ""Follow-up duration for primary endpoint(s) in months | Control"": null, ""Follow-up duration for primary endpoint(s) in months | Overall"": ""6.6"", ""Follow-up duration for primary endpoint(s) in months | Rx"": null, ""Included in MA"": ""No"", ""Is PD-L1 positivity inclusion criteria"": ""No"", ""Is any other biomarker used for inclusion"": ""No"", ""Lines of treatment"": ""Only 1st line of treatment for metastatic disease"", ""Monotherapy/combination"": ""Combination"", ""NCT"": ""NCT02579863"", ""Name of ICI"": ""Pembrolizumab"", ""Number of arms"": 2, ""Originial publication or Follow-up"": ""Original publication"", ""Priamry Multiple, composite, or co-primary endpoints?"": null, ""Primary endpoint"": ""PFS"", ""PubMed ID"": ""31327689"", ""Secondary endpoint"": ""Safety; OS; overall response; duration of response; disease control; secondary PFS."", ""Total sample size"": 301, ""Treatment regimen"": ""Pembrolizumab+Lenalidomide+Dexamethasone"", ""Trial name"": ""KEYNOTE-185"", ""Trial phase"": ""Phase 3"", ""Type of combination"": ""ICI+Chemo"", ""Type of control"": ""Chemo"", ""Type of follow-up given"": ""Median"", ""Type of therapy"": ""Combination"", ""Year"": 2019, ""__rowid__"": 75}","NCT: NCT02579863 | PubMed ID: 31327689 | Trial name: KEYNOTE-185 | Author: Usmani SZ et al | Year: 2019 | Trial phase: Phase 3 | Number of arms: 2 | Total sample size: 301 | Originial publication or Follow-up: Original publication | Cancer type: Multiple Myeloma | Treatment regimen: Pembrolizumab+Lenalidomide+Dexamethasone | Name of ICI: Pembrolizumab | Class of ICI: PD1 | Monotherapy/combination: Combination | Type of combination: ICI+Chemo | Control regimen: Lenalidomide+Dexamethasone | Type of control: Chemo | Lines of treatment: Only 1st line of treatment for metastatic disease | Clincal setting in relation to surgery: None | Primary endpoint: PFS | Priamry Multiple, composite, or co-primary endpoints?: None | Secondary endpoint: Safety; OS; overall response; duration of response; disease control; secondary PFS. | Is PD-L1 positivity inclusion criteria: No | Is any other biomarker used for inclusion: No | Type of follow-up given: Median | Follow-up duration for primary endpoint(s) in months | Overall: 6.6 | Follow-up duration for primary endpoint(s) in months | Rx: None | Follow-up duration for primary endpoint(s) in months | Control: None | Type of therapy: Combination | Control arm: Chemo | Clinical setting: None | Included in MA: No"
row_311,311,"For Pembrolizumab trials in Melanoma, extract the trial acronym from the trial name (e.g., KEYNOTE-xxx, CHECKMATE-xxx).",Trial name,"[""trial_acronym""]",tabert,row_table,17,0.8185995221138,0,86,NCT02358031,31679945,KEYNOTE-048,KEYNOTE-048,"{""Author"": ""Burtness B et al (1)"", ""Cancer type"": ""Head and Neck"", ""Class of ICI"": ""PD1"", ""Clincal setting in relation to surgery"": ""Metastatic+recurrent (unresectable)"", ""Clinical setting"": ""Metastatic+recurrent (unresectable)"", ""Control arm"": ""Chemo+Anti-EGFR"", ""Control regimen"": ""Cetuximab+Platinum agent+5-fluorouracil"", ""Follow-up duration for primary endpoint(s) in months | Control"": ""10.7"", ""Follow-up duration for primary endpoint(s) in months | Overall"": null, ""Follow-up duration for primary endpoint(s) in months | Rx"": ""13"", ""Included in MA"": ""Yes"", ""Is PD-L1 positivity inclusion criteria"": ""No"", ""Is any other biomarker used for inclusion"": ""No"", ""Lines of treatment"": ""Only 1st line of treatment for metastatic disease"", ""Monotherapy/combination"": ""Combination"", ""NCT"": ""NCT02358031"", ""Name of ICI"": ""Pembrolizumab"", ""Number of arms"": 3, ""Originial publication or Follow-up"": ""Original publication"", ""Priamry Multiple, composite, or co-primary endpoints?"": ""Multiple"", ""Primary endpoint"": ""OS+PFS"", ""PubMed ID"": ""31679945"", ""Secondary endpoint"": ""Safety and tolerability; proportion of participants with objective response; proportion of participants who were progression-free at 6 and 12 months; change from baseline in global health status or quality of life; time to deterioration in global health status or quality of life, pain, and\nswallowing."", ""Total sample size"": 882, ""Treatment regimen"": ""Pembrolizumab+Platinum agent+5-Fluorouracil"", ""Trial name"": ""KEYNOTE-048"", ""Trial phase"": ""Phase 3"", ""Type of combination"": ""ICI+Chemo"", ""Type of control"": ""Chemo+Anti-EGFR"", ""Type of follow-up given"": ""Median"", ""Type of therapy"": ""Combination"", ""Year"": 2019, ""__rowid__"": 86}","NCT: NCT02358031 | PubMed ID: 31679945 | Trial name: KEYNOTE-048 | Author: Burtness B et al (1) | Year: 2019 | Trial phase: Phase 3 | Number of arms: 3 | Total sample size: 882 | Originial publication or Follow-up: Original publication | Cancer type: Head and Neck | Treatment regimen: Pembrolizumab+Platinum agent+5-Fluorouracil | Name of ICI: Pembrolizumab | Class of ICI: PD1 | Monotherapy/combination: Combination | Type of combination: ICI+Chemo | Control regimen: Cetuximab+Platinum agent+5-fluorouracil | Type of control: Chemo+Anti-EGFR | Lines of treatment: Only 1st line of treatment for metastatic disease | Clincal setting in relation to surgery: Metastatic+recurrent (unresectable) | Primary endpoint: OS+PFS | Priamry Multiple, composite, or co-primary endpoints?: Multiple | Secondary endpoint: Safety and tolerability; proportion of participants with objective response; proportion of participants who were progression-free at 6 and 12 months; change from baseline in global health status or quality of life; time to deterioration in global health status or quality of life, pain, and
swallowing. | Is PD-L1 positivity inclusion criteria: No | Is any other biomarker used for inclusion: No | Type of follow-up given: Median | Follow-up duration for primary endpoint(s) in months | Overall: None | Follow-up duration for primary endpoint(s) in months | Rx: 13 | Follow-up duration for primary endpoint(s) in months | Control: 10.7 | Type of therapy: Combination | Control arm: Chemo+Anti-EGFR | Clinical setting: Metastatic+recurrent (unresectable) | Included in MA: Yes"
row_311,311,"For Pembrolizumab trials in Melanoma, extract the trial acronym from the trial name (e.g., KEYNOTE-xxx, CHECKMATE-xxx).",Trial name,"[""trial_acronym""]",tabert,row_table,18,0.8184313774108887,0,47,NCT02477826,29658845,Checkmate 227,Checkmate 227,"{""Author"": ""Hellmann MD et al"", ""Cancer type"": ""Non-Small Cell Lung"", ""Class of ICI"": ""PD1, CTLA-4"", ""Clincal setting in relation to surgery"": ""Metastatic+recurrent (unresectable)"", ""Clinical setting"": ""Metastatic+recurrent (unresectable)"", ""Control arm"": ""Chemo"", ""Control regimen"": ""Chemotherapy"", ""Follow-up duration for primary endpoint(s) in months | Control"": null, ""Follow-up duration for primary endpoint(s) in months | Overall"": ""11.2"", ""Follow-up duration for primary endpoint(s) in months | Rx"": null, ""Included in MA"": ""Yes"", ""Is PD-L1 positivity inclusion criteria"": ""No"", ""Is any other biomarker used for inclusion"": ""No"", ""Lines of treatment"": ""Only 1st line of treatment for metastatic disease"", ""Monotherapy/combination"": ""Combination"", ""NCT"": ""NCT02477826"", ""Name of ICI"": ""Nivolumab, Ipilimumab"", ""Number of arms"": 3, ""Originial publication or Follow-up"": ""Original publication"", ""Priamry Multiple, composite, or co-primary endpoints?"": ""Co-primary"", ""Primary endpoint"": ""OS+PFS"", ""PubMed ID"": ""29658845"", ""Secondary endpoint"": ""PFS with nivolumab VS chemotherapy among patients with a TMB of at least 13 mutations per megabase and a PD-L1 expression level of >= 1%; OS with nivolumab + ipilimumab VS platinum doublet chemotherapy among patients with a TMB of >=10 mutations per megabase"", ""Total sample size"": 1739, ""Treatment regimen"": ""Nivolumab+Ipilimumab"", ""Trial name"": ""Checkmate 227"", ""Trial phase"": ""Phase 3"", ""Type of combination"": ""ICI+ICI"", ""Type of control"": ""Chemo"", ""Type of follow-up given"": ""Minimum"", ""Type of therapy"": ""Combination"", ""Year"": 2018, ""__rowid__"": 47}","NCT: NCT02477826 | PubMed ID: 29658845 | Trial name: Checkmate 227 | Author: Hellmann MD et al | Year: 2018 | Trial phase: Phase 3 | Number of arms: 3 | Total sample size: 1739 | Originial publication or Follow-up: Original publication | Cancer type: Non-Small Cell Lung | Treatment regimen: Nivolumab+Ipilimumab | Name of ICI: Nivolumab, Ipilimumab | Class of ICI: PD1, CTLA-4 | Monotherapy/combination: Combination | Type of combination: ICI+ICI | Control regimen: Chemotherapy | Type of control: Chemo | Lines of treatment: Only 1st line of treatment for metastatic disease | Clincal setting in relation to surgery: Metastatic+recurrent (unresectable) | Primary endpoint: OS+PFS | Priamry Multiple, composite, or co-primary endpoints?: Co-primary | Secondary endpoint: PFS with nivolumab VS chemotherapy among patients with a TMB of at least 13 mutations per megabase and a PD-L1 expression level of >= 1%; OS with nivolumab + ipilimumab VS platinum doublet chemotherapy among patients with a TMB of >=10 mutations per megabase | Is PD-L1 positivity inclusion criteria: No | Is any other biomarker used for inclusion: No | Type of follow-up given: Minimum | Follow-up duration for primary endpoint(s) in months | Overall: 11.2 | Follow-up duration for primary endpoint(s) in months | Rx: None | Follow-up duration for primary endpoint(s) in months | Control: None | Type of therapy: Combination | Control arm: Chemo | Clinical setting: Metastatic+recurrent (unresectable) | Included in MA: Yes"
row_311,311,"For Pembrolizumab trials in Melanoma, extract the trial acronym from the trial name (e.g., KEYNOTE-xxx, CHECKMATE-xxx).",Trial name,"[""trial_acronym""]",tabert,row_table,19,0.818193793296814,0,128,NCT02899299,33485464,CheckMate 743,CheckMate 743,"{""Author"": ""Baas P et al."", ""Cancer type"": ""Mesothelioma"", ""Class of ICI"": ""PD1, CTLA-4"", ""Clincal setting in relation to surgery"": ""Metastatic+recurrent (unresectable)"", ""Clinical setting"": ""Metastatic+recurrent (unresectable)"", ""Control arm"": ""Chemo"", ""Control regimen"": ""Pemetrexed+Cisplatin/Carboplatin"", ""Follow-up duration for primary endpoint(s) in months | Control"": null, ""Follow-up duration for primary endpoint(s) in months | Overall"": ""29.7"", ""Follow-up duration for primary endpoint(s) in months | Rx"": null, ""Included in MA"": null, ""Is PD-L1 positivity inclusion criteria"": ""No"", ""Is any other biomarker used for inclusion"": ""No"", ""Lines of treatment"": ""Only 1st line of treatment for metastatic disease"", ""Monotherapy/combination"": ""Combination"", ""NCT"": ""NCT02899299"", ""Name of ICI"": ""Nivolumab, Ipilimumab"", ""Number of arms"": 2, ""Originial publication or Follow-up"": ""Original publication"", ""Priamry Multiple, composite, or co-primary endpoints?"": null, ""Primary endpoint"": ""OS"", ""PubMed ID"": ""33485464"", ""Secondary endpoint"": ""PFS, ORR, time to response, DoR, DCR"", ""Total sample size"": 605, ""Treatment regimen"": ""Nivolumab+Ipilimumab"", ""Trial name"": ""CheckMate 743"", ""Trial phase"": ""Phase 3"", ""Type of combination"": ""ICI+ICI"", ""Type of control"": ""Chemo"", ""Type of follow-up given"": ""Median"", ""Type of therapy"": ""Combination"", ""Year"": 2021, ""__rowid__"": 128}","NCT: NCT02899299 | PubMed ID: 33485464 | Trial name: CheckMate 743 | Author: Baas P et al. | Year: 2021 | Trial phase: Phase 3 | Number of arms: 2 | Total sample size: 605 | Originial publication or Follow-up: Original publication | Cancer type: Mesothelioma | Treatment regimen: Nivolumab+Ipilimumab | Name of ICI: Nivolumab, Ipilimumab | Class of ICI: PD1, CTLA-4 | Monotherapy/combination: Combination | Type of combination: ICI+ICI | Control regimen: Pemetrexed+Cisplatin/Carboplatin | Type of control: Chemo | Lines of treatment: Only 1st line of treatment for metastatic disease | Clincal setting in relation to surgery: Metastatic+recurrent (unresectable) | Primary endpoint: OS | Priamry Multiple, composite, or co-primary endpoints?: None | Secondary endpoint: PFS, ORR, time to response, DoR, DCR | Is PD-L1 positivity inclusion criteria: No | Is any other biomarker used for inclusion: No | Type of follow-up given: Median | Follow-up duration for primary endpoint(s) in months | Overall: 29.7 | Follow-up duration for primary endpoint(s) in months | Rx: None | Follow-up duration for primary endpoint(s) in months | Control: None | Type of therapy: Combination | Control arm: Chemo | Clinical setting: Metastatic+recurrent (unresectable) | Included in MA: None"
row_311,311,"For Pembrolizumab trials in Melanoma, extract the trial acronym from the trial name (e.g., KEYNOTE-xxx, CHECKMATE-xxx).",Trial name,"[""trial_acronym""]",tabert,row_table,20,0.8181894421577454,0,133,NCT02564263,33026938,KEYNOTE-181,KEYNOTE-181,"{""Author"": ""Kojima T et al."", ""Cancer type"": ""Esophageal/GEJ"", ""Class of ICI"": ""PD1"", ""Clincal setting in relation to surgery"": ""Metastatic+recurrent (unresectable)"", ""Clinical setting"": ""Metastatic+recurrent (unresectable)"", ""Control arm"": ""Chemo"", ""Control regimen"": ""Paclitaxel/Docetaxel/Irinotecan"", ""Follow-up duration for primary endpoint(s) in months | Control"": ""6.9"", ""Follow-up duration for primary endpoint(s) in months | Overall"": null, ""Follow-up duration for primary endpoint(s) in months | Rx"": ""7.1"", ""Included in MA"": null, ""Is PD-L1 positivity inclusion criteria"": ""No"", ""Is any other biomarker used for inclusion"": ""Yes"", ""Lines of treatment"": ""Only 2nd or later line of treatment for metastatic disease"", ""Monotherapy/combination"": ""Monotherapy"", ""NCT"": ""NCT02564263"", ""Name of ICI"": ""Pembrolizumab"", ""Number of arms"": 2, ""Originial publication or Follow-up"": ""Original publication"", ""Priamry Multiple, composite, or co-primary endpoints?"": null, ""Primary endpoint"": ""OS"", ""PubMed ID"": ""33026938"", ""Secondary endpoint"": ""PFS, ORR, safety, tolerability"", ""Total sample size"": 628, ""Treatment regimen"": ""Pembrolizumab"", ""Trial name"": ""KEYNOTE-181"", ""Trial phase"": ""Phase 3"", ""Type of combination"": null, ""Type of control"": ""Chemo"", ""Type of follow-up given"": ""Median"", ""Type of therapy"": ""Monotherapy"", ""Year"": 2020, ""__rowid__"": 133}","NCT: NCT02564263 | PubMed ID: 33026938 | Trial name: KEYNOTE-181 | Author: Kojima T et al. | Year: 2020 | Trial phase: Phase 3 | Number of arms: 2 | Total sample size: 628 | Originial publication or Follow-up: Original publication | Cancer type: Esophageal/GEJ | Treatment regimen: Pembrolizumab | Name of ICI: Pembrolizumab | Class of ICI: PD1 | Monotherapy/combination: Monotherapy | Type of combination: None | Control regimen: Paclitaxel/Docetaxel/Irinotecan | Type of control: Chemo | Lines of treatment: Only 2nd or later line of treatment for metastatic disease | Clincal setting in relation to surgery: Metastatic+recurrent (unresectable) | Primary endpoint: OS | Priamry Multiple, composite, or co-primary endpoints?: None | Secondary endpoint: PFS, ORR, safety, tolerability | Is PD-L1 positivity inclusion criteria: No | Is any other biomarker used for inclusion: Yes | Type of follow-up given: Median | Follow-up duration for primary endpoint(s) in months | Overall: None | Follow-up duration for primary endpoint(s) in months | Rx: 7.1 | Follow-up duration for primary endpoint(s) in months | Control: 6.9 | Type of therapy: Monotherapy | Control arm: Chemo | Clinical setting: Metastatic+recurrent (unresectable) | Included in MA: None"
