{
  "baseline_eval": "/mnt/data1/srchowd3/MAYO_AIM2/results/eval_baselines_v3/20260226_062742/eval_gemma27b_cot.json",
  "batch_evals": [
    "/mnt/data1/srchowd3/MAYO_AIM2/method/batch_gemma_27b/batch_1/batch_1.eval.json",
    "/mnt/data1/srchowd3/MAYO_AIM2/method/batch_gemma_27b/batch_2/batch_2.eval.json",
    "/mnt/data1/srchowd3/MAYO_AIM2/method/batch_gemma_27b/batch_3/batch_3.eval.json"
  ],
  "id_source": "pred_nonempty",
  "results": [
    {
      "batch": "batch_1.eval",
      "question_set_source": "pred_nonempty",
      "counts": {
        "batch_scope_ids_raw": 500,
        "batch_scope_ids": 500,
        "common_ids": 500,
        "missing_in_fewshot": 0,
        "deduped_scope_ids": 0
      },
      "exact_head_to_head": {
        "both_true": 34,
        "batch_only_true": 144,
        "fewshot_only_true": 24,
        "both_false": 298
      },
      "metrics": {
        "exact_exec_match": {
          "batch": 0.356,
          "fewshot": 0.116,
          "delta_batch_minus_fewshot": 0.24
        },
        "pred_exec_ok": {
          "batch": 1.0,
          "fewshot": 0.99,
          "delta_batch_minus_fewshot": 0.010000000000000009
        },
        "sql_ast_similarity": {
          "batch": 0.8937113845638259,
          "fewshot": 0.8544101718592075,
          "delta_batch_minus_fewshot": 0.03930121270461839
        },
        "precision": {
          "batch": 0.4345539912546215,
          "fewshot": 0.4081728378449423,
          "delta_batch_minus_fewshot": 0.026381153409679226
        },
        "recall": {
          "batch": 0.45553701705040994,
          "fewshot": 0.4359456718546004,
          "delta_batch_minus_fewshot": 0.019591345195809517
        },
        "f1": {
          "batch": 0.43479642767385174,
          "fewshot": 0.40188909281237,
          "delta_batch_minus_fewshot": 0.03290733486148173
        },
        "row_jaccard": {
          "batch": 0.42021047483965057,
          "fewshot": 0.34445281657243004,
          "delta_batch_minus_fewshot": 0.07575765826722053
        },
        "column_alignment_score": {
          "batch": 0.8144026648351649,
          "fewshot": 0.722253697954823,
          "delta_batch_minus_fewshot": 0.09214896688034191
        },
        "chrf": {
          "batch": 95.07324848370845,
          "fewshot": 78.0430624984755,
          "delta_batch_minus_fewshot": 17.030185985232947
        },
        "rouge_l_f1": {
          "batch": 0.9496423661954817,
          "fewshot": 0.7996434659842652,
          "delta_batch_minus_fewshot": 0.14999890021121653
        }
      },
      "sample_common_ids": [
        "line_1",
        "line_2",
        "line_3",
        "line_4",
        "line_5",
        "line_6",
        "line_7",
        "line_8",
        "line_9",
        "line_10"
      ]
    },
    {
      "batch": "batch_2.eval",
      "question_set_source": "pred_nonempty",
      "counts": {
        "batch_scope_ids_raw": 500,
        "batch_scope_ids": 500,
        "common_ids": 500,
        "missing_in_fewshot": 0,
        "deduped_scope_ids": 0
      },
      "exact_head_to_head": {
        "both_true": 36,
        "batch_only_true": 74,
        "fewshot_only_true": 34,
        "both_false": 356
      },
      "metrics": {
        "exact_exec_match": {
          "batch": 0.22,
          "fewshot": 0.14,
          "delta_batch_minus_fewshot": 0.07999999999999999
        },
        "pred_exec_ok": {
          "batch": 1.0,
          "fewshot": 0.988,
          "delta_batch_minus_fewshot": 0.01200000000000001
        },
        "sql_ast_similarity": {
          "batch": 0.8185648405075444,
          "fewshot": 0.8038776729709405,
          "delta_batch_minus_fewshot": 0.014687167536603929
        },
        "precision": {
          "batch": 0.39680951645696455,
          "fewshot": 0.36854123192545324,
          "delta_batch_minus_fewshot": 0.028268284531511312
        },
        "recall": {
          "batch": 0.3589516357886949,
          "fewshot": 0.33725643517833315,
          "delta_batch_minus_fewshot": 0.02169520061036173
        },
        "f1": {
          "batch": 0.3539696377618696,
          "fewshot": 0.31600682831840365,
          "delta_batch_minus_fewshot": 0.03796280944346597
        },
        "row_jaccard": {
          "batch": 0.3258003639479199,
          "fewshot": 0.2723492769881128,
          "delta_batch_minus_fewshot": 0.053451086959807104
        },
        "column_alignment_score": {
          "batch": 0.7644536716244302,
          "fewshot": 0.6899366130856011,
          "delta_batch_minus_fewshot": 0.07451705853882917
        },
        "chrf": {
          "batch": 91.31174332812452,
          "fewshot": 78.15344083202737,
          "delta_batch_minus_fewshot": 13.15830249609715
        },
        "rouge_l_f1": {
          "batch": 0.9089355055728423,
          "fewshot": 0.7976821981327088,
          "delta_batch_minus_fewshot": 0.11125330744013351
        }
      },
      "sample_common_ids": [
        "line_100_var_drop_select_column_192",
        "line_100_var_drop_where_condition_32",
        "line_100_var_keep_one_where_condition_80",
        "line_101_var_drop_where_condition_156",
        "line_102_var_drop_select_column_32",
        "line_102_var_keep_two_select_columns_163",
        "line_103_var_drop_select_column_204",
        "line_103_var_drop_select_column_64",
        "line_103_var_keep_one_where_condition_63",
        "line_103_var_keep_two_select_columns_161"
      ]
    },
    {
      "batch": "batch_3.eval",
      "question_set_source": "pred_nonempty",
      "counts": {
        "batch_scope_ids_raw": 500,
        "batch_scope_ids": 500,
        "common_ids": 500,
        "missing_in_fewshot": 0,
        "deduped_scope_ids": 0
      },
      "exact_head_to_head": {
        "both_true": 36,
        "batch_only_true": 86,
        "fewshot_only_true": 36,
        "both_false": 342
      },
      "metrics": {
        "exact_exec_match": {
          "batch": 0.244,
          "fewshot": 0.144,
          "delta_batch_minus_fewshot": 0.1
        },
        "pred_exec_ok": {
          "batch": 1.0,
          "fewshot": 0.99,
          "delta_batch_minus_fewshot": 0.010000000000000009
        },
        "sql_ast_similarity": {
          "batch": 0.8164626353047966,
          "fewshot": 0.8047356417211226,
          "delta_batch_minus_fewshot": 0.011726993583674017
        },
        "precision": {
          "batch": 0.3838837641723356,
          "fewshot": 0.3663302507980294,
          "delta_batch_minus_fewshot": 0.017553513374306218
        },
        "recall": {
          "batch": 0.35266470789172055,
          "fewshot": 0.3581816901867361,
          "delta_batch_minus_fewshot": -0.005516982295015571
        },
        "f1": {
          "batch": 0.34840842762617374,
          "fewshot": 0.3287755700880242,
          "delta_batch_minus_fewshot": 0.01963285753814953
        },
        "row_jaccard": {
          "batch": 0.32508672687533413,
          "fewshot": 0.28318883594818384,
          "delta_batch_minus_fewshot": 0.041897890927150294
        },
        "column_alignment_score": {
          "batch": 0.7552301907905491,
          "fewshot": 0.6957169997195863,
          "delta_batch_minus_fewshot": 0.059513191070962757
        },
        "chrf": {
          "batch": 89.62573432931664,
          "fewshot": 77.47052494472163,
          "delta_batch_minus_fewshot": 12.155209384595011
        },
        "rouge_l_f1": {
          "batch": 0.8933193219380922,
          "fewshot": 0.7826794767642956,
          "delta_batch_minus_fewshot": 0.11063984517379655
        }
      },