{
  "baseline_eval": "/mnt/data1/srchowd3/MAYO_AIM2/results/eval_baselines_v3/20260226_062742/eval_gemma27b_zero_shot.json",
  "batch_evals": [
    "/mnt/data1/srchowd3/MAYO_AIM2/method/batch_gemma_27b/batch_1/batch_1.eval.json",
    "/mnt/data1/srchowd3/MAYO_AIM2/method/batch_gemma_27b/batch_2/batch_2.eval.json",
    "/mnt/data1/srchowd3/MAYO_AIM2/method/batch_gemma_27b/batch_3/batch_3.eval.json"
  ],
  "id_source": "pred_nonempty",
  "results": [
    {
      "batch": "batch_1.eval",
      "question_set_source": "pred_nonempty",
      "counts": {
        "batch_scope_ids_raw": 500,
        "batch_scope_ids": 500,
        "common_ids": 500,
        "missing_in_fewshot": 0,
        "deduped_scope_ids": 0
      },
      "exact_head_to_head": {
        "both_true": 73,
        "batch_only_true": 105,
        "fewshot_only_true": 106,
        "both_false": 216
      },
      "metrics": {
        "exact_exec_match": {
          "batch": 0.356,
          "fewshot": 0.358,
          "delta_batch_minus_fewshot": -0.0020000000000000018
        },
        "pred_exec_ok": {
          "batch": 1.0,
          "fewshot": 1.0,
          "delta_batch_minus_fewshot": 0.0
        },
        "sql_ast_similarity": {
          "batch": 0.8937113845638259,
          "fewshot": 0.5685654886349975,
          "delta_batch_minus_fewshot": 0.3251458959288285
        },
        "precision": {
          "batch": 0.4345539912546215,
          "fewshot": 0.4827581800840224,
          "delta_batch_minus_fewshot": -0.04820418882940086
        },
        "recall": {
          "batch": 0.45553701705040994,
          "fewshot": 0.5064845689033189,
          "delta_batch_minus_fewshot": -0.050947551852909
        },
        "f1": {
          "batch": 0.43479642767385174,
          "fewshot": 0.47591746690391185,
          "delta_batch_minus_fewshot": -0.04112103923006011
        },
        "row_jaccard": {
          "batch": 0.42021047483965057,
          "fewshot": 0.43897574589169136,
          "delta_batch_minus_fewshot": -0.01876527105204079
        },
        "column_alignment_score": {
          "batch": 0.8144026648351649,
          "fewshot": 0.8072571893322669,
          "delta_batch_minus_fewshot": 0.007145475502898013
        },
        "chrf": {
          "batch": 95.07324848370845,
          "fewshot": 86.93921484660333,
          "delta_batch_minus_fewshot": 8.13403363710512
        },
        "rouge_l_f1": {
          "batch": 0.9496423661954817,
          "fewshot": 0.8240418822705812,
          "delta_batch_minus_fewshot": 0.12560048392490053
        }
      },
      "sample_common_ids": [
        "line_1",
        "line_2",
        "line_3",
        "line_4",
        "line_5",
        "line_6",
        "line_7",
        "line_8",
        "line_9",
        "line_10"
      ]
    },
    {
      "batch": "batch_2.eval",
      "question_set_source": "pred_nonempty",
      "counts": {
        "batch_scope_ids_raw": 500,
        "batch_scope_ids": 500,
        "common_ids": 500,
        "missing_in_fewshot": 0,
        "deduped_scope_ids": 0
      },
      "exact_head_to_head": {
        "both_true": 49,
        "batch_only_true": 61,
        "fewshot_only_true": 76,
        "both_false": 314
      },
      "metrics": {
        "exact_exec_match": {
          "batch": 0.22,
          "fewshot": 0.25,
          "delta_batch_minus_fewshot": -0.03
        },
        "pred_exec_ok": {
          "batch": 1.0,
          "fewshot": 1.0,
          "delta_batch_minus_fewshot": 0.0
        },
        "sql_ast_similarity": {
          "batch": 0.8185648405075444,
          "fewshot": 0.5959703696478144,
          "delta_batch_minus_fewshot": 0.22259447085973005
        },
        "precision": {
          "batch": 0.39680951645696455,
          "fewshot": 0.4011870153920154,
          "delta_batch_minus_fewshot": -0.00437749893505085
        },
        "recall": {
          "batch": 0.3589516357886949,
          "fewshot": 0.34934729265951303,
          "delta_batch_minus_fewshot": 0.009604343129181847
        },
        "f1": {
          "batch": 0.3539696377618696,
          "fewshot": 0.3451975880807199,
          "delta_batch_minus_fewshot": 0.008772049681149752
        },
        "row_jaccard": {
          "batch": 0.3258003639479199,
          "fewshot": 0.31643979525044175,
          "delta_batch_minus_fewshot": 0.009360568697478144
        },
        "column_alignment_score": {
          "batch": 0.7644536716244302,
          "fewshot": 0.7396950582813393,
          "delta_batch_minus_fewshot": 0.02475861334309093
        },
        "chrf": {
          "batch": 91.31174332812452,
          "fewshot": 82.45397369393079,
          "delta_batch_minus_fewshot": 8.85776963419373
        },
        "rouge_l_f1": {
          "batch": 0.9089355055728423,
          "fewshot": 0.8041036451760865,
          "delta_batch_minus_fewshot": 0.10483186039675585
        }
      },
      "sample_common_ids": [
        "line_100_var_drop_select_column_192",
        "line_100_var_drop_where_condition_32",
        "line_100_var_keep_one_where_condition_80",
        "line_101_var_drop_where_condition_156",
        "line_102_var_drop_select_column_32",
        "line_102_var_keep_two_select_columns_163",
        "line_103_var_drop_select_column_204",
        "line_103_var_drop_select_column_64",
        "line_103_var_keep_one_where_condition_63",
        "line_103_var_keep_two_select_columns_161"
      ]
    },
    {
      "batch": "batch_3.eval",
      "question_set_source": "pred_nonempty",
      "counts": {
        "batch_scope_ids_raw": 500,
        "batch_scope_ids": 500,
        "common_ids": 500,
        "missing_in_fewshot": 0,
        "deduped_scope_ids": 0
      },
      "exact_head_to_head": {
        "both_true": 64,
        "batch_only_true": 58,
        "fewshot_only_true": 74,
        "both_false": 304
      },
      "metrics": {
        "exact_exec_match": {
          "batch": 0.244,
          "fewshot": 0.276,
          "delta_batch_minus_fewshot": -0.03200000000000003
        },
        "pred_exec_ok": {
          "batch": 1.0,
          "fewshot": 0.998,
          "delta_batch_minus_fewshot": 0.0020000000000000018
        },
        "sql_ast_similarity": {
          "batch": 0.8164626353047966,
          "fewshot": 0.6179970859040599,
          "delta_batch_minus_fewshot": 0.19846554940073668
        },
        "precision": {
          "batch": 0.3838837641723356,
          "fewshot": 0.43152115117090606,
          "delta_batch_minus_fewshot": -0.04763738699857045
        },
        "recall": {
          "batch": 0.35266470789172055,
          "fewshot": 0.3883714473207381,
          "delta_batch_minus_fewshot": -0.03570673942901753
        },
        "f1": {
          "batch": 0.34840842762617374,
          "fewshot": 0.3775387854677113,
          "delta_batch_minus_fewshot": -0.029130357841537557
        },
        "row_jaccard": {
          "batch": 0.32508672687533413,
          "fewshot": 0.3483060935162841,
          "delta_batch_minus_fewshot": -0.02321936664094998
        },
        "column_alignment_score": {
          "batch": 0.7552301907905491,
          "fewshot": 0.7275962531720185,
          "delta_batch_minus_fewshot": 0.027633937618530613
        },
        "chrf": {
          "batch": 89.62573432931664,
          "fewshot": 82.40710478857707,
          "delta_batch_minus_fewshot": 7.21862954073957
        },
        "rouge_l_f1": {
          "batch": 0.8933193219380922,
          "fewshot": 0.7866046432892019,
          "delta_batch_minus_fewshot": 0.10671467864889028
        }
      },