{
  "baseline_evals": [
    "/mnt/data1/srchowd3/MAYO_AIM2/results/eval_baselines_v3/20260226_062742/eval_gemma27b_cot.json",
    "/mnt/data1/srchowd3/MAYO_AIM2/results/eval_baselines_v3/20260226_062742/eval_gemma27b_few_shot.json",
    "/mnt/data1/srchowd3/MAYO_AIM2/results/eval_baselines_v3/20260226_062742/eval_gemma27b_zero_shot.json"
  ],
  "batch_evals": [
    "/mnt/data1/srchowd3/MAYO_AIM2/method/batch_gemma_27b/batch_1/batch_1.eval.json",
    "/mnt/data1/srchowd3/MAYO_AIM2/method/batch_gemma_27b/batch_2/batch_2.eval.json",
    "/mnt/data1/srchowd3/MAYO_AIM2/method/batch_gemma_27b/batch_3/batch_3.eval.json"
  ],
  "id_source": "pred_nonempty",
  "summary_rows": [
    {
      "baseline": "eval_gemma27b_cot",
      "batch": "batch_1.eval",
      "common_ids": 500,
      "metrics": {
        "ast": {
          "batch": 0.8937113845638259,
          "fewshot": 0.8544101718592075,
          "delta_batch_minus_fewshot": 0.03930121270461839
        },
        "harmonic_em": {
          "batch": 0.3178102965470356,
          "fewshot": 0.002112562086674339,
          "delta_batch_minus_fewshot": 0.31569773446036126
        },
        "rouge_f1": {
          "batch": 0.9496423661954817,
          "fewshot": 0.7996434659842652,
          "delta_batch_minus_fewshot": 0.14999890021121653
        },
        "chrf": {
          "batch": 95.07324848370845,
          "fewshot": 78.0430624984755,
          "delta_batch_minus_fewshot": 17.030185985232947
        },
        "em": {
          "batch": 0.356,
          "fewshot": 0.116,
          "delta_batch_minus_fewshot": 0.24
        },
        "f1": {
          "batch": 0.43479642767385174,
          "fewshot": 0.40188909281237,
          "delta_batch_minus_fewshot": 0.03290733486148173
        },
        "sql": {
          "batch": 1.0,
          "fewshot": 0.99,
          "delta_batch_minus_fewshot": 0.010000000000000009
        },
        "confidence": {
          "batch": 0.7133946973995205,
          "fewshot": 0.0018511609210440625,
          "delta_batch_minus_fewshot": 0.7115435364784765
        }
      }
    },
    {
      "baseline": "eval_gemma27b_cot",
      "batch": "batch_2.eval",
      "common_ids": 500,
      "metrics": {
        "ast": {
          "batch": 0.8185648405075444,
          "fewshot": 0.8038776729709405,
          "delta_batch_minus_fewshot": 0.014687167536603929
        },
        "harmonic_em": {
          "batch": 0.20020994175672102,
          "fewshot": 0.00088557838941527,
          "delta_batch_minus_fewshot": 0.19932436336730575
        },
        "rouge_f1": {
          "batch": 0.9089355055728423,
          "fewshot": 0.7976821981327088,
          "delta_batch_minus_fewshot": 0.11125330744013351
        },
        "chrf": {
          "batch": 91.31174332812452,
          "fewshot": 78.15344083202737,
          "delta_batch_minus_fewshot": 13.15830249609715
        },
        "em": {
          "batch": 0.22,
          "fewshot": 0.14,
          "delta_batch_minus_fewshot": 0.07999999999999999
        },
        "f1": {
          "batch": 0.3539696377618696,
          "fewshot": 0.31600682831840365,
          "delta_batch_minus_fewshot": 0.03796280944346597
        },
        "sql": {
          "batch": 1.0,
          "fewshot": 0.988,
          "delta_batch_minus_fewshot": 0.01200000000000001
        },
        "confidence": {
          "batch": 0.7283813679930163,
          "fewshot": 0.0027840778572980674,
          "delta_batch_minus_fewshot": 0.7255972901357183
        }
      }
    },
    {
      "baseline": "eval_gemma27b_cot",
      "batch": "batch_3.eval",
      "common_ids": 500,
      "metrics": {
        "ast": {
          "batch": 0.8164626353047966,
          "fewshot": 0.8047356417211226,
          "delta_batch_minus_fewshot": 0.011726993583674017
        },
        "harmonic_em": {
          "batch": 0.22482197733360662,
          "fewshot": 0.0024832904067701622,
          "delta_batch_minus_fewshot": 0.22233868692683645
        },
        "rouge_f1": {
          "batch": 0.8933193219380922,
          "fewshot": 0.7826794767642956,
          "delta_batch_minus_fewshot": 0.11063984517379655
        },
        "chrf": {
          "batch": 89.62573432931664,
          "fewshot": 77.47052494472163,
          "delta_batch_minus_fewshot": 12.155209384595011
        },
        "em": {
          "batch": 0.244,
          "fewshot": 0.144,
          "delta_batch_minus_fewshot": 0.1
        },
        "f1": {
          "batch": 0.34840842762617374,
          "fewshot": 0.3287755700880242,
          "delta_batch_minus_fewshot": 0.01963285753814953
        },
        "sql": {
          "batch": 1.0,
          "fewshot": 0.99,
          "delta_batch_minus_fewshot": 0.010000000000000009
        },
        "confidence": {
          "batch": 0.7361110790823759,
          "fewshot": 0.0029102456648930834,
          "delta_batch_minus_fewshot": 0.7332008334174829
        }
      }
    },
    {
      "baseline": "eval_gemma27b_cot",
      "batch": "overall_combined",
      "common_ids": 1500,
      "metrics": {
        "ast": {
          "batch": 0.8429129534587223,
          "fewshot": 0.8210193720821481,
          "delta_batch_minus_fewshot": 0.021893581376574156
        },
        "harmonic_em": {
          "batch": 0.24761407187912107,
          "fewshot": 0.0018271436276199237,
          "delta_batch_minus_fewshot": 0.24578692825150114
        },
        "rouge_f1": {
          "batch": 0.9181671395150804,
          "fewshot": 0.7934368573020404,
          "delta_batch_minus_fewshot": 0.12473028221304006
        },
        "chrf": {
          "batch": 92.08669489516829,
          "fewshot": 77.88969936925142,
          "delta_batch_minus_fewshot": 14.196995525916876
        },
        "em": {
          "batch": 0.2733333333333333,
          "fewshot": 0.13333333333333333,
          "delta_batch_minus_fewshot": 0.13999999999999999
        },
        "f1": {
          "batch": 0.37905816435396505,
          "fewshot": 0.3488904970729326,
          "delta_batch_minus_fewshot": 0.03016766728103243
        },
        "sql": {
          "batch": 1.0,
          "fewshot": 0.9893333333333333,
          "delta_batch_minus_fewshot": 0.010666666666666713
        },
        "confidence": {
          "batch": 0.7259623814916375,
          "fewshot": 0.0025151614810784042,
          "delta_batch_minus_fewshot": 0.7234472200105591
        }
      }
    },
    {
      "baseline": "eval_gemma27b_few_shot",
      "batch": "batch_1.eval",
      "common_ids": 500,
      "metrics": {
        "ast": {
          "batch": 0.8937113845638259,
          "fewshot": 0.9070977487320486,
          "delta_batch_minus_fewshot": -0.013386364168222697
        },
        "harmonic_em": {
          "batch": 0.3178102965470356,
          "fewshot": 0.30873016334234,
          "delta_batch_minus_fewshot": 0.009080133204695584
        },
        "rouge_f1": {
          "batch": 0.9496423661954817,
          "fewshot": 0.9406170539644314,
          "delta_batch_minus_fewshot": 0.009025312231050298
        },
        "chrf": {
          "batch": 95.07324848370845,
          "fewshot": 94.01545655894624,
          "delta_batch_minus_fewshot": 1.0577919247622134
        },
        "em": {
          "batch": 0.356,
          "fewshot": 0.398,
          "delta_batch_minus_fewshot": -0.04200000000000004
        },
        "f1": {
          "batch": 0.43479642767385174,
          "fewshot": 0.5528019035662494,
          "delta_batch_minus_fewshot": -0.11800547589239763
        },
        "sql": {
          "batch": 1.0,
          "fewshot": 1.0,
          "delta_batch_minus_fewshot": 0.0
        },
        "confidence": {
          "batch": 0.7133946973995205,
          "fewshot": 0.5011703086146053,
          "delta_batch_minus_fewshot": 0.21222438878491523
        }
      }
    },
    {
      "baseline": "eval_gemma27b_few_shot",
      "batch": "batch_2.eval",
      "common_ids": 500,