item_id,csv_row_number,question,column_used,expected_keys_json,model_name,view_name,rank,cosine_score,is_relevant,rowid,NCT,PubMed ID,Trial name,source_value,candidate_row_json,candidate_row_text
row_108,108,"For Chemotherapy trials, bucket total sample size as small(<100), medium(100–299), or large(≥300).",Total sample size,"[""size_bucket""]",tabert,source_column,1,0.7037946581840515,0,36,NCT02125461,30280658,PACIFIC,713,"{""Author"": ""Antonia SJ et al"", ""Cancer type"": ""Non-Small Cell Lung"", ""Class of ICI"": ""PD-L1"", ""Clincal setting in relation to surgery"": ""Metastatic+recurrent (unresectable)"", ""Clinical setting"": ""Metastatic+recurrent (unresectable)"", ""Control arm"": ""Placebo"", ""Control regimen"": ""Placebo"", ""Follow-up duration for primary endpoint(s) in months | Control"": null, ""Follow-up duration for primary endpoint(s) in months | Overall"": ""25.2"", ""Follow-up duration for primary endpoint(s) in months | Rx"": null, ""Included in MA"": ""No"", ""Is PD-L1 positivity inclusion criteria"": ""No"", ""Is any other biomarker used for inclusion"": ""No"", ""Lines of treatment"": ""Only 1st line of treatment for metastatic disease"", ""Monotherapy/combination"": ""Monotherapy"", ""NCT"": ""NCT02125461"", ""Name of ICI"": ""Durvalumab"", ""Number of arms"": 2, ""Originial publication or Follow-up"": ""Follow-up"", ""Priamry Multiple, composite, or co-primary endpoints?"": ""Co-primary"", ""Primary endpoint"": ""OS+PFS"", ""PubMed ID"": ""30280658"", ""Secondary endpoint"": ""Time to death, secondary progression, safety"", ""Total sample size"": 713, ""Treatment regimen"": ""Durvalumab"", ""Trial name"": ""PACIFIC"", ""Trial phase"": ""Phase 3"", ""Type of combination"": null, ""Type of control"": ""Placebo"", ""Type of follow-up given"": ""Median"", ""Type of therapy"": ""Monotherapy"", ""Year"": 2018, ""__rowid__"": 36}","NCT: NCT02125461 | PubMed ID: 30280658 | Trial name: PACIFIC | Author: Antonia SJ et al | Year: 2018 | Trial phase: Phase 3 | Number of arms: 2 | Total sample size: 713 | Originial publication or Follow-up: Follow-up | Cancer type: Non-Small Cell Lung | Treatment regimen: Durvalumab | Name of ICI: Durvalumab | Class of ICI: PD-L1 | Monotherapy/combination: Monotherapy | Type of combination: None | Control regimen: Placebo | Type of control: Placebo | Lines of treatment: Only 1st line of treatment for metastatic disease | Clincal setting in relation to surgery: Metastatic+recurrent (unresectable) | Primary endpoint: OS+PFS | Priamry Multiple, composite, or co-primary endpoints?: Co-primary | Secondary endpoint: Time to death, secondary progression, safety | Is PD-L1 positivity inclusion criteria: No | Is any other biomarker used for inclusion: No | Type of follow-up given: Median | Follow-up duration for primary endpoint(s) in months | Overall: 25.2 | Follow-up duration for primary endpoint(s) in months | Rx: None | Follow-up duration for primary endpoint(s) in months | Control: None | Type of therapy: Monotherapy | Control arm: Placebo | Clinical setting: Metastatic+recurrent (unresectable) | Included in MA: No"
row_108,108,"For Chemotherapy trials, bucket total sample size as small(<100), medium(100–299), or large(≥300).",Total sample size,"[""size_bucket""]",tabert,source_column,2,0.7026287317276001,0,123,NCT02516241,32971005,DANUBE,1032,"{""Author"": ""Powles T et al"", ""Cancer type"": ""Urothelial"", ""Class of ICI"": ""PD-L1"", ""Clincal setting in relation to surgery"": ""Metastatic+recurrent (unresectable)"", ""Clinical setting"": ""Metastatic+recurrent (unresectable)"", ""Control arm"": ""Chemo"", ""Control regimen"": ""Gemcitabine+Cisplatin/Carboplatin"", ""Follow-up duration for primary endpoint(s) in months | Control"": null, ""Follow-up duration for primary endpoint(s) in months | Overall"": ""41.2"", ""Follow-up duration for primary endpoint(s) in months | Rx"": null, ""Included in MA"": null, ""Is PD-L1 positivity inclusion criteria"": ""No"", ""Is any other biomarker used for inclusion"": ""No"", ""Lines of treatment"": ""Only 1st line of treatment for metastatic disease"", ""Monotherapy/combination"": ""Monotherapy"", ""NCT"": ""NCT02516241"", ""Name of ICI"": ""Durvalumab"", ""Number of arms"": 3, ""Originial publication or Follow-up"": ""Original publication"", ""Priamry Multiple, composite, or co-primary endpoints?"": ""Co-primary"", ""Primary endpoint"": ""OS"", ""PubMed ID"": ""32971005"", ""Secondary endpoint"": ""OS, PFS, ORR, DoR, DCR"", ""Total sample size"": 1032, ""Treatment regimen"": ""Durvalumab"", ""Trial name"": ""DANUBE"", ""Trial phase"": ""Phase 3"", ""Type of combination"": null, ""Type of control"": ""Chemo"", ""Type of follow-up given"": ""Median"", ""Type of therapy"": ""Monotherapy"", ""Year"": 2020, ""__rowid__"": 123}","NCT: NCT02516241 | PubMed ID: 32971005 | Trial name: DANUBE | Author: Powles T et al | Year: 2020 | Trial phase: Phase 3 | Number of arms: 3 | Total sample size: 1032 | Originial publication or Follow-up: Original publication | Cancer type: Urothelial | Treatment regimen: Durvalumab | Name of ICI: Durvalumab | Class of ICI: PD-L1 | Monotherapy/combination: Monotherapy | Type of combination: None | Control regimen: Gemcitabine+Cisplatin/Carboplatin | Type of control: Chemo | Lines of treatment: Only 1st line of treatment for metastatic disease | Clincal setting in relation to surgery: Metastatic+recurrent (unresectable) | Primary endpoint: OS | Priamry Multiple, composite, or co-primary endpoints?: Co-primary | Secondary endpoint: OS, PFS, ORR, DoR, DCR | Is PD-L1 positivity inclusion criteria: No | Is any other biomarker used for inclusion: No | Type of follow-up given: Median | Follow-up duration for primary endpoint(s) in months | Overall: 41.2 | Follow-up duration for primary endpoint(s) in months | Rx: None | Follow-up duration for primary endpoint(s) in months | Control: None | Type of therapy: Monotherapy | Control arm: Chemo | Clinical setting: Metastatic+recurrent (unresectable) | Included in MA: None"
row_108,108,"For Chemotherapy trials, bucket total sample size as small(<100), medium(100–299), or large(≥300).",Total sample size,"[""size_bucket""]",tabert,source_column,3,0.7022469639778137,0,148,NCT03141177,33657295,CheckMate 9ER,651,"{""Author"": ""Choueiri TK et al"", ""Cancer type"": ""Renal cell"", ""Class of ICI"": ""PD1"", ""Clincal setting in relation to surgery"": ""Metastatic+recurrent (unresectable)"", ""Clinical setting"": ""Metastatic+recurrent (unresectable)"", ""Control arm"": ""TKI"", ""Control regimen"": ""Sunitinib"", ""Follow-up duration for primary endpoint(s) in months | Control"": null, ""Follow-up duration for primary endpoint(s) in months | Overall"": ""18.1"", ""Follow-up duration for primary endpoint(s) in months | Rx"": null, ""Included in MA"": null, ""Is PD-L1 positivity inclusion criteria"": ""No"", ""Is any other biomarker used for inclusion"": ""No"", ""Lines of treatment"": ""Only 1st line of treatment for metastatic disease"", ""Monotherapy/combination"": ""Combination"", ""NCT"": ""NCT03141177"", ""Name of ICI"": ""Nivolumab"", ""Number of arms"": 2, ""Originial publication or Follow-up"": ""Original publication"", ""Priamry Multiple, composite, or co-primary endpoints?"": null, ""Primary endpoint"": ""PFS"", ""PubMed ID"": ""33657295"", ""Secondary endpoint"": ""OS; ORR; safety"", ""Total sample size"": 651, ""Treatment regimen"": ""Nivolumab+Cabozantinib"", ""Trial name"": ""CheckMate 9ER"", ""Trial phase"": ""Phase 3"", ""Type of combination"": ""ICI+TKI"", ""Type of control"": ""TKI"", ""Type of follow-up given"": ""Median"", ""Type of therapy"": ""Combination"", ""Year"": 2021, ""__rowid__"": 148}","NCT: NCT03141177 | PubMed ID: 33657295 | Trial name: CheckMate 9ER | Author: Choueiri TK et al | Year: 2021 | Trial phase: Phase 3 | Number of arms: 2 | Total sample size: 651 | Originial publication or Follow-up: Original publication | Cancer type: Renal cell | Treatment regimen: Nivolumab+Cabozantinib | Name of ICI: Nivolumab | Class of ICI: PD1 | Monotherapy/combination: Combination | Type of combination: ICI+TKI | Control regimen: Sunitinib | Type of control: TKI | Lines of treatment: Only 1st line of treatment for metastatic disease | Clincal setting in relation to surgery: Metastatic+recurrent (unresectable) | Primary endpoint: PFS | Priamry Multiple, composite, or co-primary endpoints?: None | Secondary endpoint: OS; ORR; safety | Is PD-L1 positivity inclusion criteria: No | Is any other biomarker used for inclusion: No | Type of follow-up given: Median | Follow-up duration for primary endpoint(s) in months | Overall: 18.1 | Follow-up duration for primary endpoint(s) in months | Rx: None | Follow-up duration for primary endpoint(s) in months | Control: None | Type of therapy: Combination | Control arm: TKI | Clinical setting: Metastatic+recurrent (unresectable) | Included in MA: None"
row_108,108,"For Chemotherapy trials, bucket total sample size as small(<100), medium(100–299), or large(≥300).",Total sample size,"[""size_bucket""]",tabert,source_column,4,0.7013875246047974,0,73,NCT01843374,28729154,DETERMINE,571,"{""Author"": ""Maio M et al"", ""Cancer type"": ""Mesothelioma"", ""Class of ICI"": ""CTLA-4"", ""Clincal setting in relation to surgery"": ""Metastatic+recurrent (unresectable)"", ""Clinical setting"": ""Metastatic+recurrent (unresectable)"", ""Control arm"": ""Placebo"", ""Control regimen"": ""Placebo"", ""Follow-up duration for primary endpoint(s) in months | Control"": null, ""Follow-up duration for primary endpoint(s) in months | Overall"": null, ""Follow-up duration for primary endpoint(s) in months | Rx"": null, ""Included in MA"": ""Yes"", ""Is PD-L1 positivity inclusion criteria"": ""No"", ""Is any other biomarker used for inclusion"": ""No"", ""Lines of treatment"": ""Only 2nd or later line of treatment for metastatic disease"", ""Monotherapy/combination"": ""Monotherapy"", ""NCT"": ""NCT01843374"", ""Name of ICI"": ""Tremelimumab"", ""Number of arms"": 2, ""Originial publication or Follow-up"": ""Original publication"", ""Priamry Multiple, composite, or co-primary endpoints?"": null, ""Primary endpoint"": ""OS"", ""PubMed ID"": ""28729154"", ""Secondary endpoint"": ""18-month OS; disease control and durable disease control; PFS; proportion of patients achieving an objective response; duration of response;  patient-reported outcomes; pharmacokinetics; immunogenicity of tremelimumab; and safety and tolerability."", ""Total sample size"": 571, ""Treatment regimen"": ""Tremelimumab"", ""Trial name"": ""DETERMINE"", ""Trial phase"": ""Phase 2"", ""Type of combination"": null, ""Type of control"": ""Placebo"", ""Type of follow-up given"": null, ""Type of therapy"": ""Monotherapy"", ""Year"": 2017, ""__rowid__"": 73}","NCT: NCT01843374 | PubMed ID: 28729154 | Trial name: DETERMINE | Author: Maio M et al | Year: 2017 | Trial phase: Phase 2 | Number of arms: 2 | Total sample size: 571 | Originial publication or Follow-up: Original publication | Cancer type: Mesothelioma | Treatment regimen: Tremelimumab | Name of ICI: Tremelimumab | Class of ICI: CTLA-4 | Monotherapy/combination: Monotherapy | Type of combination: None | Control regimen: Placebo | Type of control: Placebo | Lines of treatment: Only 2nd or later line of treatment for metastatic disease | Clincal setting in relation to surgery: Metastatic+recurrent (unresectable) | Primary endpoint: OS | Priamry Multiple, composite, or co-primary endpoints?: None | Secondary endpoint: 18-month OS; disease control and durable disease control; PFS; proportion of patients achieving an objective response; duration of response;  patient-reported outcomes; pharmacokinetics; immunogenicity of tremelimumab; and safety and tolerability. | Is PD-L1 positivity inclusion criteria: No | Is any other biomarker used for inclusion: No | Type of follow-up given: None | Follow-up duration for primary endpoint(s) in months | Overall: None | Follow-up duration for primary endpoint(s) in months | Rx: None | Follow-up duration for primary endpoint(s) in months | Control: None | Type of therapy: Monotherapy | Control arm: Placebo | Clinical setting: Metastatic+recurrent (unresectable) | Included in MA: Yes"
row_108,108,"For Chemotherapy trials, bucket total sample size as small(<100), medium(100–299), or large(≥300).",Total sample size,"[""size_bucket""]",tabert,source_column,5,0.6984832882881165,0,149,NCT02538666,33683919,CheckMate 451,834,"{""Author"": ""Owonikoko TK et al"", ""Cancer type"": ""Small Cell Lung"", ""Class of ICI"": ""PD1, CTLA-4"", ""Clincal setting in relation to surgery"": ""Maintenance"", ""Clinical setting"": ""Maintenance"", ""Control arm"": ""Placebo"", ""Control regimen"": ""Placebo"", ""Follow-up duration for primary endpoint(s) in months | Control"": ""9.1"", ""Follow-up duration for primary endpoint(s) in months | Overall"": null, ""Follow-up duration for primary endpoint(s) in months | Rx"": ""8.4"", ""Included in MA"": null, ""Is PD-L1 positivity inclusion criteria"": ""No"", ""Is any other biomarker used for inclusion"": ""No"", ""Lines of treatment"": ""Only 1st line of treatment for metastatic disease"", ""Monotherapy/combination"": ""Combination"", ""NCT"": ""NCT02538666"", ""Name of ICI"": ""Nivolumab, Ipilimumab"", ""Number of arms"": 3, ""Originial publication or Follow-up"": ""Original publication"", ""Priamry Multiple, composite, or co-primary endpoints?"": null, ""Primary endpoint"": ""OS"", ""PubMed ID"": ""33683919"", ""Secondary endpoint"": ""OS in Arm 2 vs Arm 3; PFS"", ""Total sample size"": 834, ""Treatment regimen"": ""Nivolumab+Ipilimumab"", ""Trial name"": ""CheckMate 451"", ""Trial phase"": ""Phase 3"", ""Type of combination"": ""ICI+ICI"", ""Type of control"": ""Placebo"", ""Type of follow-up given"": ""Median"", ""Type of therapy"": ""Combination"", ""Year"": 2021, ""__rowid__"": 149}","NCT: NCT02538666 | PubMed ID: 33683919 | Trial name: CheckMate 451 | Author: Owonikoko TK et al | Year: 2021 | Trial phase: Phase 3 | Number of arms: 3 | Total sample size: 834 | Originial publication or Follow-up: Original publication | Cancer type: Small Cell Lung | Treatment regimen: Nivolumab+Ipilimumab | Name of ICI: Nivolumab, Ipilimumab | Class of ICI: PD1, CTLA-4 | Monotherapy/combination: Combination | Type of combination: ICI+ICI | Control regimen: Placebo | Type of control: Placebo | Lines of treatment: Only 1st line of treatment for metastatic disease | Clincal setting in relation to surgery: Maintenance | Primary endpoint: OS | Priamry Multiple, composite, or co-primary endpoints?: None | Secondary endpoint: OS in Arm 2 vs Arm 3; PFS | Is PD-L1 positivity inclusion criteria: No | Is any other biomarker used for inclusion: No | Type of follow-up given: Median | Follow-up duration for primary endpoint(s) in months | Overall: None | Follow-up duration for primary endpoint(s) in months | Rx: 8.4 | Follow-up duration for primary endpoint(s) in months | Control: 9.1 | Type of therapy: Combination | Control arm: Placebo | Clinical setting: Maintenance | Included in MA: None"
row_108,108,"For Chemotherapy trials, bucket total sample size as small(<100), medium(100–299), or large(≥300).",Total sample size,"[""size_bucket""]",tabert,source_column,6,0.698032557964325,0,19,NCT02231749,31427204,CheckMate 214,1096,"{""Author"": ""Motzer RJ et al"", ""Cancer type"": ""Renal cell"", ""Class of ICI"": ""PD1, CTLA-4"", ""Clincal setting in relation to surgery"": ""Metastatic+recurrent (unresectable)"", ""Clinical setting"": ""Metastatic+recurrent (unresectable)"", ""Control arm"": ""TKI"", ""Control regimen"": ""Sunitinib"", ""Follow-up duration for primary endpoint(s) in months | Control"": null, ""Follow-up duration for primary endpoint(s) in months | Overall"": ""32.4"", ""Follow-up duration for primary endpoint(s) in months | Rx"": null, ""Included in MA"": ""Yes"", ""Is PD-L1 positivity inclusion criteria"": ""No"", ""Is any other biomarker used for inclusion"": ""No"", ""Lines of treatment"": ""Only 1st line of treatment for metastatic disease"", ""Monotherapy/combination"": ""Combination"", ""NCT"": ""NCT02231749"", ""Name of ICI"": ""Nivolumab, Ipilimumab"", ""Number of arms"": 2, ""Originial publication or Follow-up"": ""Follow-up"", ""Priamry Multiple, composite, or co-primary endpoints?"": ""Co-primary"", ""Primary endpoint"": ""OS+PFS+ORR"", ""PubMed ID"": ""31427204"", ""Secondary endpoint"": ""ORR, PFS and OS in intention-to-treat population; incidence rate of adverse events among all treated patients."", ""Total sample size"": 1096, ""Treatment regimen"": ""Nivolumab+Ipilimumab"", ""Trial name"": ""CheckMate 214"", ""Trial phase"": ""Phase 3"", ""Type of combination"": ""ICI+ICI"", ""Type of control"": ""TKI"", ""Type of follow-up given"": ""Median"", ""Type of therapy"": ""Combination"", ""Year"": 2019, ""__rowid__"": 19}","NCT: NCT02231749 | PubMed ID: 31427204 | Trial name: CheckMate 214 | Author: Motzer RJ et al | Year: 2019 | Trial phase: Phase 3 | Number of arms: 2 | Total sample size: 1096 | Originial publication or Follow-up: Follow-up | Cancer type: Renal cell | Treatment regimen: Nivolumab+Ipilimumab | Name of ICI: Nivolumab, Ipilimumab | Class of ICI: PD1, CTLA-4 | Monotherapy/combination: Combination | Type of combination: ICI+ICI | Control regimen: Sunitinib | Type of control: TKI | Lines of treatment: Only 1st line of treatment for metastatic disease | Clincal setting in relation to surgery: Metastatic+recurrent (unresectable) | Primary endpoint: OS+PFS+ORR | Priamry Multiple, composite, or co-primary endpoints?: Co-primary | Secondary endpoint: ORR, PFS and OS in intention-to-treat population; incidence rate of adverse events among all treated patients. | Is PD-L1 positivity inclusion criteria: No | Is any other biomarker used for inclusion: No | Type of follow-up given: Median | Follow-up duration for primary endpoint(s) in months | Overall: 32.4 | Follow-up duration for primary endpoint(s) in months | Rx: None | Follow-up duration for primary endpoint(s) in months | Control: None | Type of therapy: Combination | Control arm: TKI | Clinical setting: Metastatic+recurrent (unresectable) | Included in MA: Yes"
row_108,108,"For Chemotherapy trials, bucket total sample size as small(<100), medium(100–299), or large(≥300).",Total sample size,"[""size_bucket""]",tabert,source_column,7,0.6979482173919678,0,35,NCT02125461,28885881,PACIFIC,713,"{""Author"": ""Antonia SJ et al"", ""Cancer type"": ""Non-Small Cell Lung"", ""Class of ICI"": ""PD-L1"", ""Clincal setting in relation to surgery"": ""Metastatic+recurrent (unresectable)"", ""Clinical setting"": ""Metastatic+recurrent (unresectable)"", ""Control arm"": ""Placebo"", ""Control regimen"": ""Placebo"", ""Follow-up duration for primary endpoint(s) in months | Control"": null, ""Follow-up duration for primary endpoint(s) in months | Overall"": ""14.5"", ""Follow-up duration for primary endpoint(s) in months | Rx"": null, ""Included in MA"": ""Yes"", ""Is PD-L1 positivity inclusion criteria"": ""No"", ""Is any other biomarker used for inclusion"": ""No"", ""Lines of treatment"": ""Only 1st line of treatment for metastatic disease"", ""Monotherapy/combination"": ""Monotherapy"", ""NCT"": ""NCT02125461"", ""Name of ICI"": ""Durvalumab"", ""Number of arms"": 2, ""Originial publication or Follow-up"": ""Original publication"", ""Priamry Multiple, composite, or co-primary endpoints?"": ""Co-primary"", ""Primary endpoint"": ""OS+PFS"", ""PubMed ID"": ""28885881"", ""Secondary endpoint"": ""12-18 month PSA, DOR, ORR, Time to death, secondary progression, safety"", ""Total sample size"": 713, ""Treatment regimen"": ""Durvalumab"", ""Trial name"": ""PACIFIC"", ""Trial phase"": ""Phase 3"", ""Type of combination"": null, ""Type of control"": ""Placebo"", ""Type of follow-up given"": ""Median"", ""Type of therapy"": ""Monotherapy"", ""Year"": 2017, ""__rowid__"": 35}","NCT: NCT02125461 | PubMed ID: 28885881 | Trial name: PACIFIC | Author: Antonia SJ et al | Year: 2017 | Trial phase: Phase 3 | Number of arms: 2 | Total sample size: 713 | Originial publication or Follow-up: Original publication | Cancer type: Non-Small Cell Lung | Treatment regimen: Durvalumab | Name of ICI: Durvalumab | Class of ICI: PD-L1 | Monotherapy/combination: Monotherapy | Type of combination: None | Control regimen: Placebo | Type of control: Placebo | Lines of treatment: Only 1st line of treatment for metastatic disease | Clincal setting in relation to surgery: Metastatic+recurrent (unresectable) | Primary endpoint: OS+PFS | Priamry Multiple, composite, or co-primary endpoints?: Co-primary | Secondary endpoint: 12-18 month PSA, DOR, ORR, Time to death, secondary progression, safety | Is PD-L1 positivity inclusion criteria: No | Is any other biomarker used for inclusion: No | Type of follow-up given: Median | Follow-up duration for primary endpoint(s) in months | Overall: 14.5 | Follow-up duration for primary endpoint(s) in months | Rx: None | Follow-up duration for primary endpoint(s) in months | Control: None | Type of therapy: Monotherapy | Control arm: Placebo | Clinical setting: Metastatic+recurrent (unresectable) | Included in MA: Yes"
row_108,108,"For Chemotherapy trials, bucket total sample size as small(<100), medium(100–299), or large(≥300).",Total sample size,"[""size_bucket""]",tabert,source_column,8,0.697774350643158,0,146,NCT03215706,33476593,CheckMate 9LA,719,"{""Author"": ""Paz-Ares L et al"", ""Cancer type"": ""Non-Small Cell Lung"", ""Class of ICI"": ""PD1, CTLA-4"", ""Clincal setting in relation to surgery"": ""Metastatic+recurrent (unresectable)"", ""Clinical setting"": ""Metastatic+recurrent (unresectable)"", ""Control arm"": ""Chemo"", ""Control regimen"": ""Chemotherapy"", ""Follow-up duration for primary endpoint(s) in months | Control"": null, ""Follow-up duration for primary endpoint(s) in months | Overall"": ""13.2"", ""Follow-up duration for primary endpoint(s) in months | Rx"": null, ""Included in MA"": null, ""Is PD-L1 positivity inclusion criteria"": ""No"", ""Is any other biomarker used for inclusion"": ""Yes"", ""Lines of treatment"": ""Only 1st line of treatment for metastatic disease"", ""Monotherapy/combination"": ""Combination"", ""NCT"": ""NCT03215706"", ""Name of ICI"": ""Nivolumab, Ipilimumab"", ""Number of arms"": 2, ""Originial publication or Follow-up"": ""Original publication"", ""Priamry Multiple, composite, or co-primary endpoints?"": null, ""Primary endpoint"": ""OS"", ""PubMed ID"": ""33476593"", ""Secondary endpoint"": ""PFS; ORR"", ""Total sample size"": 719, ""Treatment regimen"": ""Nivolumab+Ipilimumab+Chemotherapy"", ""Trial name"": ""CheckMate 9LA"", ""Trial phase"": ""Phase 3"", ""Type of combination"": ""ICI+ICI+Chemo"", ""Type of control"": ""Chemo"", ""Type of follow-up given"": ""Median"", ""Type of therapy"": ""Combination"", ""Year"": 2021, ""__rowid__"": 146}","NCT: NCT03215706 | PubMed ID: 33476593 | Trial name: CheckMate 9LA | Author: Paz-Ares L et al | Year: 2021 | Trial phase: Phase 3 | Number of arms: 2 | Total sample size: 719 | Originial publication or Follow-up: Original publication | Cancer type: Non-Small Cell Lung | Treatment regimen: Nivolumab+Ipilimumab+Chemotherapy | Name of ICI: Nivolumab, Ipilimumab | Class of ICI: PD1, CTLA-4 | Monotherapy/combination: Combination | Type of combination: ICI+ICI+Chemo | Control regimen: Chemotherapy | Type of control: Chemo | Lines of treatment: Only 1st line of treatment for metastatic disease | Clincal setting in relation to surgery: Metastatic+recurrent (unresectable) | Primary endpoint: OS | Priamry Multiple, composite, or co-primary endpoints?: None | Secondary endpoint: PFS; ORR | Is PD-L1 positivity inclusion criteria: No | Is any other biomarker used for inclusion: Yes | Type of follow-up given: Median | Follow-up duration for primary endpoint(s) in months | Overall: 13.2 | Follow-up duration for primary endpoint(s) in months | Rx: None | Follow-up duration for primary endpoint(s) in months | Control: None | Type of therapy: Combination | Control arm: Chemo | Clinical setting: Metastatic+recurrent (unresectable) | Included in MA: None"
row_108,108,"For Chemotherapy trials, bucket total sample size as small(<100), medium(100–299), or large(≥300).",Total sample size,"[""size_bucket""]",tabert,source_column,9,0.6976803541183472,0,45,NCT02366143,29863955,IMPower150,1202,"{""Author"": ""Socinski MA et al"", ""Cancer type"": ""Non-Small Cell Lung"", ""Class of ICI"": ""PD-L1"", ""Clincal setting in relation to surgery"": ""Metastatic+recurrent (unresectable)"", ""Clinical setting"": ""Metastatic+recurrent (unresectable)"", ""Control arm"": ""Chemo+Anti-VEGF"", ""Control regimen"": ""Bevacizumab+Carboplatin+Paclitaxel"", ""Follow-up duration for primary endpoint(s) in months | Control"": null, ""Follow-up duration for primary endpoint(s) in months | Overall"": ""MIN for PFS 9.5, OS 14; MEDIAN for OS 20"", ""Follow-up duration for primary endpoint(s) in months | Rx"": null, ""Included in MA"": ""Yes"", ""Is PD-L1 positivity inclusion criteria"": ""No"", ""Is any other biomarker used for inclusion"": ""No"", ""Lines of treatment"": ""Only 1st line of treatment for metastatic disease"", ""Monotherapy/combination"": ""Combination"", ""NCT"": ""NCT02366143"", ""Name of ICI"": ""Atezolizumab"", ""Number of arms"": 3, ""Originial publication or Follow-up"": ""Original publication"", ""Priamry Multiple, composite, or co-primary endpoints?"": ""Multiple"", ""Primary endpoint"": ""OS+PFS"", ""PubMed ID"": ""29863955"", ""Secondary endpoint"": ""PFS, OS in ITT population"", ""Total sample size"": 1202, ""Treatment regimen"": ""Atezolizumab+Carboplatin+Paclitaxel"", ""Trial name"": ""IMPower150"", ""Trial phase"": ""Phase 3"", ""Type of combination"": ""ICI+Chemo"", ""Type of control"": ""Chemo+Anti-VEGF"", ""Type of follow-up given"": ""Minimum"", ""Type of therapy"": ""Combination"", ""Year"": 2018, ""__rowid__"": 45}","NCT: NCT02366143 | PubMed ID: 29863955 | Trial name: IMPower150 | Author: Socinski MA et al | Year: 2018 | Trial phase: Phase 3 | Number of arms: 3 | Total sample size: 1202 | Originial publication or Follow-up: Original publication | Cancer type: Non-Small Cell Lung | Treatment regimen: Atezolizumab+Carboplatin+Paclitaxel | Name of ICI: Atezolizumab | Class of ICI: PD-L1 | Monotherapy/combination: Combination | Type of combination: ICI+Chemo | Control regimen: Bevacizumab+Carboplatin+Paclitaxel | Type of control: Chemo+Anti-VEGF | Lines of treatment: Only 1st line of treatment for metastatic disease | Clincal setting in relation to surgery: Metastatic+recurrent (unresectable) | Primary endpoint: OS+PFS | Priamry Multiple, composite, or co-primary endpoints?: Multiple | Secondary endpoint: PFS, OS in ITT population | Is PD-L1 positivity inclusion criteria: No | Is any other biomarker used for inclusion: No | Type of follow-up given: Minimum | Follow-up duration for primary endpoint(s) in months | Overall: MIN for PFS 9.5, OS 14; MEDIAN for OS 20 | Follow-up duration for primary endpoint(s) in months | Rx: None | Follow-up duration for primary endpoint(s) in months | Control: None | Type of therapy: Combination | Control arm: Chemo+Anti-VEGF | Clinical setting: Metastatic+recurrent (unresectable) | Included in MA: Yes"
row_108,108,"For Chemotherapy trials, bucket total sample size as small(<100), medium(100–299), or large(≥300).",Total sample size,"[""size_bucket""]",tabert,source_column,10,0.6975666880607605,0,46,NCT02366143,29863955,IMPower150,1202,"{""Author"": ""Socinski MA et al (1)"", ""Cancer type"": ""Non-Small Cell Lung"", ""Class of ICI"": ""PD-L1"", ""Clincal setting in relation to surgery"": ""Metastatic+recurrent (unresectable)"", ""Clinical setting"": ""Metastatic+recurrent (unresectable)"", ""Control arm"": ""Chemo+Anti-VEGF"", ""Control regimen"": ""Bevacizumab+Carboplatin+Paclitaxel"", ""Follow-up duration for primary endpoint(s) in months | Control"": ""15.5"", ""Follow-up duration for primary endpoint(s) in months | Overall"": ""MIN for PFS 9.5, OS 14; MEDIAN for OS 20"", ""Follow-up duration for primary endpoint(s) in months | Rx"": ""15.4"", ""Included in MA"": ""Yes"", ""Is PD-L1 positivity inclusion criteria"": ""No"", ""Is any other biomarker used for inclusion"": ""No"", ""Lines of treatment"": ""Only 1st line of treatment for metastatic disease"", ""Monotherapy/combination"": ""Combination"", ""NCT"": ""NCT02366143"", ""Name of ICI"": ""Atezolizumab"", ""Number of arms"": 3, ""Originial publication or Follow-up"": ""Original publication"", ""Priamry Multiple, composite, or co-primary endpoints?"": ""Multiple"", ""Primary endpoint"": ""OS+PFS"", ""PubMed ID"": ""29863955"", ""Secondary endpoint"": ""PFS, OS in ITT population"", ""Total sample size"": 1202, ""Treatment regimen"": ""Atezolizumab+Carboplatin+Paclitaxel+Bevacizumab"", ""Trial name"": ""IMPower150"", ""Trial phase"": ""Phase 3"", ""Type of combination"": ""ICI+Chemo+Anti-VEGF"", ""Type of control"": ""Chemo+Anti-VEGF"", ""Type of follow-up given"": ""Minimum"", ""Type of therapy"": ""Combination"", ""Year"": 2018, ""__rowid__"": 46}","NCT: NCT02366143 | PubMed ID: 29863955 | Trial name: IMPower150 | Author: Socinski MA et al (1) | Year: 2018 | Trial phase: Phase 3 | Number of arms: 3 | Total sample size: 1202 | Originial publication or Follow-up: Original publication | Cancer type: Non-Small Cell Lung | Treatment regimen: Atezolizumab+Carboplatin+Paclitaxel+Bevacizumab | Name of ICI: Atezolizumab | Class of ICI: PD-L1 | Monotherapy/combination: Combination | Type of combination: ICI+Chemo+Anti-VEGF | Control regimen: Bevacizumab+Carboplatin+Paclitaxel | Type of control: Chemo+Anti-VEGF | Lines of treatment: Only 1st line of treatment for metastatic disease | Clincal setting in relation to surgery: Metastatic+recurrent (unresectable) | Primary endpoint: OS+PFS | Priamry Multiple, composite, or co-primary endpoints?: Multiple | Secondary endpoint: PFS, OS in ITT population | Is PD-L1 positivity inclusion criteria: No | Is any other biomarker used for inclusion: No | Type of follow-up given: Minimum | Follow-up duration for primary endpoint(s) in months | Overall: MIN for PFS 9.5, OS 14; MEDIAN for OS 20 | Follow-up duration for primary endpoint(s) in months | Rx: 15.4 | Follow-up duration for primary endpoint(s) in months | Control: 15.5 | Type of therapy: Combination | Control arm: Chemo+Anti-VEGF | Clinical setting: Metastatic+recurrent (unresectable) | Included in MA: Yes"
row_108,108,"For Chemotherapy trials, bucket total sample size as small(<100), medium(100–299), or large(≥300).",Total sample size,"[""size_bucket""]",tabert,source_column,11,0.697483479976654,0,101,NCT02231749,32661118,CheckMate 214,1096,"{""Author"": ""Motzer RJ et al"", ""Cancer type"": ""Renal cell"", ""Class of ICI"": ""PD1, CTLA-4"", ""Clincal setting in relation to surgery"": ""Metastatic+recurrent (unresectable)"", ""Clinical setting"": ""Metastatic+recurrent (unresectable)"", ""Control arm"": ""TKI"", ""Control regimen"": ""Sunitinib"", ""Follow-up duration for primary endpoint(s) in months | Control"": null, ""Follow-up duration for primary endpoint(s) in months | Overall"": ""42"", ""Follow-up duration for primary endpoint(s) in months | Rx"": null, ""Included in MA"": ""Yes"", ""Is PD-L1 positivity inclusion criteria"": ""No"", ""Is any other biomarker used for inclusion"": ""No"", ""Lines of treatment"": ""Only 1st line of treatment for metastatic disease"", ""Monotherapy/combination"": ""Combination"", ""NCT"": ""NCT02231749"", ""Name of ICI"": ""Nivolumab, Ipilimumab"", ""Number of arms"": 2, ""Originial publication or Follow-up"": ""Follow-up"", ""Priamry Multiple, composite, or co-primary endpoints?"": ""Co-primary"", ""Primary endpoint"": ""OS+PFS+ORR"", ""PubMed ID"": ""32661118"", ""Secondary endpoint"": ""ORR, PFS and OS in ITT population; incidence rate of AEs."", ""Total sample size"": 1096, ""Treatment regimen"": ""Nivolumab+Ipilimumab"", ""Trial name"": ""CheckMate 214"", ""Trial phase"": ""Phase 3"", ""Type of combination"": ""ICI+ICI"", ""Type of control"": ""TKI"", ""Type of follow-up given"": ""Minimum"", ""Type of therapy"": ""Combination"", ""Year"": 2020, ""__rowid__"": 101}","NCT: NCT02231749 | PubMed ID: 32661118 | Trial name: CheckMate 214 | Author: Motzer RJ et al | Year: 2020 | Trial phase: Phase 3 | Number of arms: 2 | Total sample size: 1096 | Originial publication or Follow-up: Follow-up | Cancer type: Renal cell | Treatment regimen: Nivolumab+Ipilimumab | Name of ICI: Nivolumab, Ipilimumab | Class of ICI: PD1, CTLA-4 | Monotherapy/combination: Combination | Type of combination: ICI+ICI | Control regimen: Sunitinib | Type of control: TKI | Lines of treatment: Only 1st line of treatment for metastatic disease | Clincal setting in relation to surgery: Metastatic+recurrent (unresectable) | Primary endpoint: OS+PFS+ORR | Priamry Multiple, composite, or co-primary endpoints?: Co-primary | Secondary endpoint: ORR, PFS and OS in ITT population; incidence rate of AEs. | Is PD-L1 positivity inclusion criteria: No | Is any other biomarker used for inclusion: No | Type of follow-up given: Minimum | Follow-up duration for primary endpoint(s) in months | Overall: 42 | Follow-up duration for primary endpoint(s) in months | Rx: None | Follow-up duration for primary endpoint(s) in months | Control: None | Type of therapy: Combination | Control arm: TKI | Clinical setting: Metastatic+recurrent (unresectable) | Included in MA: Yes"
row_108,108,"For Chemotherapy trials, bucket total sample size as small(<100), medium(100–299), or large(≥300).",Total sample size,"[""size_bucket""]",tabert,source_column,12,0.6961838603019714,0,58,NCT00324155,21639810,,502,"{""Author"": ""Robert C et al"", ""Cancer type"": ""Melanoma"", ""Class of ICI"": ""CTLA-4"", ""Clincal setting in relation to surgery"": ""Metastatic+recurrent (unresectable)"", ""Clinical setting"": ""Metastatic+recurrent (unresectable)"", ""Control arm"": ""Chemo"", ""Control regimen"": ""Dacarbazine"", ""Follow-up duration for primary endpoint(s) in months | Control"": null, ""Follow-up duration for primary endpoint(s) in months | Overall"": null, ""Follow-up duration for primary endpoint(s) in months | Rx"": null, ""Included in MA"": ""Yes"", ""Is PD-L1 positivity inclusion criteria"": ""No"", ""Is any other biomarker used for inclusion"": ""No"", ""Lines of treatment"": ""Only 1st line of treatment for metastatic disease"", ""Monotherapy/combination"": ""Combination"", ""NCT"": ""NCT00324155"", ""Name of ICI"": ""Ipilimumab"", ""Number of arms"": 2, ""Originial publication or Follow-up"": ""Original publication"", ""Priamry Multiple, composite, or co-primary endpoints?"": null, ""Primary endpoint"": ""OS"", ""PubMed ID"": ""21639810"", ""Secondary endpoint"": ""PFS, best ORR, DCR, time to response, DOR, safety"", ""Total sample size"": 502, ""Treatment regimen"": ""Ipilimumab+Dacarbazine"", ""Trial name"": null, ""Trial phase"": ""Phase 3"", ""Type of combination"": ""ICI+Chemo"", ""Type of control"": ""Chemo"", ""Type of follow-up given"": null, ""Type of therapy"": ""Combination"", ""Year"": 2011, ""__rowid__"": 58}","NCT: NCT00324155 | PubMed ID: 21639810 | Trial name: None | Author: Robert C et al | Year: 2011 | Trial phase: Phase 3 | Number of arms: 2 | Total sample size: 502 | Originial publication or Follow-up: Original publication | Cancer type: Melanoma | Treatment regimen: Ipilimumab+Dacarbazine | Name of ICI: Ipilimumab | Class of ICI: CTLA-4 | Monotherapy/combination: Combination | Type of combination: ICI+Chemo | Control regimen: Dacarbazine | Type of control: Chemo | Lines of treatment: Only 1st line of treatment for metastatic disease | Clincal setting in relation to surgery: Metastatic+recurrent (unresectable) | Primary endpoint: OS | Priamry Multiple, composite, or co-primary endpoints?: None | Secondary endpoint: PFS, best ORR, DCR, time to response, DOR, safety | Is PD-L1 positivity inclusion criteria: No | Is any other biomarker used for inclusion: No | Type of follow-up given: None | Follow-up duration for primary endpoint(s) in months | Overall: None | Follow-up duration for primary endpoint(s) in months | Rx: None | Follow-up duration for primary endpoint(s) in months | Control: None | Type of therapy: Combination | Control arm: Chemo | Clinical setting: Metastatic+recurrent (unresectable) | Included in MA: Yes"
row_108,108,"For Chemotherapy trials, bucket total sample size as small(<100), medium(100–299), or large(≥300).",Total sample size,"[""size_bucket""]",tabert,source_column,13,0.6961643695831299,0,74,NCT02576977,31327687,KEYNOTE-183,348,"{""Author"": ""Mateos MV et al"", ""Cancer type"": ""Multiple Myeloma"", ""Class of ICI"": ""PD1"", ""Clincal setting in relation to surgery"": null, ""Clinical setting"": null, ""Control arm"": ""Chemo"", ""Control regimen"": ""Pomalidomide+Dexamethasone"", ""Follow-up duration for primary endpoint(s) in months | Control"": null, ""Follow-up duration for primary endpoint(s) in months | Overall"": ""8.1"", ""Follow-up duration for primary endpoint(s) in months | Rx"": null, ""Included in MA"": ""No"", ""Is PD-L1 positivity inclusion criteria"": ""No"", ""Is any other biomarker used for inclusion"": ""No"", ""Lines of treatment"": ""Only 2nd or later line of treatment for metastatic disease"", ""Monotherapy/combination"": ""Combination"", ""NCT"": ""NCT02576977"", ""Name of ICI"": ""Pembrolizumab"", ""Number of arms"": 2, ""Originial publication or Follow-up"": ""Original publication"", ""Priamry Multiple, composite, or co-primary endpoints?"": ""Multiple"", ""Primary endpoint"": ""OS+PFS"", ""PubMed ID"": ""31327687"", ""Secondary endpoint"": ""Overall response; duration of response; disease control; safety and tolerability of both treatments; secondary PFS."", ""Total sample size"": 348, ""Treatment regimen"": ""Pembrolizumab+Pomalidomide+Dexamethasone"", ""Trial name"": ""KEYNOTE-183"", ""Trial phase"": ""Phase 3"", ""Type of combination"": ""ICI+Chemo"", ""Type of control"": ""Chemo"", ""Type of follow-up given"": ""Median"", ""Type of therapy"": ""Combination"", ""Year"": 2019, ""__rowid__"": 74}","NCT: NCT02576977 | PubMed ID: 31327687 | Trial name: KEYNOTE-183 | Author: Mateos MV et al | Year: 2019 | Trial phase: Phase 3 | Number of arms: 2 | Total sample size: 348 | Originial publication or Follow-up: Original publication | Cancer type: Multiple Myeloma | Treatment regimen: Pembrolizumab+Pomalidomide+Dexamethasone | Name of ICI: Pembrolizumab | Class of ICI: PD1 | Monotherapy/combination: Combination | Type of combination: ICI+Chemo | Control regimen: Pomalidomide+Dexamethasone | Type of control: Chemo | Lines of treatment: Only 2nd or later line of treatment for metastatic disease | Clincal setting in relation to surgery: None | Primary endpoint: OS+PFS | Priamry Multiple, composite, or co-primary endpoints?: Multiple | Secondary endpoint: Overall response; duration of response; disease control; safety and tolerability of both treatments; secondary PFS. | Is PD-L1 positivity inclusion criteria: No | Is any other biomarker used for inclusion: No | Type of follow-up given: Median | Follow-up duration for primary endpoint(s) in months | Overall: 8.1 | Follow-up duration for primary endpoint(s) in months | Rx: None | Follow-up duration for primary endpoint(s) in months | Control: None | Type of therapy: Combination | Control arm: Chemo | Clinical setting: None | Included in MA: No"
row_108,108,"For Chemotherapy trials, bucket total sample size as small(<100), medium(100–299), or large(≥300).",Total sample size,"[""size_bucket""]",tabert,source_column,14,0.695987343788147,0,66,NCT01704287,28961465,KEYNOTE-002,540,"{""Author"": ""Hamid O et al (1)"", ""Cancer type"": ""Melanoma"", ""Class of ICI"": ""PD1"", ""Clincal setting in relation to surgery"": ""Metastatic+recurrent (unresectable)"", ""Clinical setting"": ""Metastatic+recurrent (unresectable)"", ""Control arm"": ""Chemo"", ""Control regimen"": ""Investigator's choice chemotherapy"", ""Follow-up duration for primary endpoint(s) in months | Control"": null, ""Follow-up duration for primary endpoint(s) in months | Overall"": ""28"", ""Follow-up duration for primary endpoint(s) in months | Rx"": null, ""Included in MA"": ""Yes"", ""Is PD-L1 positivity inclusion criteria"": ""No"", ""Is any other biomarker used for inclusion"": ""No"", ""Lines of treatment"": ""1st and later line of treatment for metastatic disease"", ""Monotherapy/combination"": ""Monotherapy"", ""NCT"": ""NCT01704287"", ""Name of ICI"": ""Pembrolizumab"", ""Number of arms"": 3, ""Originial publication or Follow-up"": ""Follow-up"", ""Priamry Multiple, composite, or co-primary endpoints?"": ""Co-primary"", ""Primary endpoint"": ""OS+PFS"", ""PubMed ID"": ""28961465"", ""Secondary endpoint"": ""ORR; response duration; safety."", ""Total sample size"": 540, ""Treatment regimen"": ""Pembrolizumab 10 mg/kg"", ""Trial name"": ""KEYNOTE-002"", ""Trial phase"": ""Phase 2"", ""Type of combination"": null, ""Type of control"": ""Chemo"", ""Type of follow-up given"": ""Median"", ""Type of therapy"": ""Monotherapy"", ""Year"": 2017, ""__rowid__"": 66}","NCT: NCT01704287 | PubMed ID: 28961465 | Trial name: KEYNOTE-002 | Author: Hamid O et al (1) | Year: 2017 | Trial phase: Phase 2 | Number of arms: 3 | Total sample size: 540 | Originial publication or Follow-up: Follow-up | Cancer type: Melanoma | Treatment regimen: Pembrolizumab 10 mg/kg | Name of ICI: Pembrolizumab | Class of ICI: PD1 | Monotherapy/combination: Monotherapy | Type of combination: None | Control regimen: Investigator's choice chemotherapy | Type of control: Chemo | Lines of treatment: 1st and later line of treatment for metastatic disease | Clincal setting in relation to surgery: Metastatic+recurrent (unresectable) | Primary endpoint: OS+PFS | Priamry Multiple, composite, or co-primary endpoints?: Co-primary | Secondary endpoint: ORR; response duration; safety. | Is PD-L1 positivity inclusion criteria: No | Is any other biomarker used for inclusion: No | Type of follow-up given: Median | Follow-up duration for primary endpoint(s) in months | Overall: 28 | Follow-up duration for primary endpoint(s) in months | Rx: None | Follow-up duration for primary endpoint(s) in months | Control: None | Type of therapy: Monotherapy | Control arm: Chemo | Clinical setting: Metastatic+recurrent (unresectable) | Included in MA: Yes"
row_108,108,"For Chemotherapy trials, bucket total sample size as small(<100), medium(100–299), or large(≥300).",Total sample size,"[""size_bucket""]",tabert,source_column,15,0.6956164836883545,0,150,NCT02538666,33683919,CheckMate 451,834,"{""Author"": ""Owonikoko TK et al"", ""Cancer type"": ""Small Cell Lung"", ""Class of ICI"": ""PD1"", ""Clincal setting in relation to surgery"": ""Maintenance"", ""Clinical setting"": ""Maintenance"", ""Control arm"": ""Placebo"", ""Control regimen"": ""Placebo"", ""Follow-up duration for primary endpoint(s) in months | Control"": ""9.1"", ""Follow-up duration for primary endpoint(s) in months | Overall"": null, ""Follow-up duration for primary endpoint(s) in months | Rx"": ""9.9"", ""Included in MA"": null, ""Is PD-L1 positivity inclusion criteria"": ""No"", ""Is any other biomarker used for inclusion"": ""No"", ""Lines of treatment"": ""Only 1st line of treatment for metastatic disease"", ""Monotherapy/combination"": ""Monotherapy"", ""NCT"": ""NCT02538666"", ""Name of ICI"": ""Nivolumab"", ""Number of arms"": 3, ""Originial publication or Follow-up"": ""Original publication"", ""Priamry Multiple, composite, or co-primary endpoints?"": null, ""Primary endpoint"": null, ""PubMed ID"": ""33683919"", ""Secondary endpoint"": ""OS in Arm 2 vs Arm 3; PFS"", ""Total sample size"": 834, ""Treatment regimen"": ""Nivolumab"", ""Trial name"": ""CheckMate 451"", ""Trial phase"": ""Phase 3"", ""Type of combination"": null, ""Type of control"": ""Placebo"", ""Type of follow-up given"": ""Median"", ""Type of therapy"": ""Monotherapy"", ""Year"": 2021, ""__rowid__"": 150}","NCT: NCT02538666 | PubMed ID: 33683919 | Trial name: CheckMate 451 | Author: Owonikoko TK et al | Year: 2021 | Trial phase: Phase 3 | Number of arms: 3 | Total sample size: 834 | Originial publication or Follow-up: Original publication | Cancer type: Small Cell Lung | Treatment regimen: Nivolumab | Name of ICI: Nivolumab | Class of ICI: PD1 | Monotherapy/combination: Monotherapy | Type of combination: None | Control regimen: Placebo | Type of control: Placebo | Lines of treatment: Only 1st line of treatment for metastatic disease | Clincal setting in relation to surgery: Maintenance | Primary endpoint: None | Priamry Multiple, composite, or co-primary endpoints?: None | Secondary endpoint: OS in Arm 2 vs Arm 3; PFS | Is PD-L1 positivity inclusion criteria: No | Is any other biomarker used for inclusion: No | Type of follow-up given: Median | Follow-up duration for primary endpoint(s) in months | Overall: None | Follow-up duration for primary endpoint(s) in months | Rx: 9.9 | Follow-up duration for primary endpoint(s) in months | Control: 9.1 | Type of therapy: Monotherapy | Control arm: Placebo | Clinical setting: Maintenance | Included in MA: None"
row_108,108,"For Chemotherapy trials, bucket total sample size as small(<100), medium(100–299), or large(≥300).",Total sample size,"[""size_bucket""]",tabert,source_column,16,0.695479154586792,0,157,NCT02952586,33794205,JAVELIN Head and Neck 101,697,"{""Author"": ""Lee NY et al"", ""Cancer type"": ""Head and Neck"", ""Class of ICI"": ""PD-L1"", ""Clincal setting in relation to surgery"": ""Metastatic+recurrent (unresectable)"", ""Clinical setting"": ""Metastatic+recurrent (unresectable)"", ""Control arm"": ""Chemoradio"", ""Control regimen"": ""Chemoradiotherapy"", ""Follow-up duration for primary endpoint(s) in months | Control"": ""14.8"", ""Follow-up duration for primary endpoint(s) in months | Overall"": null, ""Follow-up duration for primary endpoint(s) in months | Rx"": ""14.6"", ""Included in MA"": null, ""Is PD-L1 positivity inclusion criteria"": ""No"", ""Is any other biomarker used for inclusion"": ""No"", ""Lines of treatment"": ""Only 1st line of treatment for metastatic disease"", ""Monotherapy/combination"": ""Combination"", ""NCT"": ""NCT02952586"", ""Name of ICI"": ""Avelumab"", ""Number of arms"": 2, ""Originial publication or Follow-up"": ""Original publication"", ""Priamry Multiple, composite, or co-primary endpoints?"": null, ""Primary endpoint"": ""PFS"", ""PubMed ID"": ""33794205"", ""Secondary endpoint"": ""OS; ORR; DoR; path CR"", ""Total sample size"": 697, ""Treatment regimen"": ""Avelumab+Chemoradiotherapy"", ""Trial name"": ""JAVELIN Head and Neck 101"", ""Trial phase"": ""Phase 3"", ""Type of combination"": ""ICI+Chemoradiotherapy"", ""Type of control"": ""Chemoradio"", ""Type of follow-up given"": ""Median"", ""Type of therapy"": ""Combination"", ""Year"": 2021, ""__rowid__"": 157}","NCT: NCT02952586 | PubMed ID: 33794205 | Trial name: JAVELIN Head and Neck 101 | Author: Lee NY et al | Year: 2021 | Trial phase: Phase 3 | Number of arms: 2 | Total sample size: 697 | Originial publication or Follow-up: Original publication | Cancer type: Head and Neck | Treatment regimen: Avelumab+Chemoradiotherapy | Name of ICI: Avelumab | Class of ICI: PD-L1 | Monotherapy/combination: Combination | Type of combination: ICI+Chemoradiotherapy | Control regimen: Chemoradiotherapy | Type of control: Chemoradio | Lines of treatment: Only 1st line of treatment for metastatic disease | Clincal setting in relation to surgery: Metastatic+recurrent (unresectable) | Primary endpoint: PFS | Priamry Multiple, composite, or co-primary endpoints?: None | Secondary endpoint: OS; ORR; DoR; path CR | Is PD-L1 positivity inclusion criteria: No | Is any other biomarker used for inclusion: No | Type of follow-up given: Median | Follow-up duration for primary endpoint(s) in months | Overall: None | Follow-up duration for primary endpoint(s) in months | Rx: 14.6 | Follow-up duration for primary endpoint(s) in months | Control: 14.8 | Type of therapy: Combination | Control arm: Chemoradio | Clinical setting: Metastatic+recurrent (unresectable) | Included in MA: None"
row_108,108,"For Chemotherapy trials, bucket total sample size as small(<100), medium(100–299), or large(≥300).",Total sample size,"[""size_bucket""]",tabert,source_column,17,0.6953961253166199,0,145,NCT02811861,33616314,CLEAR,1069,"{""Author"": ""Motzer R et al"", ""Cancer type"": ""Renal cell"", ""Class of ICI"": ""PD1"", ""Clincal setting in relation to surgery"": ""Metastatic+recurrent (unresectable)"", ""Clinical setting"": ""Metastatic+recurrent (unresectable)"", ""Control arm"": ""TKI"", ""Control regimen"": ""Sunitinib"", ""Follow-up duration for primary endpoint(s) in months | Control"": null, ""Follow-up duration for primary endpoint(s) in months | Overall"": ""26.6"", ""Follow-up duration for primary endpoint(s) in months | Rx"": null, ""Included in MA"": null, ""Is PD-L1 positivity inclusion criteria"": ""No"", ""Is any other biomarker used for inclusion"": ""No"", ""Lines of treatment"": ""Only 1st line of treatment for metastatic disease"", ""Monotherapy/combination"": ""Combination"", ""NCT"": ""NCT02811861"", ""Name of ICI"": ""Pembrolizumab"", ""Number of arms"": 3, ""Originial publication or Follow-up"": ""Original publication"", ""Priamry Multiple, composite, or co-primary endpoints?"": null, ""Primary endpoint"": ""PFS"", ""PubMed ID"": ""33616314"", ""Secondary endpoint"": ""OS; ORR; safety; investigator-assessed PFS"", ""Total sample size"": 1069, ""Treatment regimen"": ""Pembrolizumab+Lenvatinib"", ""Trial name"": ""CLEAR"", ""Trial phase"": ""Phase 3"", ""Type of combination"": ""ICI+TKI"", ""Type of control"": ""TKI"", ""Type of follow-up given"": ""Median"", ""Type of therapy"": ""Combination"", ""Year"": 2021, ""__rowid__"": 145}","NCT: NCT02811861 | PubMed ID: 33616314 | Trial name: CLEAR | Author: Motzer R et al | Year: 2021 | Trial phase: Phase 3 | Number of arms: 3 | Total sample size: 1069 | Originial publication or Follow-up: Original publication | Cancer type: Renal cell | Treatment regimen: Pembrolizumab+Lenvatinib | Name of ICI: Pembrolizumab | Class of ICI: PD1 | Monotherapy/combination: Combination | Type of combination: ICI+TKI | Control regimen: Sunitinib | Type of control: TKI | Lines of treatment: Only 1st line of treatment for metastatic disease | Clincal setting in relation to surgery: Metastatic+recurrent (unresectable) | Primary endpoint: PFS | Priamry Multiple, composite, or co-primary endpoints?: None | Secondary endpoint: OS; ORR; safety; investigator-assessed PFS | Is PD-L1 positivity inclusion criteria: No | Is any other biomarker used for inclusion: No | Type of follow-up given: Median | Follow-up duration for primary endpoint(s) in months | Overall: 26.6 | Follow-up duration for primary endpoint(s) in months | Rx: None | Follow-up duration for primary endpoint(s) in months | Control: None | Type of therapy: Combination | Control arm: TKI | Clinical setting: Metastatic+recurrent (unresectable) | Included in MA: None"
row_108,108,"For Chemotherapy trials, bucket total sample size as small(<100), medium(100–299), or large(≥300).",Total sample size,"[""size_bucket""]",tabert,source_column,18,0.6948249936103821,0,51,NCT02477826,31562796,Checkmate 227,1739,"{""Author"": ""Hellmann MD et al (2)"", ""Cancer type"": ""Non-Small Cell Lung"", ""Class of ICI"": ""PD1"", ""Clincal setting in relation to surgery"": ""Metastatic+recurrent (unresectable)"", ""Clinical setting"": ""Metastatic+recurrent (unresectable)"", ""Control arm"": ""Chemo"", ""Control regimen"": ""Chemotherapy"", ""Follow-up duration for primary endpoint(s) in months | Control"": null, ""Follow-up duration for primary endpoint(s) in months | Overall"": ""29.3"", ""Follow-up duration for primary endpoint(s) in months | Rx"": null, ""Included in MA"": ""Yes"", ""Is PD-L1 positivity inclusion criteria"": ""No"", ""Is any other biomarker used for inclusion"": ""Yes"", ""Lines of treatment"": ""Only 1st line of treatment for metastatic disease"", ""Monotherapy/combination"": ""Combination"", ""NCT"": ""NCT02477826"", ""Name of ICI"": ""Nivolumab"", ""Number of arms"": 4, ""Originial publication or Follow-up"": ""Follow-up"", ""Priamry Multiple, composite, or co-primary endpoints?"": null, ""Primary endpoint"": ""OS"", ""PubMed ID"": ""31562796"", ""Secondary endpoint"": ""PFS; OS with nivolumab+chemotherapy VS chemotherapy alone in patients with PD-L1 <1%; and OS with nivolumab monotherapy VS chemotherapy in patients with a PD-L1 >=50%"", ""Total sample size"": 1739, ""Treatment regimen"": ""Nivolumab+Chemotherapy"", ""Trial name"": ""Checkmate 227"", ""Trial phase"": ""Phase 3"", ""Type of combination"": ""ICI+Chemo"", ""Type of control"": ""Chemo"", ""Type of follow-up given"": ""Minimum"", ""Type of therapy"": ""Combination"", ""Year"": 2019, ""__rowid__"": 51}","NCT: NCT02477826 | PubMed ID: 31562796 | Trial name: Checkmate 227 | Author: Hellmann MD et al (2) | Year: 2019 | Trial phase: Phase 3 | Number of arms: 4 | Total sample size: 1739 | Originial publication or Follow-up: Follow-up | Cancer type: Non-Small Cell Lung | Treatment regimen: Nivolumab+Chemotherapy | Name of ICI: Nivolumab | Class of ICI: PD1 | Monotherapy/combination: Combination | Type of combination: ICI+Chemo | Control regimen: Chemotherapy | Type of control: Chemo | Lines of treatment: Only 1st line of treatment for metastatic disease | Clincal setting in relation to surgery: Metastatic+recurrent (unresectable) | Primary endpoint: OS | Priamry Multiple, composite, or co-primary endpoints?: None | Secondary endpoint: PFS; OS with nivolumab+chemotherapy VS chemotherapy alone in patients with PD-L1 <1%; and OS with nivolumab monotherapy VS chemotherapy in patients with a PD-L1 >=50% | Is PD-L1 positivity inclusion criteria: No | Is any other biomarker used for inclusion: Yes | Type of follow-up given: Minimum | Follow-up duration for primary endpoint(s) in months | Overall: 29.3 | Follow-up duration for primary endpoint(s) in months | Rx: None | Follow-up duration for primary endpoint(s) in months | Control: None | Type of therapy: Combination | Control arm: Chemo | Clinical setting: Metastatic+recurrent (unresectable) | Included in MA: Yes"
row_108,108,"For Chemotherapy trials, bucket total sample size as small(<100), medium(100–299), or large(≥300).",Total sample size,"[""size_bucket""]",tabert,source_column,19,0.6945604085922241,0,56,NCT02613507,30659987,Checkmate 078,504,"{""Author"": ""Wu YL et al"", ""Cancer type"": ""Non-Small Cell Lung"", ""Class of ICI"": ""PD1"", ""Clincal setting in relation to surgery"": ""Metastatic+recurrent (unresectable)"", ""Clinical setting"": ""Metastatic+recurrent (unresectable)"", ""Control arm"": ""Chemo"", ""Control regimen"": ""Docetaxel"", ""Follow-up duration for primary endpoint(s) in months | Control"": ""MEDIAN 8.8"", ""Follow-up duration for primary endpoint(s) in months | Overall"": ""8.8"", ""Follow-up duration for primary endpoint(s) in months | Rx"": ""MEDIAN 10.4"", ""Included in MA"": ""Yes"", ""Is PD-L1 positivity inclusion criteria"": ""No"", ""Is any other biomarker used for inclusion"": ""No"", ""Lines of treatment"": ""Only 2nd or later line of treatment for metastatic disease"", ""Monotherapy/combination"": ""Monotherapy"", ""NCT"": ""NCT02613507"", ""Name of ICI"": ""Nivolumab"", ""Number of arms"": 2, ""Originial publication or Follow-up"": ""Original publication"", ""Priamry Multiple, composite, or co-primary endpoints?"": null, ""Primary endpoint"": ""OS"", ""PubMed ID"": ""30659987"", ""Secondary endpoint"": null, ""Total sample size"": 504, ""Treatment regimen"": ""Nivolumab"", ""Trial name"": ""Checkmate 078"", ""Trial phase"": ""Phase 3"", ""Type of combination"": null, ""Type of control"": ""Chemo"", ""Type of follow-up given"": ""Minimum"", ""Type of therapy"": ""Monotherapy"", ""Year"": 2019, ""__rowid__"": 56}","NCT: NCT02613507 | PubMed ID: 30659987 | Trial name: Checkmate 078 | Author: Wu YL et al | Year: 2019 | Trial phase: Phase 3 | Number of arms: 2 | Total sample size: 504 | Originial publication or Follow-up: Original publication | Cancer type: Non-Small Cell Lung | Treatment regimen: Nivolumab | Name of ICI: Nivolumab | Class of ICI: PD1 | Monotherapy/combination: Monotherapy | Type of combination: None | Control regimen: Docetaxel | Type of control: Chemo | Lines of treatment: Only 2nd or later line of treatment for metastatic disease | Clincal setting in relation to surgery: Metastatic+recurrent (unresectable) | Primary endpoint: OS | Priamry Multiple, composite, or co-primary endpoints?: None | Secondary endpoint: None | Is PD-L1 positivity inclusion criteria: No | Is any other biomarker used for inclusion: No | Type of follow-up given: Minimum | Follow-up duration for primary endpoint(s) in months | Overall: 8.8 | Follow-up duration for primary endpoint(s) in months | Rx: MEDIAN 10.4 | Follow-up duration for primary endpoint(s) in months | Control: MEDIAN 8.8 | Type of therapy: Monotherapy | Control arm: Chemo | Clinical setting: Metastatic+recurrent (unresectable) | Included in MA: Yes"
row_108,108,"For Chemotherapy trials, bucket total sample size as small(<100), medium(100–299), or large(≥300).",Total sample size,"[""size_bucket""]",tabert,source_column,20,0.6941626071929932,0,65,NCT01704287,28961465,KEYNOTE-002,540,"{""Author"": ""Hamid O et al"", ""Cancer type"": ""Melanoma"", ""Class of ICI"": ""PD1"", ""Clincal setting in relation to surgery"": ""Metastatic+recurrent (unresectable)"", ""Clinical setting"": ""Metastatic+recurrent (unresectable)"", ""Control arm"": ""Chemo"", ""Control regimen"": ""Investigator's choice chemotherapy"", ""Follow-up duration for primary endpoint(s) in months | Control"": null, ""Follow-up duration for primary endpoint(s) in months | Overall"": ""28"", ""Follow-up duration for primary endpoint(s) in months | Rx"": null, ""Included in MA"": ""Yes"", ""Is PD-L1 positivity inclusion criteria"": ""No"", ""Is any other biomarker used for inclusion"": ""No"", ""Lines of treatment"": ""1st and later line of treatment for metastatic disease"", ""Monotherapy/combination"": ""Monotherapy"", ""NCT"": ""NCT01704287"", ""Name of ICI"": ""Pembrolizumab"", ""Number of arms"": 3, ""Originial publication or Follow-up"": ""Follow-up"", ""Priamry Multiple, composite, or co-primary endpoints?"": ""Co-primary"", ""Primary endpoint"": ""OS+PFS"", ""PubMed ID"": ""28961465"", ""Secondary endpoint"": ""ORR; response duration; safety."", ""Total sample size"": 540, ""Treatment regimen"": ""Pembrolizumab 2 mg/kg"", ""Trial name"": ""KEYNOTE-002"", ""Trial phase"": ""Phase 2"", ""Type of combination"": null, ""Type of control"": ""Chemo"", ""Type of follow-up given"": ""Median"", ""Type of therapy"": ""Monotherapy"", ""Year"": 2017, ""__rowid__"": 65}","NCT: NCT01704287 | PubMed ID: 28961465 | Trial name: KEYNOTE-002 | Author: Hamid O et al | Year: 2017 | Trial phase: Phase 2 | Number of arms: 3 | Total sample size: 540 | Originial publication or Follow-up: Follow-up | Cancer type: Melanoma | Treatment regimen: Pembrolizumab 2 mg/kg | Name of ICI: Pembrolizumab | Class of ICI: PD1 | Monotherapy/combination: Monotherapy | Type of combination: None | Control regimen: Investigator's choice chemotherapy | Type of control: Chemo | Lines of treatment: 1st and later line of treatment for metastatic disease | Clincal setting in relation to surgery: Metastatic+recurrent (unresectable) | Primary endpoint: OS+PFS | Priamry Multiple, composite, or co-primary endpoints?: Co-primary | Secondary endpoint: ORR; response duration; safety. | Is PD-L1 positivity inclusion criteria: No | Is any other biomarker used for inclusion: No | Type of follow-up given: Median | Follow-up duration for primary endpoint(s) in months | Overall: 28 | Follow-up duration for primary endpoint(s) in months | Rx: None | Follow-up duration for primary endpoint(s) in months | Control: None | Type of therapy: Monotherapy | Control arm: Chemo | Clinical setting: Metastatic+recurrent (unresectable) | Included in MA: Yes"
row_108,108,"For Chemotherapy trials, bucket total sample size as small(<100), medium(100–299), or large(≥300).",Total sample size,"[""size_bucket""]",tabert,row_table,1,0.81318199634552,0,148,NCT03141177,33657295,CheckMate 9ER,651,"{""Author"": ""Choueiri TK et al"", ""Cancer type"": ""Renal cell"", ""Class of ICI"": ""PD1"", ""Clincal setting in relation to surgery"": ""Metastatic+recurrent (unresectable)"", ""Clinical setting"": ""Metastatic+recurrent (unresectable)"", ""Control arm"": ""TKI"", ""Control regimen"": ""Sunitinib"", ""Follow-up duration for primary endpoint(s) in months | Control"": null, ""Follow-up duration for primary endpoint(s) in months | Overall"": ""18.1"", ""Follow-up duration for primary endpoint(s) in months | Rx"": null, ""Included in MA"": null, ""Is PD-L1 positivity inclusion criteria"": ""No"", ""Is any other biomarker used for inclusion"": ""No"", ""Lines of treatment"": ""Only 1st line of treatment for metastatic disease"", ""Monotherapy/combination"": ""Combination"", ""NCT"": ""NCT03141177"", ""Name of ICI"": ""Nivolumab"", ""Number of arms"": 2, ""Originial publication or Follow-up"": ""Original publication"", ""Priamry Multiple, composite, or co-primary endpoints?"": null, ""Primary endpoint"": ""PFS"", ""PubMed ID"": ""33657295"", ""Secondary endpoint"": ""OS; ORR; safety"", ""Total sample size"": 651, ""Treatment regimen"": ""Nivolumab+Cabozantinib"", ""Trial name"": ""CheckMate 9ER"", ""Trial phase"": ""Phase 3"", ""Type of combination"": ""ICI+TKI"", ""Type of control"": ""TKI"", ""Type of follow-up given"": ""Median"", ""Type of therapy"": ""Combination"", ""Year"": 2021, ""__rowid__"": 148}","NCT: NCT03141177 | PubMed ID: 33657295 | Trial name: CheckMate 9ER | Author: Choueiri TK et al | Year: 2021 | Trial phase: Phase 3 | Number of arms: 2 | Total sample size: 651 | Originial publication or Follow-up: Original publication | Cancer type: Renal cell | Treatment regimen: Nivolumab+Cabozantinib | Name of ICI: Nivolumab | Class of ICI: PD1 | Monotherapy/combination: Combination | Type of combination: ICI+TKI | Control regimen: Sunitinib | Type of control: TKI | Lines of treatment: Only 1st line of treatment for metastatic disease | Clincal setting in relation to surgery: Metastatic+recurrent (unresectable) | Primary endpoint: PFS | Priamry Multiple, composite, or co-primary endpoints?: None | Secondary endpoint: OS; ORR; safety | Is PD-L1 positivity inclusion criteria: No | Is any other biomarker used for inclusion: No | Type of follow-up given: Median | Follow-up duration for primary endpoint(s) in months | Overall: 18.1 | Follow-up duration for primary endpoint(s) in months | Rx: None | Follow-up duration for primary endpoint(s) in months | Control: None | Type of therapy: Combination | Control arm: TKI | Clinical setting: Metastatic+recurrent (unresectable) | Included in MA: None"
row_108,108,"For Chemotherapy trials, bucket total sample size as small(<100), medium(100–299), or large(≥300).",Total sample size,"[""size_bucket""]",tabert,row_table,2,0.805690586566925,0,156,NCT02852083,33796020,ModuLung,40,"{""Author"": ""Heudobler D et al"", ""Cancer type"": ""Non-Small Cell Lung"", ""Class of ICI"": ""PD1"", ""Clincal setting in relation to surgery"": ""Metastatic+recurrent (unresectable)"", ""Clinical setting"": ""Metastatic+recurrent (unresectable)"", ""Control arm"": ""Bimodulatory"", ""Control regimen"": ""Treosulfan+pioglitazone+clarithromycin"", ""Follow-up duration for primary endpoint(s) in months | Control"": null, ""Follow-up duration for primary endpoint(s) in months | Overall"": ""8.3"", ""Follow-up duration for primary endpoint(s) in months | Rx"": null, ""Included in MA"": null, ""Is PD-L1 positivity inclusion criteria"": ""No"", ""Is any other biomarker used for inclusion"": ""No"", ""Lines of treatment"": ""Only 2nd or later line"", ""Monotherapy/combination"": ""Monotherapy"", ""NCT"": ""NCT02852083"", ""Name of ICI"": ""Nivolumab"", ""Number of arms"": 2, ""Originial publication or Follow-up"": ""Original publication"", ""Priamry Multiple, composite, or co-primary endpoints?"": null, ""Primary endpoint"": ""PFS"", ""PubMed ID"": ""33796020"", ""Secondary endpoint"": ""OS; DoR; safety; HRQOL"", ""Total sample size"": 40, ""Treatment regimen"": ""Nivolumab"", ""Trial name"": ""ModuLung"", ""Trial phase"": ""Phase 2"", ""Type of combination"": null, ""Type of control"": ""Bimodulatory"", ""Type of follow-up given"": ""Median"", ""Type of therapy"": ""Monotherapy"", ""Year"": 2021, ""__rowid__"": 156}","NCT: NCT02852083 | PubMed ID: 33796020 | Trial name: ModuLung | Author: Heudobler D et al | Year: 2021 | Trial phase: Phase 2 | Number of arms: 2 | Total sample size: 40 | Originial publication or Follow-up: Original publication | Cancer type: Non-Small Cell Lung | Treatment regimen: Nivolumab | Name of ICI: Nivolumab | Class of ICI: PD1 | Monotherapy/combination: Monotherapy | Type of combination: None | Control regimen: Treosulfan+pioglitazone+clarithromycin | Type of control: Bimodulatory | Lines of treatment: Only 2nd or later line | Clincal setting in relation to surgery: Metastatic+recurrent (unresectable) | Primary endpoint: PFS | Priamry Multiple, composite, or co-primary endpoints?: None | Secondary endpoint: OS; DoR; safety; HRQOL | Is PD-L1 positivity inclusion criteria: No | Is any other biomarker used for inclusion: No | Type of follow-up given: Median | Follow-up duration for primary endpoint(s) in months | Overall: 8.3 | Follow-up duration for primary endpoint(s) in months | Rx: None | Follow-up duration for primary endpoint(s) in months | Control: None | Type of therapy: Monotherapy | Control arm: Bimodulatory | Clinical setting: Metastatic+recurrent (unresectable) | Included in MA: None"
row_108,108,"For Chemotherapy trials, bucket total sample size as small(<100), medium(100–299), or large(≥300).",Total sample size,"[""size_bucket""]",tabert,row_table,3,0.8055652976036072,0,157,NCT02952586,33794205,JAVELIN Head and Neck 101,697,"{""Author"": ""Lee NY et al"", ""Cancer type"": ""Head and Neck"", ""Class of ICI"": ""PD-L1"", ""Clincal setting in relation to surgery"": ""Metastatic+recurrent (unresectable)"", ""Clinical setting"": ""Metastatic+recurrent (unresectable)"", ""Control arm"": ""Chemoradio"", ""Control regimen"": ""Chemoradiotherapy"", ""Follow-up duration for primary endpoint(s) in months | Control"": ""14.8"", ""Follow-up duration for primary endpoint(s) in months | Overall"": null, ""Follow-up duration for primary endpoint(s) in months | Rx"": ""14.6"", ""Included in MA"": null, ""Is PD-L1 positivity inclusion criteria"": ""No"", ""Is any other biomarker used for inclusion"": ""No"", ""Lines of treatment"": ""Only 1st line of treatment for metastatic disease"", ""Monotherapy/combination"": ""Combination"", ""NCT"": ""NCT02952586"", ""Name of ICI"": ""Avelumab"", ""Number of arms"": 2, ""Originial publication or Follow-up"": ""Original publication"", ""Priamry Multiple, composite, or co-primary endpoints?"": null, ""Primary endpoint"": ""PFS"", ""PubMed ID"": ""33794205"", ""Secondary endpoint"": ""OS; ORR; DoR; path CR"", ""Total sample size"": 697, ""Treatment regimen"": ""Avelumab+Chemoradiotherapy"", ""Trial name"": ""JAVELIN Head and Neck 101"", ""Trial phase"": ""Phase 3"", ""Type of combination"": ""ICI+Chemoradiotherapy"", ""Type of control"": ""Chemoradio"", ""Type of follow-up given"": ""Median"", ""Type of therapy"": ""Combination"", ""Year"": 2021, ""__rowid__"": 157}","NCT: NCT02952586 | PubMed ID: 33794205 | Trial name: JAVELIN Head and Neck 101 | Author: Lee NY et al | Year: 2021 | Trial phase: Phase 3 | Number of arms: 2 | Total sample size: 697 | Originial publication or Follow-up: Original publication | Cancer type: Head and Neck | Treatment regimen: Avelumab+Chemoradiotherapy | Name of ICI: Avelumab | Class of ICI: PD-L1 | Monotherapy/combination: Combination | Type of combination: ICI+Chemoradiotherapy | Control regimen: Chemoradiotherapy | Type of control: Chemoradio | Lines of treatment: Only 1st line of treatment for metastatic disease | Clincal setting in relation to surgery: Metastatic+recurrent (unresectable) | Primary endpoint: PFS | Priamry Multiple, composite, or co-primary endpoints?: None | Secondary endpoint: OS; ORR; DoR; path CR | Is PD-L1 positivity inclusion criteria: No | Is any other biomarker used for inclusion: No | Type of follow-up given: Median | Follow-up duration for primary endpoint(s) in months | Overall: None | Follow-up duration for primary endpoint(s) in months | Rx: 14.6 | Follow-up duration for primary endpoint(s) in months | Control: 14.8 | Type of therapy: Combination | Control arm: Chemoradio | Clinical setting: Metastatic+recurrent (unresectable) | Included in MA: None"
row_108,108,"For Chemotherapy trials, bucket total sample size as small(<100), medium(100–299), or large(≥300).",Total sample size,"[""size_bucket""]",tabert,row_table,4,0.805112898349762,0,146,NCT03215706,33476593,CheckMate 9LA,719,"{""Author"": ""Paz-Ares L et al"", ""Cancer type"": ""Non-Small Cell Lung"", ""Class of ICI"": ""PD1, CTLA-4"", ""Clincal setting in relation to surgery"": ""Metastatic+recurrent (unresectable)"", ""Clinical setting"": ""Metastatic+recurrent (unresectable)"", ""Control arm"": ""Chemo"", ""Control regimen"": ""Chemotherapy"", ""Follow-up duration for primary endpoint(s) in months | Control"": null, ""Follow-up duration for primary endpoint(s) in months | Overall"": ""13.2"", ""Follow-up duration for primary endpoint(s) in months | Rx"": null, ""Included in MA"": null, ""Is PD-L1 positivity inclusion criteria"": ""No"", ""Is any other biomarker used for inclusion"": ""Yes"", ""Lines of treatment"": ""Only 1st line of treatment for metastatic disease"", ""Monotherapy/combination"": ""Combination"", ""NCT"": ""NCT03215706"", ""Name of ICI"": ""Nivolumab, Ipilimumab"", ""Number of arms"": 2, ""Originial publication or Follow-up"": ""Original publication"", ""Priamry Multiple, composite, or co-primary endpoints?"": null, ""Primary endpoint"": ""OS"", ""PubMed ID"": ""33476593"", ""Secondary endpoint"": ""PFS; ORR"", ""Total sample size"": 719, ""Treatment regimen"": ""Nivolumab+Ipilimumab+Chemotherapy"", ""Trial name"": ""CheckMate 9LA"", ""Trial phase"": ""Phase 3"", ""Type of combination"": ""ICI+ICI+Chemo"", ""Type of control"": ""Chemo"", ""Type of follow-up given"": ""Median"", ""Type of therapy"": ""Combination"", ""Year"": 2021, ""__rowid__"": 146}","NCT: NCT03215706 | PubMed ID: 33476593 | Trial name: CheckMate 9LA | Author: Paz-Ares L et al | Year: 2021 | Trial phase: Phase 3 | Number of arms: 2 | Total sample size: 719 | Originial publication or Follow-up: Original publication | Cancer type: Non-Small Cell Lung | Treatment regimen: Nivolumab+Ipilimumab+Chemotherapy | Name of ICI: Nivolumab, Ipilimumab | Class of ICI: PD1, CTLA-4 | Monotherapy/combination: Combination | Type of combination: ICI+ICI+Chemo | Control regimen: Chemotherapy | Type of control: Chemo | Lines of treatment: Only 1st line of treatment for metastatic disease | Clincal setting in relation to surgery: Metastatic+recurrent (unresectable) | Primary endpoint: OS | Priamry Multiple, composite, or co-primary endpoints?: None | Secondary endpoint: PFS; ORR | Is PD-L1 positivity inclusion criteria: No | Is any other biomarker used for inclusion: Yes | Type of follow-up given: Median | Follow-up duration for primary endpoint(s) in months | Overall: 13.2 | Follow-up duration for primary endpoint(s) in months | Rx: None | Follow-up duration for primary endpoint(s) in months | Control: None | Type of therapy: Combination | Control arm: Chemo | Clinical setting: Metastatic+recurrent (unresectable) | Included in MA: None"
row_108,108,"For Chemotherapy trials, bucket total sample size as small(<100), medium(100–299), or large(≥300).",Total sample size,"[""size_bucket""]",tabert,row_table,5,0.8045223951339722,0,49,NCT02477826,31562796,Checkmate 227,1739,"{""Author"": ""Hellmann MD et al"", ""Cancer type"": ""Non-Small Cell Lung"", ""Class of ICI"": ""PD1, CTLA-4"", ""Clincal setting in relation to surgery"": ""Metastatic+recurrent (unresectable)"", ""Clinical setting"": ""Metastatic+recurrent (unresectable)"", ""Control arm"": ""Chemo"", ""Control regimen"": ""Chemotherapy"", ""Follow-up duration for primary endpoint(s) in months | Control"": null, ""Follow-up duration for primary endpoint(s) in months | Overall"": ""29.3"", ""Follow-up duration for primary endpoint(s) in months | Rx"": null, ""Included in MA"": ""Yes"", ""Is PD-L1 positivity inclusion criteria"": ""No"", ""Is any other biomarker used for inclusion"": ""Yes"", ""Lines of treatment"": ""Only 1st line of treatment for metastatic disease"", ""Monotherapy/combination"": ""Combination"", ""NCT"": ""NCT02477826"", ""Name of ICI"": ""Nivolumab, Ipilimumab"", ""Number of arms"": 4, ""Originial publication or Follow-up"": ""Follow-up"", ""Priamry Multiple, composite, or co-primary endpoints?"": null, ""Primary endpoint"": ""OS"", ""PubMed ID"": ""31562796"", ""Secondary endpoint"": ""PFS; OS with nivolumab+chemotherapy VS chemotherapy alone in patients with PD-L1 <1%; and OS with nivolumab monotherapy VS chemotherapy in patients with a PD-L1 >=50%"", ""Total sample size"": 1739, ""Treatment regimen"": ""Nivolumab+Ipilimumab"", ""Trial name"": ""Checkmate 227"", ""Trial phase"": ""Phase 3"", ""Type of combination"": ""ICI+ICI"", ""Type of control"": ""Chemo"", ""Type of follow-up given"": ""Minimum"", ""Type of therapy"": ""Combination"", ""Year"": 2019, ""__rowid__"": 49}","NCT: NCT02477826 | PubMed ID: 31562796 | Trial name: Checkmate 227 | Author: Hellmann MD et al | Year: 2019 | Trial phase: Phase 3 | Number of arms: 4 | Total sample size: 1739 | Originial publication or Follow-up: Follow-up | Cancer type: Non-Small Cell Lung | Treatment regimen: Nivolumab+Ipilimumab | Name of ICI: Nivolumab, Ipilimumab | Class of ICI: PD1, CTLA-4 | Monotherapy/combination: Combination | Type of combination: ICI+ICI | Control regimen: Chemotherapy | Type of control: Chemo | Lines of treatment: Only 1st line of treatment for metastatic disease | Clincal setting in relation to surgery: Metastatic+recurrent (unresectable) | Primary endpoint: OS | Priamry Multiple, composite, or co-primary endpoints?: None | Secondary endpoint: PFS; OS with nivolumab+chemotherapy VS chemotherapy alone in patients with PD-L1 <1%; and OS with nivolumab monotherapy VS chemotherapy in patients with a PD-L1 >=50% | Is PD-L1 positivity inclusion criteria: No | Is any other biomarker used for inclusion: Yes | Type of follow-up given: Minimum | Follow-up duration for primary endpoint(s) in months | Overall: 29.3 | Follow-up duration for primary endpoint(s) in months | Rx: None | Follow-up duration for primary endpoint(s) in months | Control: None | Type of therapy: Combination | Control arm: Chemo | Clinical setting: Metastatic+recurrent (unresectable) | Included in MA: Yes"
row_108,108,"For Chemotherapy trials, bucket total sample size as small(<100), medium(100–299), or large(≥300).",Total sample size,"[""size_bucket""]",tabert,row_table,6,0.8036079406738281,0,82,NCT03043872,31590988,CASPIAN,805,"{""Author"": ""Paz-Ares L et al"", ""Cancer type"": ""Small Cell Lung"", ""Class of ICI"": ""PD-L1"", ""Clincal setting in relation to surgery"": ""Metastatic+recurrent (unresectable)"", ""Clinical setting"": ""Metastatic+recurrent (unresectable)"", ""Control arm"": ""Chemo"", ""Control regimen"": ""Platinum+Etoposide"", ""Follow-up duration for primary endpoint(s) in months | Control"": null, ""Follow-up duration for primary endpoint(s) in months | Overall"": ""14.2"", ""Follow-up duration for primary endpoint(s) in months | Rx"": null, ""Included in MA"": ""Yes"", ""Is PD-L1 positivity inclusion criteria"": ""No"", ""Is any other biomarker used for inclusion"": ""No"", ""Lines of treatment"": ""Only 1st line of treatment for metastatic disease"", ""Monotherapy/combination"": ""Combination"", ""NCT"": ""NCT03043872"", ""Name of ICI"": ""Durvalumab"", ""Number of arms"": 3, ""Originial publication or Follow-up"": ""Original publication"", ""Priamry Multiple, composite, or co-primary endpoints?"": null, ""Primary endpoint"": ""OS"", ""PubMed ID"": ""31590988"", ""Secondary endpoint"": ""PFS; objective response; OS at 18 months; PFS at 6 and 12 months; safety; pharmacokinetics; immunogenicity; symptoms and health-related quality of life assessments."", ""Total sample size"": 805, ""Treatment regimen"": ""Durvalumab+Etoposide+Platinum agent"", ""Trial name"": ""CASPIAN"", ""Trial phase"": ""Phase 3"", ""Type of combination"": ""ICI+Chemo"", ""Type of control"": ""Chemo"", ""Type of follow-up given"": ""Median"", ""Type of therapy"": ""Combination"", ""Year"": 2019, ""__rowid__"": 82}","NCT: NCT03043872 | PubMed ID: 31590988 | Trial name: CASPIAN | Author: Paz-Ares L et al | Year: 2019 | Trial phase: Phase 3 | Number of arms: 3 | Total sample size: 805 | Originial publication or Follow-up: Original publication | Cancer type: Small Cell Lung | Treatment regimen: Durvalumab+Etoposide+Platinum agent | Name of ICI: Durvalumab | Class of ICI: PD-L1 | Monotherapy/combination: Combination | Type of combination: ICI+Chemo | Control regimen: Platinum+Etoposide | Type of control: Chemo | Lines of treatment: Only 1st line of treatment for metastatic disease | Clincal setting in relation to surgery: Metastatic+recurrent (unresectable) | Primary endpoint: OS | Priamry Multiple, composite, or co-primary endpoints?: None | Secondary endpoint: PFS; objective response; OS at 18 months; PFS at 6 and 12 months; safety; pharmacokinetics; immunogenicity; symptoms and health-related quality of life assessments. | Is PD-L1 positivity inclusion criteria: No | Is any other biomarker used for inclusion: No | Type of follow-up given: Median | Follow-up duration for primary endpoint(s) in months | Overall: 14.2 | Follow-up duration for primary endpoint(s) in months | Rx: None | Follow-up duration for primary endpoint(s) in months | Control: None | Type of therapy: Combination | Control arm: Chemo | Clinical setting: Metastatic+recurrent (unresectable) | Included in MA: Yes"
row_108,108,"For Chemotherapy trials, bucket total sample size as small(<100), medium(100–299), or large(≥300).",Total sample size,"[""size_bucket""]",tabert,row_table,7,0.8033784627914429,0,155,NCT03088540,33581821,EMPOWER-Lung 1,710,"{""Author"": ""Sezer A et al"", ""Cancer type"": ""Non-Small Cell Lung"", ""Class of ICI"": ""PD1"", ""Clincal setting in relation to surgery"": ""Metastatic+recurrent (unresectable)"", ""Clinical setting"": ""Metastatic+recurrent (unresectable)"", ""Control arm"": ""Chemo"", ""Control regimen"": ""Chemotherapy"", ""Follow-up duration for primary endpoint(s) in months | Control"": ""10.9"", ""Follow-up duration for primary endpoint(s) in months | Overall"": null, ""Follow-up duration for primary endpoint(s) in months | Rx"": ""10.8"", ""Included in MA"": null, ""Is PD-L1 positivity inclusion criteria"": ""Yes"", ""Is any other biomarker used for inclusion"": ""Yes"", ""Lines of treatment"": ""Only 1st line of treatment for metastatic disease"", ""Monotherapy/combination"": ""Monotherapy"", ""NCT"": ""NCT03088540"", ""Name of ICI"": ""Cemiplimab"", ""Number of arms"": 2, ""Originial publication or Follow-up"": ""Original publication"", ""Priamry Multiple, composite, or co-primary endpoints?"": ""Multiple"", ""Primary endpoint"": ""OS+PFS"", ""PubMed ID"": ""33581821"", ""Secondary endpoint"": ""ORR; DoR; HRQOL; safety"", ""Total sample size"": 710, ""Treatment regimen"": ""Cemiplimab"", ""Trial name"": ""EMPOWER-Lung 1"", ""Trial phase"": ""Phase 3"", ""Type of combination"": null, ""Type of control"": ""Chemo"", ""Type of follow-up given"": ""Median"", ""Type of therapy"": ""Monotherapy"", ""Year"": 2021, ""__rowid__"": 155}","NCT: NCT03088540 | PubMed ID: 33581821 | Trial name: EMPOWER-Lung 1 | Author: Sezer A et al | Year: 2021 | Trial phase: Phase 3 | Number of arms: 2 | Total sample size: 710 | Originial publication or Follow-up: Original publication | Cancer type: Non-Small Cell Lung | Treatment regimen: Cemiplimab | Name of ICI: Cemiplimab | Class of ICI: PD1 | Monotherapy/combination: Monotherapy | Type of combination: None | Control regimen: Chemotherapy | Type of control: Chemo | Lines of treatment: Only 1st line of treatment for metastatic disease | Clincal setting in relation to surgery: Metastatic+recurrent (unresectable) | Primary endpoint: OS+PFS | Priamry Multiple, composite, or co-primary endpoints?: Multiple | Secondary endpoint: ORR; DoR; HRQOL; safety | Is PD-L1 positivity inclusion criteria: Yes | Is any other biomarker used for inclusion: Yes | Type of follow-up given: Median | Follow-up duration for primary endpoint(s) in months | Overall: None | Follow-up duration for primary endpoint(s) in months | Rx: 10.8 | Follow-up duration for primary endpoint(s) in months | Control: 10.9 | Type of therapy: Monotherapy | Control arm: Chemo | Clinical setting: Metastatic+recurrent (unresectable) | Included in MA: None"
row_108,108,"For Chemotherapy trials, bucket total sample size as small(<100), medium(100–299), or large(≥300).",Total sample size,"[""size_bucket""]",tabert,row_table,8,0.8028952479362488,0,115,NCT02684006,32339648,JAVELIN Renal 101,886,"{""Author"": ""Choueiri TK et al"", ""Cancer type"": ""Renal cell"", ""Class of ICI"": ""PD-L1"", ""Clincal setting in relation to surgery"": ""Metastatic+recurrent (unresectable)"", ""Clinical setting"": ""Metastatic+recurrent (unresectable)"", ""Control arm"": ""TKI"", ""Control regimen"": ""Sunitinib"", ""Follow-up duration for primary endpoint(s) in months | Control"": ""8.0,NE"", ""Follow-up duration for primary endpoint(s) in months | Overall"": null, ""Follow-up duration for primary endpoint(s) in months | Rx"": ""13.3,NE"", ""Included in MA"": ""No"", ""Is PD-L1 positivity inclusion criteria"": ""No"", ""Is any other biomarker used for inclusion"": ""No"", ""Lines of treatment"": ""Only 1st line of treatment for metastatic disease"", ""Monotherapy/combination"": ""Combination"", ""NCT"": ""NCT02684006"", ""Name of ICI"": ""Avelumab"", ""Number of arms"": 2, ""Originial publication or Follow-up"": ""Follow-up"", ""Priamry Multiple, composite, or co-primary endpoints?"": ""Multiple"", ""Primary endpoint"": ""OS+PFS"", ""PubMed ID"": ""32339648"", ""Secondary endpoint"": ""PFS and OS irrespective of PD-L1 expression; PFS as determined by investigator assessment; ORR; adverse events; pharmacokinetic measures; tumor tissue biomarkers; patient-reported outcomes."", ""Total sample size"": 886, ""Treatment regimen"": ""Avelumab+Axitinib"", ""Trial name"": ""JAVELIN Renal 101"", ""Trial phase"": ""Phase 3"", ""Type of combination"": ""ICI+TKI"", ""Type of control"": ""TKI"", ""Type of follow-up given"": ""Median"", ""Type of therapy"": ""Combination"", ""Year"": 2020, ""__rowid__"": 115}","NCT: NCT02684006 | PubMed ID: 32339648 | Trial name: JAVELIN Renal 101 | Author: Choueiri TK et al | Year: 2020 | Trial phase: Phase 3 | Number of arms: 2 | Total sample size: 886 | Originial publication or Follow-up: Follow-up | Cancer type: Renal cell | Treatment regimen: Avelumab+Axitinib | Name of ICI: Avelumab | Class of ICI: PD-L1 | Monotherapy/combination: Combination | Type of combination: ICI+TKI | Control regimen: Sunitinib | Type of control: TKI | Lines of treatment: Only 1st line of treatment for metastatic disease | Clincal setting in relation to surgery: Metastatic+recurrent (unresectable) | Primary endpoint: OS+PFS | Priamry Multiple, composite, or co-primary endpoints?: Multiple | Secondary endpoint: PFS and OS irrespective of PD-L1 expression; PFS as determined by investigator assessment; ORR; adverse events; pharmacokinetic measures; tumor tissue biomarkers; patient-reported outcomes. | Is PD-L1 positivity inclusion criteria: No | Is any other biomarker used for inclusion: No | Type of follow-up given: Median | Follow-up duration for primary endpoint(s) in months | Overall: None | Follow-up duration for primary endpoint(s) in months | Rx: 13.3,NE | Follow-up duration for primary endpoint(s) in months | Control: 8.0,NE | Type of therapy: Combination | Control arm: TKI | Clinical setting: Metastatic+recurrent (unresectable) | Included in MA: No"
row_108,108,"For Chemotherapy trials, bucket total sample size as small(<100), medium(100–299), or large(≥300).",Total sample size,"[""size_bucket""]",tabert,row_table,9,0.8026602864265442,0,101,NCT02231749,32661118,CheckMate 214,1096,"{""Author"": ""Motzer RJ et al"", ""Cancer type"": ""Renal cell"", ""Class of ICI"": ""PD1, CTLA-4"", ""Clincal setting in relation to surgery"": ""Metastatic+recurrent (unresectable)"", ""Clinical setting"": ""Metastatic+recurrent (unresectable)"", ""Control arm"": ""TKI"", ""Control regimen"": ""Sunitinib"", ""Follow-up duration for primary endpoint(s) in months | Control"": null, ""Follow-up duration for primary endpoint(s) in months | Overall"": ""42"", ""Follow-up duration for primary endpoint(s) in months | Rx"": null, ""Included in MA"": ""Yes"", ""Is PD-L1 positivity inclusion criteria"": ""No"", ""Is any other biomarker used for inclusion"": ""No"", ""Lines of treatment"": ""Only 1st line of treatment for metastatic disease"", ""Monotherapy/combination"": ""Combination"", ""NCT"": ""NCT02231749"", ""Name of ICI"": ""Nivolumab, Ipilimumab"", ""Number of arms"": 2, ""Originial publication or Follow-up"": ""Follow-up"", ""Priamry Multiple, composite, or co-primary endpoints?"": ""Co-primary"", ""Primary endpoint"": ""OS+PFS+ORR"", ""PubMed ID"": ""32661118"", ""Secondary endpoint"": ""ORR, PFS and OS in ITT population; incidence rate of AEs."", ""Total sample size"": 1096, ""Treatment regimen"": ""Nivolumab+Ipilimumab"", ""Trial name"": ""CheckMate 214"", ""Trial phase"": ""Phase 3"", ""Type of combination"": ""ICI+ICI"", ""Type of control"": ""TKI"", ""Type of follow-up given"": ""Minimum"", ""Type of therapy"": ""Combination"", ""Year"": 2020, ""__rowid__"": 101}","NCT: NCT02231749 | PubMed ID: 32661118 | Trial name: CheckMate 214 | Author: Motzer RJ et al | Year: 2020 | Trial phase: Phase 3 | Number of arms: 2 | Total sample size: 1096 | Originial publication or Follow-up: Follow-up | Cancer type: Renal cell | Treatment regimen: Nivolumab+Ipilimumab | Name of ICI: Nivolumab, Ipilimumab | Class of ICI: PD1, CTLA-4 | Monotherapy/combination: Combination | Type of combination: ICI+ICI | Control regimen: Sunitinib | Type of control: TKI | Lines of treatment: Only 1st line of treatment for metastatic disease | Clincal setting in relation to surgery: Metastatic+recurrent (unresectable) | Primary endpoint: OS+PFS+ORR | Priamry Multiple, composite, or co-primary endpoints?: Co-primary | Secondary endpoint: ORR, PFS and OS in ITT population; incidence rate of AEs. | Is PD-L1 positivity inclusion criteria: No | Is any other biomarker used for inclusion: No | Type of follow-up given: Minimum | Follow-up duration for primary endpoint(s) in months | Overall: 42 | Follow-up duration for primary endpoint(s) in months | Rx: None | Follow-up duration for primary endpoint(s) in months | Control: None | Type of therapy: Combination | Control arm: TKI | Clinical setting: Metastatic+recurrent (unresectable) | Included in MA: Yes"
row_108,108,"For Chemotherapy trials, bucket total sample size as small(<100), medium(100–299), or large(≥300).",Total sample size,"[""size_bucket""]",tabert,row_table,10,0.801716685295105,0,20,NCT02684006,30779531,JAVELIN Renal 101,886,"{""Author"": ""Motzer RJ et al"", ""Cancer type"": ""Renal cell"", ""Class of ICI"": ""PD-L1"", ""Clincal setting in relation to surgery"": ""Metastatic+recurrent (unresectable)"", ""Clinical setting"": ""Metastatic+recurrent (unresectable)"", ""Control arm"": ""TKI"", ""Control regimen"": ""Sunitinib"", ""Follow-up duration for primary endpoint(s) in months | Control"": ""10.7, 8.4"", ""Follow-up duration for primary endpoint(s) in months | Overall"": null, ""Follow-up duration for primary endpoint(s) in months | Rx"": ""11.6, 9.9"", ""Included in MA"": ""Yes"", ""Is PD-L1 positivity inclusion criteria"": ""No"", ""Is any other biomarker used for inclusion"": ""No"", ""Lines of treatment"": ""Only 1st line of treatment for metastatic disease"", ""Monotherapy/combination"": ""Combination"", ""NCT"": ""NCT02684006"", ""Name of ICI"": ""Avelumab"", ""Number of arms"": 2, ""Originial publication or Follow-up"": ""Original publication"", ""Priamry Multiple, composite, or co-primary endpoints?"": ""Multiple"", ""Primary endpoint"": ""OS+PFS"", ""PubMed ID"": ""30779531"", ""Secondary endpoint"": ""PFS and OS irrespective of PD-L1 expression; PFS as determined by investigator assessment; ORR; adverse events; pharmacokinetic measures; tumor tissue biomarkers; patient-reported outcomes."", ""Total sample size"": 886, ""Treatment regimen"": ""Avelumab+Axitinib"", ""Trial name"": ""JAVELIN Renal 101"", ""Trial phase"": ""Phase 3"", ""Type of combination"": ""ICI+TKI"", ""Type of control"": ""TKI"", ""Type of follow-up given"": ""Median"", ""Type of therapy"": ""Combination"", ""Year"": 2019, ""__rowid__"": 20}","NCT: NCT02684006 | PubMed ID: 30779531 | Trial name: JAVELIN Renal 101 | Author: Motzer RJ et al | Year: 2019 | Trial phase: Phase 3 | Number of arms: 2 | Total sample size: 886 | Originial publication or Follow-up: Original publication | Cancer type: Renal cell | Treatment regimen: Avelumab+Axitinib | Name of ICI: Avelumab | Class of ICI: PD-L1 | Monotherapy/combination: Combination | Type of combination: ICI+TKI | Control regimen: Sunitinib | Type of control: TKI | Lines of treatment: Only 1st line of treatment for metastatic disease | Clincal setting in relation to surgery: Metastatic+recurrent (unresectable) | Primary endpoint: OS+PFS | Priamry Multiple, composite, or co-primary endpoints?: Multiple | Secondary endpoint: PFS and OS irrespective of PD-L1 expression; PFS as determined by investigator assessment; ORR; adverse events; pharmacokinetic measures; tumor tissue biomarkers; patient-reported outcomes. | Is PD-L1 positivity inclusion criteria: No | Is any other biomarker used for inclusion: No | Type of follow-up given: Median | Follow-up duration for primary endpoint(s) in months | Overall: None | Follow-up duration for primary endpoint(s) in months | Rx: 11.6, 9.9 | Follow-up duration for primary endpoint(s) in months | Control: 10.7, 8.4 | Type of therapy: Combination | Control arm: TKI | Clinical setting: Metastatic+recurrent (unresectable) | Included in MA: Yes"
row_108,108,"For Chemotherapy trials, bucket total sample size as small(<100), medium(100–299), or large(≥300).",Total sample size,"[""size_bucket""]",tabert,row_table,11,0.8013617396354675,0,127,NCT02625610,33197226,Javelin Gastric 100,499,"{""Author"": ""Moehler M et al"", ""Cancer type"": ""Gastric/GEJ"", ""Class of ICI"": ""PD-L1"", ""Clincal setting in relation to surgery"": ""Metastatic+recurrent (unresectable)"", ""Clinical setting"": ""Metastatic+recurrent (unresectable)"", ""Control arm"": ""Chemo"", ""Control regimen"": ""Oxaliplstin+5-FU+Leucovorin+Capecitabine+Best supportive care"", ""Follow-up duration for primary endpoint(s) in months | Control"": ""24"", ""Follow-up duration for primary endpoint(s) in months | Overall"": null, ""Follow-up duration for primary endpoint(s) in months | Rx"": ""24.1"", ""Included in MA"": null, ""Is PD-L1 positivity inclusion criteria"": ""No"", ""Is any other biomarker used for inclusion"": ""Yes"", ""Lines of treatment"": ""Only 1st line of treatment for metastatic disease"", ""Monotherapy/combination"": ""Combination"", ""NCT"": ""NCT02625610"", ""Name of ICI"": ""Avelumab"", ""Number of arms"": 2, ""Originial publication or Follow-up"": ""Original publication"", ""Priamry Multiple, composite, or co-primary endpoints?"": null, ""Primary endpoint"": ""OS"", ""PubMed ID"": ""33197226"", ""Secondary endpoint"": ""PFS, best overall response, DOR, safety"", ""Total sample size"": 499, ""Treatment regimen"": ""Avelumab"", ""Trial name"": ""Javelin Gastric 100"", ""Trial phase"": ""Phase 3"", ""Type of combination"": ""ICI+Chemo"", ""Type of control"": ""Chemo"", ""Type of follow-up given"": ""Median"", ""Type of therapy"": ""Combination"", ""Year"": 2020, ""__rowid__"": 127}","NCT: NCT02625610 | PubMed ID: 33197226 | Trial name: Javelin Gastric 100 | Author: Moehler M et al | Year: 2020 | Trial phase: Phase 3 | Number of arms: 2 | Total sample size: 499 | Originial publication or Follow-up: Original publication | Cancer type: Gastric/GEJ | Treatment regimen: Avelumab | Name of ICI: Avelumab | Class of ICI: PD-L1 | Monotherapy/combination: Combination | Type of combination: ICI+Chemo | Control regimen: Oxaliplstin+5-FU+Leucovorin+Capecitabine+Best supportive care | Type of control: Chemo | Lines of treatment: Only 1st line of treatment for metastatic disease | Clincal setting in relation to surgery: Metastatic+recurrent (unresectable) | Primary endpoint: OS | Priamry Multiple, composite, or co-primary endpoints?: None | Secondary endpoint: PFS, best overall response, DOR, safety | Is PD-L1 positivity inclusion criteria: No | Is any other biomarker used for inclusion: Yes | Type of follow-up given: Median | Follow-up duration for primary endpoint(s) in months | Overall: None | Follow-up duration for primary endpoint(s) in months | Rx: 24.1 | Follow-up duration for primary endpoint(s) in months | Control: 24 | Type of therapy: Combination | Control arm: Chemo | Clinical setting: Metastatic+recurrent (unresectable) | Included in MA: None"
row_108,108,"For Chemotherapy trials, bucket total sample size as small(<100), medium(100–299), or large(≥300).",Total sample size,"[""size_bucket""]",tabert,row_table,12,0.8012368679046631,0,145,NCT02811861,33616314,CLEAR,1069,"{""Author"": ""Motzer R et al"", ""Cancer type"": ""Renal cell"", ""Class of ICI"": ""PD1"", ""Clincal setting in relation to surgery"": ""Metastatic+recurrent (unresectable)"", ""Clinical setting"": ""Metastatic+recurrent (unresectable)"", ""Control arm"": ""TKI"", ""Control regimen"": ""Sunitinib"", ""Follow-up duration for primary endpoint(s) in months | Control"": null, ""Follow-up duration for primary endpoint(s) in months | Overall"": ""26.6"", ""Follow-up duration for primary endpoint(s) in months | Rx"": null, ""Included in MA"": null, ""Is PD-L1 positivity inclusion criteria"": ""No"", ""Is any other biomarker used for inclusion"": ""No"", ""Lines of treatment"": ""Only 1st line of treatment for metastatic disease"", ""Monotherapy/combination"": ""Combination"", ""NCT"": ""NCT02811861"", ""Name of ICI"": ""Pembrolizumab"", ""Number of arms"": 3, ""Originial publication or Follow-up"": ""Original publication"", ""Priamry Multiple, composite, or co-primary endpoints?"": null, ""Primary endpoint"": ""PFS"", ""PubMed ID"": ""33616314"", ""Secondary endpoint"": ""OS; ORR; safety; investigator-assessed PFS"", ""Total sample size"": 1069, ""Treatment regimen"": ""Pembrolizumab+Lenvatinib"", ""Trial name"": ""CLEAR"", ""Trial phase"": ""Phase 3"", ""Type of combination"": ""ICI+TKI"", ""Type of control"": ""TKI"", ""Type of follow-up given"": ""Median"", ""Type of therapy"": ""Combination"", ""Year"": 2021, ""__rowid__"": 145}","NCT: NCT02811861 | PubMed ID: 33616314 | Trial name: CLEAR | Author: Motzer R et al | Year: 2021 | Trial phase: Phase 3 | Number of arms: 3 | Total sample size: 1069 | Originial publication or Follow-up: Original publication | Cancer type: Renal cell | Treatment regimen: Pembrolizumab+Lenvatinib | Name of ICI: Pembrolizumab | Class of ICI: PD1 | Monotherapy/combination: Combination | Type of combination: ICI+TKI | Control regimen: Sunitinib | Type of control: TKI | Lines of treatment: Only 1st line of treatment for metastatic disease | Clincal setting in relation to surgery: Metastatic+recurrent (unresectable) | Primary endpoint: PFS | Priamry Multiple, composite, or co-primary endpoints?: None | Secondary endpoint: OS; ORR; safety; investigator-assessed PFS | Is PD-L1 positivity inclusion criteria: No | Is any other biomarker used for inclusion: No | Type of follow-up given: Median | Follow-up duration for primary endpoint(s) in months | Overall: 26.6 | Follow-up duration for primary endpoint(s) in months | Rx: None | Follow-up duration for primary endpoint(s) in months | Control: None | Type of therapy: Combination | Control arm: TKI | Clinical setting: Metastatic+recurrent (unresectable) | Included in MA: None"
row_108,108,"For Chemotherapy trials, bucket total sample size as small(<100), medium(100–299), or large(≥300).",Total sample size,"[""size_bucket""]",tabert,row_table,13,0.8011383414268494,0,51,NCT02477826,31562796,Checkmate 227,1739,"{""Author"": ""Hellmann MD et al (2)"", ""Cancer type"": ""Non-Small Cell Lung"", ""Class of ICI"": ""PD1"", ""Clincal setting in relation to surgery"": ""Metastatic+recurrent (unresectable)"", ""Clinical setting"": ""Metastatic+recurrent (unresectable)"", ""Control arm"": ""Chemo"", ""Control regimen"": ""Chemotherapy"", ""Follow-up duration for primary endpoint(s) in months | Control"": null, ""Follow-up duration for primary endpoint(s) in months | Overall"": ""29.3"", ""Follow-up duration for primary endpoint(s) in months | Rx"": null, ""Included in MA"": ""Yes"", ""Is PD-L1 positivity inclusion criteria"": ""No"", ""Is any other biomarker used for inclusion"": ""Yes"", ""Lines of treatment"": ""Only 1st line of treatment for metastatic disease"", ""Monotherapy/combination"": ""Combination"", ""NCT"": ""NCT02477826"", ""Name of ICI"": ""Nivolumab"", ""Number of arms"": 4, ""Originial publication or Follow-up"": ""Follow-up"", ""Priamry Multiple, composite, or co-primary endpoints?"": null, ""Primary endpoint"": ""OS"", ""PubMed ID"": ""31562796"", ""Secondary endpoint"": ""PFS; OS with nivolumab+chemotherapy VS chemotherapy alone in patients with PD-L1 <1%; and OS with nivolumab monotherapy VS chemotherapy in patients with a PD-L1 >=50%"", ""Total sample size"": 1739, ""Treatment regimen"": ""Nivolumab+Chemotherapy"", ""Trial name"": ""Checkmate 227"", ""Trial phase"": ""Phase 3"", ""Type of combination"": ""ICI+Chemo"", ""Type of control"": ""Chemo"", ""Type of follow-up given"": ""Minimum"", ""Type of therapy"": ""Combination"", ""Year"": 2019, ""__rowid__"": 51}","NCT: NCT02477826 | PubMed ID: 31562796 | Trial name: Checkmate 227 | Author: Hellmann MD et al (2) | Year: 2019 | Trial phase: Phase 3 | Number of arms: 4 | Total sample size: 1739 | Originial publication or Follow-up: Follow-up | Cancer type: Non-Small Cell Lung | Treatment regimen: Nivolumab+Chemotherapy | Name of ICI: Nivolumab | Class of ICI: PD1 | Monotherapy/combination: Combination | Type of combination: ICI+Chemo | Control regimen: Chemotherapy | Type of control: Chemo | Lines of treatment: Only 1st line of treatment for metastatic disease | Clincal setting in relation to surgery: Metastatic+recurrent (unresectable) | Primary endpoint: OS | Priamry Multiple, composite, or co-primary endpoints?: None | Secondary endpoint: PFS; OS with nivolumab+chemotherapy VS chemotherapy alone in patients with PD-L1 <1%; and OS with nivolumab monotherapy VS chemotherapy in patients with a PD-L1 >=50% | Is PD-L1 positivity inclusion criteria: No | Is any other biomarker used for inclusion: Yes | Type of follow-up given: Minimum | Follow-up duration for primary endpoint(s) in months | Overall: 29.3 | Follow-up duration for primary endpoint(s) in months | Rx: None | Follow-up duration for primary endpoint(s) in months | Control: None | Type of therapy: Combination | Control arm: Chemo | Clinical setting: Metastatic+recurrent (unresectable) | Included in MA: Yes"
row_108,108,"For Chemotherapy trials, bucket total sample size as small(<100), medium(100–299), or large(≥300).",Total sample size,"[""size_bucket""]",tabert,row_table,14,0.8004665970802307,0,137,NCT03043872,33285097,CASPIAN,805,"{""Author"": ""Goldman JW et al"", ""Cancer type"": ""Small Cell Lung"", ""Class of ICI"": ""PD-L1, CTLA-4"", ""Clincal setting in relation to surgery"": ""Metastatic+recurrent (unresectable)"", ""Clinical setting"": ""Metastatic+recurrent (unresectable)"", ""Control arm"": ""Chemo"", ""Control regimen"": ""Platinum+Etoposide"", ""Follow-up duration for primary endpoint(s) in months | Control"": null, ""Follow-up duration for primary endpoint(s) in months | Overall"": ""25.1"", ""Follow-up duration for primary endpoint(s) in months | Rx"": null, ""Included in MA"": null, ""Is PD-L1 positivity inclusion criteria"": ""No"", ""Is any other biomarker used for inclusion"": ""No"", ""Lines of treatment"": ""Only 1st line of treatment for metastatic disease"", ""Monotherapy/combination"": ""Combination"", ""NCT"": ""NCT03043872"", ""Name of ICI"": ""Durvalumab, Tremelimumab"", ""Number of arms"": 3, ""Originial publication or Follow-up"": ""Follow-up"", ""Priamry Multiple, composite, or co-primary endpoints?"": null, ""Primary endpoint"": ""OS"", ""PubMed ID"": ""33285097"", ""Secondary endpoint"": ""PFS, ORR, OS at 18 months, PFS, safety, pharmacokinetics, immunogenicity, HRQOL"", ""Total sample size"": 805, ""Treatment regimen"": ""Durvalumab+Tremelimumab+Etoposide+Platinum agent"", ""Trial name"": ""CASPIAN"", ""Trial phase"": ""Phase 3"", ""Type of combination"": ""ICI+ICI+Chemo"", ""Type of control"": ""Chemo"", ""Type of follow-up given"": ""Median"", ""Type of therapy"": ""Combination"", ""Year"": 2020, ""__rowid__"": 137}","NCT: NCT03043872 | PubMed ID: 33285097 | Trial name: CASPIAN | Author: Goldman JW et al | Year: 2020 | Trial phase: Phase 3 | Number of arms: 3 | Total sample size: 805 | Originial publication or Follow-up: Follow-up | Cancer type: Small Cell Lung | Treatment regimen: Durvalumab+Tremelimumab+Etoposide+Platinum agent | Name of ICI: Durvalumab, Tremelimumab | Class of ICI: PD-L1, CTLA-4 | Monotherapy/combination: Combination | Type of combination: ICI+ICI+Chemo | Control regimen: Platinum+Etoposide | Type of control: Chemo | Lines of treatment: Only 1st line of treatment for metastatic disease | Clincal setting in relation to surgery: Metastatic+recurrent (unresectable) | Primary endpoint: OS | Priamry Multiple, composite, or co-primary endpoints?: None | Secondary endpoint: PFS, ORR, OS at 18 months, PFS, safety, pharmacokinetics, immunogenicity, HRQOL | Is PD-L1 positivity inclusion criteria: No | Is any other biomarker used for inclusion: No | Type of follow-up given: Median | Follow-up duration for primary endpoint(s) in months | Overall: 25.1 | Follow-up duration for primary endpoint(s) in months | Rx: None | Follow-up duration for primary endpoint(s) in months | Control: None | Type of therapy: Combination | Control arm: Chemo | Clinical setting: Metastatic+recurrent (unresectable) | Included in MA: None"
row_108,108,"For Chemotherapy trials, bucket total sample size as small(<100), medium(100–299), or large(≥300).",Total sample size,"[""size_bucket""]",tabert,row_table,15,0.8002550601959229,0,46,NCT02366143,29863955,IMPower150,1202,"{""Author"": ""Socinski MA et al (1)"", ""Cancer type"": ""Non-Small Cell Lung"", ""Class of ICI"": ""PD-L1"", ""Clincal setting in relation to surgery"": ""Metastatic+recurrent (unresectable)"", ""Clinical setting"": ""Metastatic+recurrent (unresectable)"", ""Control arm"": ""Chemo+Anti-VEGF"", ""Control regimen"": ""Bevacizumab+Carboplatin+Paclitaxel"", ""Follow-up duration for primary endpoint(s) in months | Control"": ""15.5"", ""Follow-up duration for primary endpoint(s) in months | Overall"": ""MIN for PFS 9.5, OS 14; MEDIAN for OS 20"", ""Follow-up duration for primary endpoint(s) in months | Rx"": ""15.4"", ""Included in MA"": ""Yes"", ""Is PD-L1 positivity inclusion criteria"": ""No"", ""Is any other biomarker used for inclusion"": ""No"", ""Lines of treatment"": ""Only 1st line of treatment for metastatic disease"", ""Monotherapy/combination"": ""Combination"", ""NCT"": ""NCT02366143"", ""Name of ICI"": ""Atezolizumab"", ""Number of arms"": 3, ""Originial publication or Follow-up"": ""Original publication"", ""Priamry Multiple, composite, or co-primary endpoints?"": ""Multiple"", ""Primary endpoint"": ""OS+PFS"", ""PubMed ID"": ""29863955"", ""Secondary endpoint"": ""PFS, OS in ITT population"", ""Total sample size"": 1202, ""Treatment regimen"": ""Atezolizumab+Carboplatin+Paclitaxel+Bevacizumab"", ""Trial name"": ""IMPower150"", ""Trial phase"": ""Phase 3"", ""Type of combination"": ""ICI+Chemo+Anti-VEGF"", ""Type of control"": ""Chemo+Anti-VEGF"", ""Type of follow-up given"": ""Minimum"", ""Type of therapy"": ""Combination"", ""Year"": 2018, ""__rowid__"": 46}","NCT: NCT02366143 | PubMed ID: 29863955 | Trial name: IMPower150 | Author: Socinski MA et al (1) | Year: 2018 | Trial phase: Phase 3 | Number of arms: 3 | Total sample size: 1202 | Originial publication or Follow-up: Original publication | Cancer type: Non-Small Cell Lung | Treatment regimen: Atezolizumab+Carboplatin+Paclitaxel+Bevacizumab | Name of ICI: Atezolizumab | Class of ICI: PD-L1 | Monotherapy/combination: Combination | Type of combination: ICI+Chemo+Anti-VEGF | Control regimen: Bevacizumab+Carboplatin+Paclitaxel | Type of control: Chemo+Anti-VEGF | Lines of treatment: Only 1st line of treatment for metastatic disease | Clincal setting in relation to surgery: Metastatic+recurrent (unresectable) | Primary endpoint: OS+PFS | Priamry Multiple, composite, or co-primary endpoints?: Multiple | Secondary endpoint: PFS, OS in ITT population | Is PD-L1 positivity inclusion criteria: No | Is any other biomarker used for inclusion: No | Type of follow-up given: Minimum | Follow-up duration for primary endpoint(s) in months | Overall: MIN for PFS 9.5, OS 14; MEDIAN for OS 20 | Follow-up duration for primary endpoint(s) in months | Rx: 15.4 | Follow-up duration for primary endpoint(s) in months | Control: 15.5 | Type of therapy: Combination | Control arm: Chemo+Anti-VEGF | Clinical setting: Metastatic+recurrent (unresectable) | Included in MA: Yes"
row_108,108,"For Chemotherapy trials, bucket total sample size as small(<100), medium(100–299), or large(≥300).",Total sample size,"[""size_bucket""]",tabert,row_table,16,0.7997183799743652,0,50,NCT02477826,31562796,Checkmate 227,1739,"{""Author"": ""Hellmann MD et al (1)"", ""Cancer type"": ""Non-Small Cell Lung"", ""Class of ICI"": ""PD1"", ""Clincal setting in relation to surgery"": ""Metastatic+recurrent (unresectable)"", ""Clinical setting"": ""Metastatic+recurrent (unresectable)"", ""Control arm"": ""Chemo"", ""Control regimen"": ""Chemotherapy"", ""Follow-up duration for primary endpoint(s) in months | Control"": null, ""Follow-up duration for primary endpoint(s) in months | Overall"": ""29.3"", ""Follow-up duration for primary endpoint(s) in months | Rx"": null, ""Included in MA"": ""Yes"", ""Is PD-L1 positivity inclusion criteria"": ""No"", ""Is any other biomarker used for inclusion"": ""Yes"", ""Lines of treatment"": ""Only 1st line of treatment for metastatic disease"", ""Monotherapy/combination"": ""Monotherapy"", ""NCT"": ""NCT02477826"", ""Name of ICI"": ""Nivolumab"", ""Number of arms"": 4, ""Originial publication or Follow-up"": ""Follow-up"", ""Priamry Multiple, composite, or co-primary endpoints?"": null, ""Primary endpoint"": ""OS"", ""PubMed ID"": ""31562796"", ""Secondary endpoint"": ""PFS; OS with nivolumab+chemotherapy VS chemotherapy alone in patients with PD-L1 <1%; and OS with nivolumab monotherapy VS chemotherapy in patients with a PD-L1 >=50%"", ""Total sample size"": 1739, ""Treatment regimen"": ""Nivolumab"", ""Trial name"": ""Checkmate 227"", ""Trial phase"": ""Phase 3"", ""Type of combination"": null, ""Type of control"": ""Chemo"", ""Type of follow-up given"": ""Minimum"", ""Type of therapy"": ""Monotherapy"", ""Year"": 2019, ""__rowid__"": 50}","NCT: NCT02477826 | PubMed ID: 31562796 | Trial name: Checkmate 227 | Author: Hellmann MD et al (1) | Year: 2019 | Trial phase: Phase 3 | Number of arms: 4 | Total sample size: 1739 | Originial publication or Follow-up: Follow-up | Cancer type: Non-Small Cell Lung | Treatment regimen: Nivolumab | Name of ICI: Nivolumab | Class of ICI: PD1 | Monotherapy/combination: Monotherapy | Type of combination: None | Control regimen: Chemotherapy | Type of control: Chemo | Lines of treatment: Only 1st line of treatment for metastatic disease | Clincal setting in relation to surgery: Metastatic+recurrent (unresectable) | Primary endpoint: OS | Priamry Multiple, composite, or co-primary endpoints?: None | Secondary endpoint: PFS; OS with nivolumab+chemotherapy VS chemotherapy alone in patients with PD-L1 <1%; and OS with nivolumab monotherapy VS chemotherapy in patients with a PD-L1 >=50% | Is PD-L1 positivity inclusion criteria: No | Is any other biomarker used for inclusion: Yes | Type of follow-up given: Minimum | Follow-up duration for primary endpoint(s) in months | Overall: 29.3 | Follow-up duration for primary endpoint(s) in months | Rx: None | Follow-up duration for primary endpoint(s) in months | Control: None | Type of therapy: Monotherapy | Control arm: Chemo | Clinical setting: Metastatic+recurrent (unresectable) | Included in MA: Yes"
row_108,108,"For Chemotherapy trials, bucket total sample size as small(<100), medium(100–299), or large(≥300).",Total sample size,"[""size_bucket""]",tabert,row_table,17,0.7996577620506287,0,74,NCT02576977,31327687,KEYNOTE-183,348,"{""Author"": ""Mateos MV et al"", ""Cancer type"": ""Multiple Myeloma"", ""Class of ICI"": ""PD1"", ""Clincal setting in relation to surgery"": null, ""Clinical setting"": null, ""Control arm"": ""Chemo"", ""Control regimen"": ""Pomalidomide+Dexamethasone"", ""Follow-up duration for primary endpoint(s) in months | Control"": null, ""Follow-up duration for primary endpoint(s) in months | Overall"": ""8.1"", ""Follow-up duration for primary endpoint(s) in months | Rx"": null, ""Included in MA"": ""No"", ""Is PD-L1 positivity inclusion criteria"": ""No"", ""Is any other biomarker used for inclusion"": ""No"", ""Lines of treatment"": ""Only 2nd or later line of treatment for metastatic disease"", ""Monotherapy/combination"": ""Combination"", ""NCT"": ""NCT02576977"", ""Name of ICI"": ""Pembrolizumab"", ""Number of arms"": 2, ""Originial publication or Follow-up"": ""Original publication"", ""Priamry Multiple, composite, or co-primary endpoints?"": ""Multiple"", ""Primary endpoint"": ""OS+PFS"", ""PubMed ID"": ""31327687"", ""Secondary endpoint"": ""Overall response; duration of response; disease control; safety and tolerability of both treatments; secondary PFS."", ""Total sample size"": 348, ""Treatment regimen"": ""Pembrolizumab+Pomalidomide+Dexamethasone"", ""Trial name"": ""KEYNOTE-183"", ""Trial phase"": ""Phase 3"", ""Type of combination"": ""ICI+Chemo"", ""Type of control"": ""Chemo"", ""Type of follow-up given"": ""Median"", ""Type of therapy"": ""Combination"", ""Year"": 2019, ""__rowid__"": 74}","NCT: NCT02576977 | PubMed ID: 31327687 | Trial name: KEYNOTE-183 | Author: Mateos MV et al | Year: 2019 | Trial phase: Phase 3 | Number of arms: 2 | Total sample size: 348 | Originial publication or Follow-up: Original publication | Cancer type: Multiple Myeloma | Treatment regimen: Pembrolizumab+Pomalidomide+Dexamethasone | Name of ICI: Pembrolizumab | Class of ICI: PD1 | Monotherapy/combination: Combination | Type of combination: ICI+Chemo | Control regimen: Pomalidomide+Dexamethasone | Type of control: Chemo | Lines of treatment: Only 2nd or later line of treatment for metastatic disease | Clincal setting in relation to surgery: None | Primary endpoint: OS+PFS | Priamry Multiple, composite, or co-primary endpoints?: Multiple | Secondary endpoint: Overall response; duration of response; disease control; safety and tolerability of both treatments; secondary PFS. | Is PD-L1 positivity inclusion criteria: No | Is any other biomarker used for inclusion: No | Type of follow-up given: Median | Follow-up duration for primary endpoint(s) in months | Overall: 8.1 | Follow-up duration for primary endpoint(s) in months | Rx: None | Follow-up duration for primary endpoint(s) in months | Control: None | Type of therapy: Combination | Control arm: Chemo | Clinical setting: None | Included in MA: No"
row_108,108,"For Chemotherapy trials, bucket total sample size as small(<100), medium(100–299), or large(≥300).",Total sample size,"[""size_bucket""]",tabert,row_table,18,0.7996431589126587,0,37,NCT02395172,30262187,JAVELIN Lung 200,758,"{""Author"": ""Barlesi F et al"", ""Cancer type"": ""Non-Small Cell Lung"", ""Class of ICI"": ""PD-L1"", ""Clincal setting in relation to surgery"": ""Metastatic+recurrent (unresectable)"", ""Clinical setting"": ""Metastatic+recurrent (unresectable)"", ""Control arm"": ""Chemo"", ""Control regimen"": ""Docetaxel"", ""Follow-up duration for primary endpoint(s) in months | Control"": ""17.8"", ""Follow-up duration for primary endpoint(s) in months | Overall"": ""18.3"", ""Follow-up duration for primary endpoint(s) in months | Rx"": ""18.9"", ""Included in MA"": ""Yes"", ""Is PD-L1 positivity inclusion criteria"": ""No"", ""Is any other biomarker used for inclusion"": ""No"", ""Lines of treatment"": ""Only 2nd or later line of treatment for metastatic disease"", ""Monotherapy/combination"": ""Monotherapy"", ""NCT"": ""NCT02395172"", ""Name of ICI"": ""Atezolizumab"", ""Number of arms"": 2, ""Originial publication or Follow-up"": ""Original publication"", ""Priamry Multiple, composite, or co-primary endpoints?"": null, ""Primary endpoint"": ""OS"", ""PubMed ID"": ""30262187"", ""Secondary endpoint"": ""PFS, ORR, , BOR, PRO, Safety"", ""Total sample size"": 758, ""Treatment regimen"": ""Atezolizumab"", ""Trial name"": ""JAVELIN Lung 200"", ""Trial phase"": ""Phase 3"", ""Type of combination"": null, ""Type of control"": ""Chemo"", ""Type of follow-up given"": ""Median"", ""Type of therapy"": ""Monotherapy"", ""Year"": 2018, ""__rowid__"": 37}","NCT: NCT02395172 | PubMed ID: 30262187 | Trial name: JAVELIN Lung 200 | Author: Barlesi F et al | Year: 2018 | Trial phase: Phase 3 | Number of arms: 2 | Total sample size: 758 | Originial publication or Follow-up: Original publication | Cancer type: Non-Small Cell Lung | Treatment regimen: Atezolizumab | Name of ICI: Atezolizumab | Class of ICI: PD-L1 | Monotherapy/combination: Monotherapy | Type of combination: None | Control regimen: Docetaxel | Type of control: Chemo | Lines of treatment: Only 2nd or later line of treatment for metastatic disease | Clincal setting in relation to surgery: Metastatic+recurrent (unresectable) | Primary endpoint: OS | Priamry Multiple, composite, or co-primary endpoints?: None | Secondary endpoint: PFS, ORR, , BOR, PRO, Safety | Is PD-L1 positivity inclusion criteria: No | Is any other biomarker used for inclusion: No | Type of follow-up given: Median | Follow-up duration for primary endpoint(s) in months | Overall: 18.3 | Follow-up duration for primary endpoint(s) in months | Rx: 18.9 | Follow-up duration for primary endpoint(s) in months | Control: 17.8 | Type of therapy: Monotherapy | Control arm: Chemo | Clinical setting: Metastatic+recurrent (unresectable) | Included in MA: Yes"
row_108,108,"For Chemotherapy trials, bucket total sample size as small(<100), medium(100–299), or large(≥300).",Total sample size,"[""size_bucket""]",tabert,row_table,19,0.7994333505630493,0,43,NCT02763579,30280641,IMPower 133,403,"{""Author"": ""Horn L et al"", ""Cancer type"": ""Small Cell Lung"", ""Class of ICI"": ""PD-L1"", ""Clincal setting in relation to surgery"": ""Metastatic+recurrent (unresectable)"", ""Clinical setting"": ""Metastatic+recurrent (unresectable)"", ""Control arm"": ""Placebo"", ""Control regimen"": ""Placebo"", ""Follow-up duration for primary endpoint(s) in months | Control"": null, ""Follow-up duration for primary endpoint(s) in months | Overall"": ""13.9"", ""Follow-up duration for primary endpoint(s) in months | Rx"": null, ""Included in MA"": ""Yes"", ""Is PD-L1 positivity inclusion criteria"": ""No"", ""Is any other biomarker used for inclusion"": ""No"", ""Lines of treatment"": ""Only 1st line of treatment for metastatic disease"", ""Monotherapy/combination"": ""Combination"", ""NCT"": ""NCT02763579"", ""Name of ICI"": ""Atezolizumab"", ""Number of arms"": 2, ""Originial publication or Follow-up"": ""Original publication"", ""Priamry Multiple, composite, or co-primary endpoints?"": ""Multiple"", ""Primary endpoint"": ""OS+PFS"", ""PubMed ID"": ""30280641"", ""Secondary endpoint"": ""ORR, DOR"", ""Total sample size"": 403, ""Treatment regimen"": ""Atezolizumab+Etoposide+Carboplatin"", ""Trial name"": ""IMPower 133"", ""Trial phase"": ""Phase 3"", ""Type of combination"": ""ICI+Chemo"", ""Type of control"": ""Placebo"", ""Type of follow-up given"": ""Median"", ""Type of therapy"": ""Combination"", ""Year"": 2018, ""__rowid__"": 43}","NCT: NCT02763579 | PubMed ID: 30280641 | Trial name: IMPower 133 | Author: Horn L et al | Year: 2018 | Trial phase: Phase 3 | Number of arms: 2 | Total sample size: 403 | Originial publication or Follow-up: Original publication | Cancer type: Small Cell Lung | Treatment regimen: Atezolizumab+Etoposide+Carboplatin | Name of ICI: Atezolizumab | Class of ICI: PD-L1 | Monotherapy/combination: Combination | Type of combination: ICI+Chemo | Control regimen: Placebo | Type of control: Placebo | Lines of treatment: Only 1st line of treatment for metastatic disease | Clincal setting in relation to surgery: Metastatic+recurrent (unresectable) | Primary endpoint: OS+PFS | Priamry Multiple, composite, or co-primary endpoints?: Multiple | Secondary endpoint: ORR, DOR | Is PD-L1 positivity inclusion criteria: No | Is any other biomarker used for inclusion: No | Type of follow-up given: Median | Follow-up duration for primary endpoint(s) in months | Overall: 13.9 | Follow-up duration for primary endpoint(s) in months | Rx: None | Follow-up duration for primary endpoint(s) in months | Control: None | Type of therapy: Combination | Control arm: Placebo | Clinical setting: Metastatic+recurrent (unresectable) | Included in MA: Yes"
row_108,108,"For Chemotherapy trials, bucket total sample size as small(<100), medium(100–299), or large(≥300).",Total sample size,"[""size_bucket""]",tabert,row_table,20,0.7991987466812134,0,90,NCT02352948,32201234,ARCTIC,595,"{""Author"": ""Planchard D et al (1)"", ""Cancer type"": ""Non-Small Cell Lung"", ""Class of ICI"": ""CTLA-4"", ""Clincal setting in relation to surgery"": ""Metastatic+recurrent (unresectable)"", ""Clinical setting"": ""Metastatic+recurrent (unresectable)"", ""Control arm"": ""Chemo/TKI"", ""Control regimen"": ""Erlotinib/gemcitabine/vinorelbine"", ""Follow-up duration for primary endpoint(s) in months | Control"": null, ""Follow-up duration for primary endpoint(s) in months | Overall"": ""9.1"", ""Follow-up duration for primary endpoint(s) in months | Rx"": null, ""Included in MA"": ""Yes"", ""Is PD-L1 positivity inclusion criteria"": ""No"", ""Is any other biomarker used for inclusion"": ""No"", ""Lines of treatment"": ""Only 2nd or later line of treatment for metastatic disease"", ""Monotherapy/combination"": ""Monotherapy"", ""NCT"": ""NCT02352948"", ""Name of ICI"": ""Tremelimumab"", ""Number of arms"": 4, ""Originial publication or Follow-up"": ""Original publication"", ""Priamry Multiple, composite, or co-primary endpoints?"": ""Multiple"", ""Primary endpoint"": ""OS+PFS"", ""PubMed ID"": ""32201234"", ""Secondary endpoint"": ""OS rate at 12 months; proportion of patients alive and progression-free at 6 and 12 months; ORR; DoR."", ""Total sample size"": 595, ""Treatment regimen"": ""Tremelimumab"", ""Trial name"": ""ARCTIC"", ""Trial phase"": ""Phase 3"", ""Type of combination"": null, ""Type of control"": ""Chemo/TKI"", ""Type of follow-up given"": ""Median"", ""Type of therapy"": ""Monotherapy"", ""Year"": 2020, ""__rowid__"": 90}","NCT: NCT02352948 | PubMed ID: 32201234 | Trial name: ARCTIC | Author: Planchard D et al (1) | Year: 2020 | Trial phase: Phase 3 | Number of arms: 4 | Total sample size: 595 | Originial publication or Follow-up: Original publication | Cancer type: Non-Small Cell Lung | Treatment regimen: Tremelimumab | Name of ICI: Tremelimumab | Class of ICI: CTLA-4 | Monotherapy/combination: Monotherapy | Type of combination: None | Control regimen: Erlotinib/gemcitabine/vinorelbine | Type of control: Chemo/TKI | Lines of treatment: Only 2nd or later line of treatment for metastatic disease | Clincal setting in relation to surgery: Metastatic+recurrent (unresectable) | Primary endpoint: OS+PFS | Priamry Multiple, composite, or co-primary endpoints?: Multiple | Secondary endpoint: OS rate at 12 months; proportion of patients alive and progression-free at 6 and 12 months; ORR; DoR. | Is PD-L1 positivity inclusion criteria: No | Is any other biomarker used for inclusion: No | Type of follow-up given: Median | Follow-up duration for primary endpoint(s) in months | Overall: 9.1 | Follow-up duration for primary endpoint(s) in months | Rx: None | Follow-up duration for primary endpoint(s) in months | Control: None | Type of therapy: Monotherapy | Control arm: Chemo/TKI | Clinical setting: Metastatic+recurrent (unresectable) | Included in MA: Yes"
